,date,avg_price,predictions,geography
7375,2020-01-06,0.92,0.99,Albany
7371,2020-01-06,0.89,1.06,Atlanta
7367,2020-01-06,1.13,1.12,Baltimore/Washington
7363,2020-01-06,1.09,1.15,Boise
7359,2020-01-06,1.18,1.11,Boston
7355,2020-01-06,1.15,1.08,Buffalo/Rochester
7351,2020-01-06,1.04,1.14,Charlotte
7378,2020-01-12,0.97,1.03,Albany
7374,2020-01-12,0.88,0.99,Atlanta
7370,2020-01-12,1.26,1.12,Baltimore/Washington
7366,2020-01-12,1.02,1.1,Boise
7362,2020-01-12,1.27,1.24,Boston
7358,2020-01-12,1.0,1.14,Buffalo/Rochester
7354,2020-01-12,1.11,1.06,Charlotte
7350,2020-01-12,1.36,1.24,Chicago
7377,2020-01-19,1.03,1.13,Albany
7373,2020-01-19,0.88,0.88,Atlanta
7369,2020-01-19,1.23,1.18,Baltimore/Washington
7365,2020-01-19,0.92,1.04,Boise
7361,2020-01-19,1.23,1.23,Boston
7357,2020-01-19,1.01,1.1,Buffalo/Rochester
7353,2020-01-19,0.95,1.09,Charlotte
7349,2020-01-19,1.21,1.24,Chicago
7376,2020-01-26,1.11,1.21,Albany
7372,2020-01-26,0.93,0.89,Atlanta
7368,2020-01-26,1.2,1.26,Baltimore/Washington
7364,2020-01-26,1.05,1.15,Boise
7360,2020-01-26,1.2,1.25,Boston
7356,2020-01-26,0.97,1.14,Buffalo/Rochester
7352,2020-01-26,1.11,1.14,Charlotte
7348,2020-01-26,1.2,1.31,Chicago
7565,2020-02-02,0.95,1.24,Albany
7561,2020-02-02,0.88,0.93,Atlanta
7557,2020-02-02,1.13,1.27,Baltimore/Washington
7553,2020-02-02,0.92,1.11,Boise
7549,2020-02-02,1.19,1.3,Boston
7545,2020-02-02,0.97,1.18,Buffalo/Rochester
7541,2020-02-02,0.82,1.15,Charlotte
7537,2020-02-02,0.73,1.38,Chicago
7533,2020-02-02,0.75,0.99,Cincinnati/Dayton
7529,2020-02-02,0.66,0.97,Columbus
7525,2020-02-02,0.62,0.71,Dallas/Ft. Worth
7521,2020-02-02,0.93,0.99,Denver
7517,2020-02-02,0.68,0.88,Detroit
7513,2020-02-02,0.78,1.35,Grand Rapids
7509,2020-02-02,0.72,1.06,Great Lakes
7505,2020-02-02,1.01,1.04,Harrisburg/Scranton
7501,2020-02-02,1.22,1.36,Hartford/Springfield
7497,2020-02-02,0.63,0.72,Houston
7493,2020-02-02,0.69,0.88,Indianapolis
7489,2020-02-02,0.88,1.08,Jacksonville
7485,2020-02-02,0.94,0.94,Las Vegas
7481,2020-02-02,0.79,0.99,Los Angeles
7477,2020-02-02,0.83,0.97,Louisville
7473,2020-02-02,0.9,1.11,Miami/Ft. Lauderdale
7469,2020-02-02,0.78,0.89,Nashville
7465,2020-02-02,0.6,0.94,New Orleans/Mobile
7461,2020-02-02,1.27,1.24,New York
7457,2020-02-02,0.93,1.24,Northern New England
7453,2020-02-02,0.88,1.09,Orlando
7449,2020-02-02,1.14,1.26,Philadelphia
7445,2020-02-02,0.74,0.66,Phoenix/Tucson
7441,2020-02-02,0.96,1.11,Pittsburgh
7437,2020-02-02,0.87,1.03,Portland
7433,2020-02-02,0.77,1.12,Raleigh/Greensboro
7429,2020-02-02,0.74,1.01,Richmond/Norfolk
7425,2020-02-02,0.75,0.92,Roanoke
7421,2020-02-02,0.98,1.25,Sacramento
7417,2020-02-02,0.77,1.04,San Diego
7413,2020-02-02,0.99,1.35,San Francisco
7409,2020-02-02,1.12,1.34,Seattle
7405,2020-02-02,0.85,1.13,South Carolina
7401,2020-02-02,0.66,0.74,South Central
7397,2020-02-02,0.98,1.09,Spokane
7393,2020-02-02,0.86,1.17,St. Louis
7389,2020-02-02,0.95,1.2,Syracuse
7385,2020-02-02,0.88,1.11,Tampa
7381,2020-02-02,0.79,0.77,West Tex/New Mexico
7563,2020-02-09,1.14,1.1,Albany
7559,2020-02-09,0.95,1.09,Atlanta
7555,2020-02-09,1.08,1.23,Baltimore/Washington
7551,2020-02-09,0.97,1.26,Boise
7547,2020-02-09,1.24,1.23,Boston
7543,2020-02-09,1.01,1.13,Buffalo/Rochester
7539,2020-02-09,1.03,1.21,Charlotte
7535,2020-02-09,0.98,1.13,Chicago
7531,2020-02-09,0.8,0.97,Cincinnati/Dayton
7527,2020-02-09,0.75,0.82,Columbus
7523,2020-02-09,0.68,0.87,Dallas/Ft. Worth
7519,2020-02-09,0.94,1.04,Denver
7515,2020-02-09,0.88,1.19,Detroit
7511,2020-02-09,1.35,1.19,Grand Rapids
7507,2020-02-09,0.9,1.06,Great Lakes
7503,2020-02-09,0.96,1.22,Harrisburg/Scranton
7499,2020-02-09,1.42,1.06,Hartford/Springfield
7495,2020-02-09,0.62,0.81,Houston
7491,2020-02-09,0.76,1.01,Indianapolis
7487,2020-02-09,1.01,1.02,Jacksonville
7483,2020-02-09,0.88,1.09,Las Vegas
7479,2020-02-09,1.04,1.02,Los Angeles
7475,2020-02-09,0.93,1.04,Louisville
7471,2020-02-09,1.04,1.03,Miami/Ft. Lauderdale
7467,2020-02-09,0.86,0.92,Nashville
7463,2020-02-09,0.86,1.12,New Orleans/Mobile
7459,2020-02-09,1.3,1.3,New York
7455,2020-02-09,1.04,1.15,Northern New England
7451,2020-02-09,0.98,1.16,Orlando
7447,2020-02-09,1.03,0.98,Philadelphia
7443,2020-02-09,0.76,0.93,Phoenix/Tucson
7439,2020-02-09,1.25,1.16,Pittsburgh
7435,2020-02-09,1.06,1.12,Portland
7431,2020-02-09,1.01,1.04,Raleigh/Greensboro
7427,2020-02-09,0.89,0.97,Richmond/Norfolk
7423,2020-02-09,0.87,1.04,Roanoke
7419,2020-02-09,1.32,1.23,Sacramento
7415,2020-02-09,1.03,1.07,San Diego
7411,2020-02-09,1.33,1.36,San Francisco
7407,2020-02-09,1.31,1.24,Seattle
7403,2020-02-09,0.99,0.92,South Carolina
7399,2020-02-09,0.71,0.93,South Central
7395,2020-02-09,1.12,1.23,Spokane
7391,2020-02-09,1.04,1.15,St. Louis
7387,2020-02-09,1.07,1.1,Syracuse
7383,2020-02-09,0.97,0.98,Tampa
7379,2020-02-09,0.77,0.89,West Tex/New Mexico
7566,2020-02-16,1.17,1.01,Albany
7562,2020-02-16,0.92,0.98,Atlanta
7558,2020-02-16,1.32,1.1,Baltimore/Washington
7554,2020-02-16,1.09,1.11,Boise
7550,2020-02-16,1.35,1.22,Boston
7546,2020-02-16,1.17,1.13,Buffalo/Rochester
7542,2020-02-16,1.09,1.05,Charlotte
7538,2020-02-16,1.2,1.06,Chicago
7534,2020-02-16,1.01,0.95,Cincinnati/Dayton
7530,2020-02-16,0.98,0.84,Columbus
7526,2020-02-16,0.73,0.73,Dallas/Ft. Worth
7522,2020-02-16,1.13,0.85,Denver
7518,2020-02-16,1.06,0.84,Detroit
7514,2020-02-16,1.42,1.11,Grand Rapids
7510,2020-02-16,1.08,0.96,Great Lakes
7506,2020-02-16,1.03,1.0,Harrisburg/Scranton
7502,2020-02-16,1.43,1.29,Hartford/Springfield
7498,2020-02-16,0.7,0.9,Houston
7494,2020-02-16,0.98,0.75,Indianapolis
7490,2020-02-16,1.0,0.99,Jacksonville
7486,2020-02-16,0.96,1.01,Las Vegas
7482,2020-02-16,1.14,0.96,Los Angeles
7478,2020-02-16,0.97,0.93,Louisville
7474,2020-02-16,1.01,1.0,Miami/Ft. Lauderdale
7470,2020-02-16,0.85,0.94,Nashville
7466,2020-02-16,0.85,0.81,New Orleans/Mobile
7462,2020-02-16,1.42,1.18,New York
7458,2020-02-16,1.26,1.19,Northern New England
7454,2020-02-16,0.99,1.04,Orlando
7450,2020-02-16,1.22,1.19,Philadelphia
7446,2020-02-16,0.7,0.87,Phoenix/Tucson
7442,2020-02-16,1.25,0.92,Pittsburgh
7438,2020-02-16,1.21,1.01,Portland
7434,2020-02-16,1.07,1.02,Raleigh/Greensboro
7430,2020-02-16,0.91,0.97,Richmond/Norfolk
7426,2020-02-16,0.92,0.87,Roanoke
7422,2020-02-16,1.13,1.07,Sacramento
7418,2020-02-16,1.17,1.01,San Diego
7414,2020-02-16,1.01,1.1,San Francisco
7410,2020-02-16,1.44,1.23,Seattle
7406,2020-02-16,1.0,1.14,South Carolina
7402,2020-02-16,0.76,0.83,South Central
7398,2020-02-16,1.23,0.92,Spokane
7394,2020-02-16,1.22,1.06,St. Louis
7390,2020-02-16,1.17,1.11,Syracuse
7386,2020-02-16,0.91,1.09,Tampa
7382,2020-02-16,0.84,0.87,West Tex/New Mexico
7564,2020-02-23,1.27,1.32,Albany
7560,2020-02-23,0.92,0.82,Atlanta
7556,2020-02-23,1.31,1.23,Baltimore/Washington
7552,2020-02-23,1.0,1.06,Boise
7548,2020-02-23,1.31,1.31,Boston
7544,2020-02-23,1.14,1.09,Buffalo/Rochester
7540,2020-02-23,1.1,1.1,Charlotte
7536,2020-02-23,1.33,1.3,Chicago
7532,2020-02-23,1.03,0.78,Cincinnati/Dayton
7528,2020-02-23,0.95,0.9,Columbus
7524,2020-02-23,0.74,0.61,Dallas/Ft. Worth
7520,2020-02-23,1.1,0.96,Denver
7516,2020-02-23,0.86,0.78,Detroit
7512,2020-02-23,1.41,1.49,Grand Rapids
7508,2020-02-23,1.04,0.94,Great Lakes
7504,2020-02-23,1.11,0.98,Harrisburg/Scranton
7500,2020-02-23,1.42,1.59,Hartford/Springfield
7496,2020-02-23,0.7,0.55,Houston
7492,2020-02-23,0.86,0.82,Indianapolis
7488,2020-02-23,1.02,1.08,Jacksonville
7484,2020-02-23,0.85,0.95,Las Vegas
7480,2020-02-23,0.98,1.07,Los Angeles
7476,2020-02-23,0.91,0.96,Louisville
7472,2020-02-23,1.05,1.15,Miami/Ft. Lauderdale
7468,2020-02-23,0.84,0.84,Nashville
7464,2020-02-23,0.94,0.86,New Orleans/Mobile
7460,2020-02-23,1.29,1.28,New York
7456,2020-02-23,1.19,1.22,Northern New England
7452,2020-02-23,1.01,1.0,Orlando
7448,2020-02-23,1.18,1.32,Philadelphia
7444,2020-02-23,0.67,0.58,Phoenix/Tucson
7440,2020-02-23,1.26,1.09,Pittsburgh
7436,2020-02-23,1.02,1.03,Portland
7432,2020-02-23,1.08,1.11,Raleigh/Greensboro
7428,2020-02-23,0.89,0.97,Richmond/Norfolk
7424,2020-02-23,0.91,0.87,Roanoke
7420,2020-02-23,1.31,1.37,Sacramento
7416,2020-02-23,0.94,0.99,San Diego
7412,2020-02-23,1.49,1.36,San Francisco
7408,2020-02-23,1.31,1.34,Seattle
7404,2020-02-23,1.0,1.21,South Carolina
7400,2020-02-23,0.78,0.62,South Central
7396,2020-02-23,1.14,1.08,Spokane
7392,2020-02-23,1.25,1.06,St. Louis
7388,2020-02-23,1.21,1.2,Syracuse
7384,2020-02-23,0.97,1.16,Tampa
7380,2020-02-23,0.85,0.63,West Tex/New Mexico
7801,2020-03-01,1.24,1.01,Albany
7796,2020-03-01,1.04,1.15,Atlanta
7791,2020-03-01,1.26,1.16,Baltimore/Washington
7786,2020-03-01,1.12,1.32,Boise
7781,2020-03-01,1.4,1.29,Boston
7776,2020-03-01,1.22,1.25,Buffalo/Rochester
7771,2020-03-01,0.97,1.17,Charlotte
7766,2020-03-01,1.38,1.29,Chicago
7761,2020-03-01,0.92,1.23,Cincinnati/Dayton
7756,2020-03-01,0.87,0.99,Columbus
7751,2020-03-01,0.8,0.86,Dallas/Ft. Worth
7746,2020-03-01,0.97,0.9,Denver
7741,2020-03-01,1.0,1.11,Detroit
7736,2020-03-01,1.72,1.2,Grand Rapids
7731,2020-03-01,1.08,1.2,Great Lakes
7726,2020-03-01,1.18,1.08,Harrisburg/Scranton
7721,2020-03-01,1.48,1.26,Hartford/Springfield
7716,2020-03-01,0.7,1.09,Houston
7711,2020-03-01,0.95,0.9,Indianapolis
7706,2020-03-01,1.21,1.02,Jacksonville
7701,2020-03-01,1.12,1.04,Las Vegas
7696,2020-03-01,1.19,1.06,Los Angeles
7691,2020-03-01,1.06,1.04,Louisville
7686,2020-03-01,1.21,1.04,Miami/Ft. Lauderdale
7681,2020-03-01,0.92,1.06,Nashville
7676,2020-03-01,0.93,0.97,New Orleans/Mobile
7671,2020-03-01,1.53,1.17,New York
7666,2020-03-01,1.32,1.32,Northern New England
7661,2020-03-01,1.17,1.16,Orlando
7656,2020-03-01,1.36,1.16,Philadelphia
7651,2020-03-01,0.86,1.03,Phoenix/Tucson
7646,2020-03-01,1.29,0.98,Pittsburgh
7641,2020-03-01,1.11,1.16,Portland
7636,2020-03-01,0.97,1.1,Raleigh/Greensboro
7631,2020-03-01,0.93,1.03,Richmond/Norfolk
7626,2020-03-01,0.97,0.97,Roanoke
7621,2020-03-01,1.43,1.18,Sacramento
7616,2020-03-01,1.17,1.2,San Diego
7611,2020-03-01,1.49,1.29,San Francisco
7606,2020-03-01,1.43,1.44,Seattle
7601,2020-03-01,1.03,1.21,South Carolina
7596,2020-03-01,0.81,0.94,South Central
7591,2020-03-01,1.19,1.06,Spokane
7586,2020-03-01,1.17,1.22,St. Louis
7581,2020-03-01,1.23,1.19,Syracuse
7576,2020-03-01,1.08,1.16,Tampa
7571,2020-03-01,0.92,1.01,West Tex/New Mexico
7797,2020-03-08,1.03,1.12,Albany
7792,2020-03-08,1.06,1.09,Atlanta
7787,2020-03-08,1.42,1.19,Baltimore/Washington
7782,2020-03-08,1.12,1.24,Boise
7777,2020-03-08,1.35,1.21,Boston
7772,2020-03-08,1.2,1.1,Buffalo/Rochester
7767,2020-03-08,1.18,1.23,Charlotte
7762,2020-03-08,1.33,1.04,Chicago
7757,2020-03-08,0.99,0.87,Cincinnati/Dayton
7752,2020-03-08,0.92,0.81,Columbus
7747,2020-03-08,0.88,0.85,Dallas/Ft. Worth
7742,2020-03-08,1.0,1.0,Denver
7737,2020-03-08,1.05,1.26,Detroit
7732,2020-03-08,1.24,1.14,Grand Rapids
7727,2020-03-08,1.07,1.09,Great Lakes
7722,2020-03-08,1.1,1.24,Harrisburg/Scranton
7717,2020-03-08,1.46,1.03,Hartford/Springfield
7712,2020-03-08,0.8,0.81,Houston
7707,2020-03-08,1.08,1.06,Indianapolis
7702,2020-03-08,1.26,1.06,Jacksonville
7697,2020-03-08,1.1,1.04,Las Vegas
7692,2020-03-08,1.27,1.03,Los Angeles
7687,2020-03-08,0.98,1.08,Louisville
7682,2020-03-08,1.26,1.03,Miami/Ft. Lauderdale
7677,2020-03-08,0.96,0.92,Nashville
7672,2020-03-08,1.0,1.17,New Orleans/Mobile
7667,2020-03-08,1.54,1.3,New York
7662,2020-03-08,1.19,1.17,Northern New England
7657,2020-03-08,1.05,1.19,Orlando
7652,2020-03-08,1.32,1.01,Philadelphia
7647,2020-03-08,0.89,0.95,Phoenix/Tucson
7642,2020-03-08,1.03,1.07,Pittsburgh
7637,2020-03-08,1.35,1.06,Portland
7632,2020-03-08,1.14,1.04,Raleigh/Greensboro
7627,2020-03-08,0.98,0.98,Richmond/Norfolk
7622,2020-03-08,0.96,1.14,Roanoke
7617,2020-03-08,1.35,1.16,Sacramento
7612,2020-03-08,1.35,1.22,San Diego
7607,2020-03-08,1.27,1.3,San Francisco
7602,2020-03-08,1.74,1.18,Seattle
7597,2020-03-08,1.11,0.9,South Carolina
7592,2020-03-08,0.89,0.96,South Central
7587,2020-03-08,1.45,1.16,Spokane
7582,2020-03-08,1.18,1.16,St. Louis
7577,2020-03-08,1.15,1.13,Syracuse
7572,2020-03-08,1.13,0.99,Tampa
7567,2020-03-08,0.97,0.96,West Tex/New Mexico
7800,2020-03-15,1.22,1.11,Albany
7795,2020-03-15,1.04,1.04,Atlanta
7790,2020-03-15,1.46,1.19,Baltimore/Washington
7785,2020-03-15,1.38,1.19,Boise
7780,2020-03-15,1.49,1.32,Boston
7775,2020-03-15,1.2,1.22,Buffalo/Rochester
7770,2020-03-15,1.17,1.18,Charlotte
7765,2020-03-15,1.51,1.33,Chicago
7760,2020-03-15,1.33,1.1,Cincinnati/Dayton
7755,2020-03-15,1.21,0.99,Columbus
7750,2020-03-15,0.9,0.82,Dallas/Ft. Worth
7745,2020-03-15,1.13,0.93,Denver
7740,2020-03-15,1.29,1.0,Detroit
7735,2020-03-15,1.58,1.34,Grand Rapids
7730,2020-03-15,1.28,1.12,Great Lakes
7725,2020-03-15,1.11,1.05,Harrisburg/Scranton
7720,2020-03-15,1.49,1.38,Hartford/Springfield
7715,2020-03-15,0.82,0.97,Houston
7710,2020-03-15,1.19,0.87,Indianapolis
7705,2020-03-15,1.08,1.06,Jacksonville
7700,2020-03-15,0.98,1.02,Las Vegas
7695,2020-03-15,1.24,1.06,Los Angeles
7690,2020-03-15,1.04,1.04,Louisville
7685,2020-03-15,1.09,1.07,Miami/Ft. Lauderdale
7680,2020-03-15,0.96,0.99,Nashville
7675,2020-03-15,1.0,0.93,New Orleans/Mobile
7670,2020-03-15,1.52,1.24,New York
7665,2020-03-15,1.28,1.3,Northern New England
7660,2020-03-15,1.06,1.11,Orlando
7655,2020-03-15,1.22,1.26,Philadelphia
7650,2020-03-15,0.87,0.88,Phoenix/Tucson
7645,2020-03-15,1.35,1.04,Pittsburgh
7640,2020-03-15,1.36,1.13,Portland
7635,2020-03-15,1.11,1.14,Raleigh/Greensboro
7630,2020-03-15,0.89,1.05,Richmond/Norfolk
7625,2020-03-15,0.92,0.97,Roanoke
7620,2020-03-15,1.5,1.21,Sacramento
7615,2020-03-15,1.19,1.18,San Diego
7610,2020-03-15,1.63,1.31,San Francisco
7605,2020-03-15,1.76,1.4,Seattle
7600,2020-03-15,1.08,1.21,South Carolina
7595,2020-03-15,0.91,0.88,South Central
7590,2020-03-15,1.49,1.05,Spokane
7585,2020-03-15,1.26,1.16,St. Louis
7580,2020-03-15,1.23,1.2,Syracuse
7575,2020-03-15,1.04,1.16,Tampa
7570,2020-03-15,0.95,0.92,West Tex/New Mexico
7799,2020-03-22,1.29,1.13,Albany
7794,2020-03-22,1.02,0.91,Atlanta
7789,2020-03-22,1.41,1.22,Baltimore/Washington
7784,2020-03-22,1.17,1.16,Boise
7779,2020-03-22,1.52,1.29,Boston
7774,2020-03-22,1.23,1.15,Buffalo/Rochester
7769,2020-03-22,1.24,1.15,Charlotte
7764,2020-03-22,1.49,1.32,Chicago
7759,2020-03-22,1.12,0.79,Cincinnati/Dayton
7754,2020-03-22,1.07,0.88,Columbus
7749,2020-03-22,0.89,0.71,Dallas/Ft. Worth
7744,2020-03-22,1.18,0.96,Denver
7739,2020-03-22,1.13,0.82,Detroit
7734,2020-03-22,1.55,1.21,Grand Rapids
7729,2020-03-22,1.2,0.97,Great Lakes
7724,2020-03-22,1.13,1.01,Harrisburg/Scranton
7719,2020-03-22,1.5,1.33,Hartford/Springfield
7714,2020-03-22,0.86,0.7,Houston
7709,2020-03-22,1.06,0.83,Indianapolis
7704,2020-03-22,1.11,1.09,Jacksonville
7699,2020-03-22,1.03,0.92,Las Vegas
7694,2020-03-22,1.3,1.05,Los Angeles
7689,2020-03-22,1.09,0.86,Louisville
7684,2020-03-22,1.11,1.12,Miami/Ft. Lauderdale
7679,2020-03-22,0.97,0.85,Nashville
7674,2020-03-22,0.97,0.9,New Orleans/Mobile
7669,2020-03-22,1.57,1.28,New York
7664,2020-03-22,1.3,1.14,Northern New England
7659,2020-03-22,1.08,1.09,Orlando
7654,2020-03-22,1.36,1.25,Philadelphia
7649,2020-03-22,0.83,0.67,Phoenix/Tucson
7644,2020-03-22,1.35,1.0,Pittsburgh
7639,2020-03-22,1.24,1.06,Portland
7634,2020-03-22,1.17,1.08,Raleigh/Greensboro
7629,2020-03-22,0.99,0.97,Richmond/Norfolk
7624,2020-03-22,1.02,0.88,Roanoke
7619,2020-03-22,1.51,1.23,Sacramento
7614,2020-03-22,1.32,1.11,San Diego
7609,2020-03-22,1.67,1.29,San Francisco
7604,2020-03-22,1.67,1.37,Seattle
7599,2020-03-22,1.11,1.12,South Carolina
7594,2020-03-22,0.92,0.72,South Central
7589,2020-03-22,1.39,1.12,Spokane
7584,2020-03-22,1.17,1.1,St. Louis
7579,2020-03-22,1.3,1.15,Syracuse
7574,2020-03-22,1.07,1.12,Tampa
7569,2020-03-22,0.98,0.76,West Tex/New Mexico
7798,2020-03-29,1.08,1.31,Albany
7793,2020-03-29,1.08,0.89,Atlanta
7788,2020-03-29,1.4,1.36,Baltimore/Washington
7783,2020-03-29,1.39,1.11,Boise
7778,2020-03-29,1.49,1.38,Boston
7773,2020-03-29,1.25,1.18,Buffalo/Rochester
7768,2020-03-29,1.28,1.17,Charlotte
7763,2020-03-29,1.46,1.41,Chicago
7758,2020-03-29,0.84,0.9,Cincinnati/Dayton
7753,2020-03-29,0.95,0.99,Columbus
7748,2020-03-29,0.93,0.68,Dallas/Ft. Worth
7743,2020-03-29,1.26,1.01,Denver
7738,2020-03-29,0.97,0.89,Detroit
7733,2020-03-29,1.17,1.5,Grand Rapids
7728,2020-03-29,1.07,1.0,Great Lakes
7723,2020-03-29,1.15,1.05,Harrisburg/Scranton
7718,2020-03-29,1.5,1.6,Hartford/Springfield
7713,2020-03-29,0.9,0.65,Houston
7708,2020-03-29,0.95,0.94,Indianapolis
7703,2020-03-29,1.29,1.18,Jacksonville
7698,2020-03-29,1.03,1.03,Las Vegas
7693,2020-03-29,1.34,1.06,Los Angeles
7688,2020-03-29,0.84,1.03,Louisville
7683,2020-03-29,1.29,1.24,Miami/Ft. Lauderdale
7678,2020-03-29,0.99,0.93,Nashville
7673,2020-03-29,1.01,0.91,New Orleans/Mobile
7668,2020-03-29,1.58,1.38,New York
7663,2020-03-29,1.1,1.31,Northern New England
7658,2020-03-29,1.19,1.06,Orlando
7653,2020-03-29,1.38,1.41,Philadelphia
7648,2020-03-29,0.91,0.65,Phoenix/Tucson
7643,2020-03-29,1.04,1.07,Pittsburgh
7638,2020-03-29,1.4,1.18,Portland
7633,2020-03-29,1.19,1.18,Raleigh/Greensboro
7628,2020-03-29,1.03,1.03,Richmond/Norfolk
7623,2020-03-29,1.0,0.93,Roanoke
7618,2020-03-29,1.51,1.35,Sacramento
7613,2020-03-29,1.36,1.08,San Diego
7608,2020-03-29,1.55,1.3,San Francisco
7603,2020-03-29,1.72,1.53,Seattle
7598,2020-03-29,1.17,1.26,South Carolina
7593,2020-03-29,0.95,0.68,South Central
7588,2020-03-29,1.5,1.22,Spokane
7583,2020-03-29,1.21,1.13,St. Louis
7578,2020-03-29,1.21,1.25,Syracuse
7573,2020-03-29,1.21,1.24,Tampa
7568,2020-03-29,0.97,0.73,West Tex/New Mexico
7986,2020-04-05,1.2,1.16,Albany
7982,2020-04-05,1.07,1.11,Atlanta
7978,2020-04-05,1.2,1.29,Baltimore/Washington
7974,2020-04-05,1.26,1.29,Boise
7970,2020-04-05,1.52,1.23,Boston
7966,2020-04-05,1.19,1.19,Buffalo/Rochester
7962,2020-04-05,1.27,1.37,Charlotte
7958,2020-04-05,1.5,1.15,Chicago
7954,2020-04-05,0.83,0.97,Cincinnati/Dayton
7950,2020-04-05,0.95,0.88,Columbus
7946,2020-04-05,0.9,0.92,Dallas/Ft. Worth
7942,2020-04-05,1.09,1.11,Denver
7938,2020-04-05,1.03,1.27,Detroit
7934,2020-04-05,1.27,1.22,Grand Rapids
7930,2020-04-05,1.08,1.09,Great Lakes
7926,2020-04-05,1.14,1.25,Harrisburg/Scranton
7922,2020-04-05,1.51,1.1,Hartford/Springfield
7918,2020-04-05,0.86,0.87,Houston
7914,2020-04-05,0.94,1.1,Indianapolis
7910,2020-04-05,1.26,1.1,Jacksonville
7906,2020-04-05,1.04,1.17,Las Vegas
7902,2020-04-05,1.29,1.07,Los Angeles
7898,2020-04-05,0.9,1.13,Louisville
7894,2020-04-05,1.29,1.07,Miami/Ft. Lauderdale
7890,2020-04-05,0.97,0.99,Nashville
7886,2020-04-05,0.99,1.18,New Orleans/Mobile
7882,2020-04-05,1.57,1.32,New York
7878,2020-04-05,1.3,1.22,Northern New England
7874,2020-04-05,1.19,1.2,Orlando
7870,2020-04-05,1.33,1.06,Philadelphia
7866,2020-04-05,0.93,1.0,Phoenix/Tucson
7862,2020-04-05,1.33,1.19,Pittsburgh
7858,2020-04-05,1.28,1.14,Portland
7854,2020-04-05,1.14,1.07,Raleigh/Greensboro
7850,2020-04-05,1.01,1.01,Richmond/Norfolk
7846,2020-04-05,0.98,1.18,Roanoke
7842,2020-04-05,1.4,1.31,Sacramento
7838,2020-04-05,1.33,1.35,San Diego
7834,2020-04-05,1.34,1.45,San Francisco
7830,2020-04-05,1.6,1.26,Seattle
7826,2020-04-05,1.16,0.98,South Carolina
7822,2020-04-05,0.91,1.06,South Central
7818,2020-04-05,1.31,1.23,Spokane
7814,2020-04-05,1.27,1.17,St. Louis
7810,2020-04-05,1.2,1.2,Syracuse
7806,2020-04-05,1.19,1.03,Tampa
7802,2020-04-05,0.94,0.98,West Tex/New Mexico
7989,2020-04-12,1.22,1.17,Albany
7985,2020-04-12,1.08,1.08,Atlanta
7981,2020-04-12,1.34,1.21,Baltimore/Washington
7977,2020-04-12,1.31,1.32,Boise
7973,2020-04-12,1.46,1.35,Boston
7969,2020-04-12,1.14,1.2,Buffalo/Rochester
7965,2020-04-12,1.26,1.2,Charlotte
7961,2020-04-12,1.67,1.43,Chicago
7957,2020-04-12,1.08,1.12,Cincinnati/Dayton
7953,2020-04-12,1.08,1.0,Columbus
7949,2020-04-12,0.9,0.81,Dallas/Ft. Worth
7945,2020-04-12,1.15,0.97,Denver
7941,2020-04-12,1.22,1.03,Detroit
7937,2020-04-12,1.67,1.36,Grand Rapids
7933,2020-04-12,1.25,1.15,Great Lakes
7929,2020-04-12,1.13,1.1,Harrisburg/Scranton
7925,2020-04-12,1.49,1.41,Hartford/Springfield
7921,2020-04-12,0.86,0.94,Houston
7917,2020-04-12,1.01,0.93,Indianapolis
7913,2020-04-12,1.3,1.15,Jacksonville
7909,2020-04-12,1.14,1.03,Las Vegas
7905,2020-04-12,1.33,1.12,Los Angeles
7901,2020-04-12,1.04,1.06,Louisville
7897,2020-04-12,1.31,1.19,Miami/Ft. Lauderdale
7893,2020-04-12,0.99,1.01,Nashville
7889,2020-04-12,1.02,0.97,New Orleans/Mobile
7885,2020-04-12,1.56,1.28,New York
7881,2020-04-12,1.29,1.32,Northern New England
7877,2020-04-12,1.2,1.19,Orlando
7873,2020-04-12,1.34,1.28,Philadelphia
7869,2020-04-12,0.98,0.91,Phoenix/Tucson
7865,2020-04-12,1.32,0.97,Pittsburgh
7861,2020-04-12,1.38,1.16,Portland
7857,2020-04-12,1.18,1.16,Raleigh/Greensboro
7853,2020-04-12,1.02,1.08,Richmond/Norfolk
7849,2020-04-12,1.02,0.99,Roanoke
7845,2020-04-12,1.43,1.21,Sacramento
7841,2020-04-12,1.37,1.18,San Diego
7837,2020-04-12,1.65,1.23,San Francisco
7833,2020-04-12,1.66,1.44,Seattle
7829,2020-04-12,1.17,1.25,South Carolina
7825,2020-04-12,0.92,0.87,South Central
7821,2020-04-12,1.43,1.14,Spokane
7817,2020-04-12,1.25,1.2,St. Louis
7813,2020-04-12,1.18,1.21,Syracuse
7809,2020-04-12,1.2,1.22,Tampa
7805,2020-04-12,0.95,0.88,West Tex/New Mexico
7988,2020-04-19,1.38,1.16,Albany
7984,2020-04-19,1.07,0.99,Atlanta
7980,2020-04-19,1.4,1.27,Baltimore/Washington
7976,2020-04-19,1.46,1.22,Boise
7972,2020-04-19,1.48,1.32,Boston
7968,2020-04-19,1.15,1.18,Buffalo/Rochester
7964,2020-04-19,1.22,1.16,Charlotte
7960,2020-04-19,1.66,1.43,Chicago
7956,2020-04-19,1.24,1.07,Cincinnati/Dayton
7952,2020-04-19,1.15,1.04,Columbus
7948,2020-04-19,0.82,0.78,Dallas/Ft. Worth
7944,2020-04-19,1.15,1.03,Denver
7940,2020-04-19,1.18,0.98,Detroit
7936,2020-04-19,1.6,1.41,Grand Rapids
7932,2020-04-19,1.27,1.12,Great Lakes
7928,2020-04-19,1.2,1.06,Harrisburg/Scranton
7924,2020-04-19,1.53,1.33,Hartford/Springfield
7920,2020-04-19,0.8,0.79,Houston
7916,2020-04-19,1.12,0.98,Indianapolis
7912,2020-04-19,1.26,1.17,Jacksonville
7908,2020-04-19,1.01,0.95,Las Vegas
7904,2020-04-19,1.24,1.09,Los Angeles
7900,2020-04-19,1.08,1.01,Louisville
7896,2020-04-19,1.26,1.17,Miami/Ft. Lauderdale
7892,2020-04-19,0.99,0.95,Nashville
7888,2020-04-19,0.93,0.97,New Orleans/Mobile
7884,2020-04-19,1.55,1.23,New York
7880,2020-04-19,1.35,1.24,Northern New England
7876,2020-04-19,1.17,1.15,Orlando
7872,2020-04-19,1.36,1.24,Philadelphia
7868,2020-04-19,0.89,0.7,Phoenix/Tucson
7864,2020-04-19,0.91,1.12,Pittsburgh
7860,2020-04-19,1.26,1.12,Portland
7856,2020-04-19,1.14,1.13,Raleigh/Greensboro
7852,2020-04-19,1.04,1.04,Richmond/Norfolk
7848,2020-04-19,1.01,0.95,Roanoke
7844,2020-04-19,1.36,1.29,Sacramento
7840,2020-04-19,1.16,1.14,San Diego
7836,2020-04-19,1.24,1.37,San Francisco
7832,2020-04-19,1.6,1.34,Seattle
7828,2020-04-19,1.16,1.16,South Carolina
7824,2020-04-19,0.85,0.79,South Central
7820,2020-04-19,1.44,1.13,Spokane
7816,2020-04-19,1.2,1.11,St. Louis
7812,2020-04-19,1.25,1.18,Syracuse
7808,2020-04-19,1.18,1.17,Tampa
7804,2020-04-19,0.84,0.81,West Tex/New Mexico
7987,2020-04-26,1.05,1.34,Albany
7983,2020-04-26,1.09,0.9,Atlanta
7979,2020-04-26,1.41,1.26,Baltimore/Washington
7975,2020-04-26,1.41,1.22,Boise
7971,2020-04-26,1.42,1.42,Boston
7967,2020-04-26,1.18,1.15,Buffalo/Rochester
7963,2020-04-26,1.19,1.18,Charlotte
7959,2020-04-26,1.61,1.51,Chicago
7955,2020-04-26,1.27,0.88,Cincinnati/Dayton
7951,2020-04-26,1.18,0.97,Columbus
7947,2020-04-26,0.9,0.71,Dallas/Ft. Worth
7943,2020-04-26,1.16,1.04,Denver
7939,2020-04-26,1.13,0.9,Detroit
7935,2020-04-26,1.64,1.47,Grand Rapids
7931,2020-04-26,1.27,1.04,Great Lakes
7927,2020-04-26,1.14,1.05,Harrisburg/Scranton
7923,2020-04-26,1.37,1.56,Hartford/Springfield
7919,2020-04-26,0.92,0.7,Houston
7915,2020-04-26,1.18,0.91,Indianapolis
7911,2020-04-26,1.23,1.15,Jacksonville
7907,2020-04-26,0.92,1.01,Las Vegas
7903,2020-04-26,1.28,1.11,Los Angeles
7899,2020-04-26,1.09,0.99,Louisville
7895,2020-04-26,1.23,1.23,Miami/Ft. Lauderdale
7891,2020-04-26,1.02,0.92,Nashville
7887,2020-04-26,0.98,0.93,New Orleans/Mobile
7883,2020-04-26,1.25,1.37,New York
7879,2020-04-26,1.27,1.32,Northern New England
7875,2020-04-26,1.16,1.11,Orlando
7871,2020-04-26,1.17,1.36,Philadelphia
7867,2020-04-26,0.77,0.7,Phoenix/Tucson
7863,2020-04-26,1.31,1.12,Pittsburgh
7859,2020-04-26,1.36,1.19,Portland
7855,2020-04-26,1.14,1.16,Raleigh/Greensboro
7851,2020-04-26,1.04,1.04,Richmond/Norfolk
7847,2020-04-26,1.0,0.95,Roanoke
7843,2020-04-26,1.46,1.36,Sacramento
7839,2020-04-26,1.24,1.12,San Diego
7835,2020-04-26,1.59,1.34,San Francisco
7831,2020-04-26,1.44,1.53,Seattle
7827,2020-04-26,1.15,1.23,South Carolina
7823,2020-04-26,0.94,0.7,South Central
7819,2020-04-26,1.31,1.23,Spokane
7815,2020-04-26,1.05,1.15,St. Louis
7811,2020-04-26,1.14,1.25,Syracuse
7807,2020-04-26,1.17,1.24,Tampa
7803,2020-04-26,0.91,0.73,West Tex/New Mexico
8221,2020-05-03,1.24,1.44,Albany
8216,2020-05-03,0.99,0.93,Atlanta
8211,2020-05-03,1.2,1.31,Baltimore/Washington
8206,2020-05-03,1.27,1.25,Boise
8201,2020-05-03,1.46,1.41,Boston
8196,2020-05-03,1.16,1.15,Buffalo/Rochester
8191,2020-05-03,0.95,1.21,Charlotte
8186,2020-05-03,0.87,1.33,Chicago
8181,2020-05-03,1.03,0.99,Cincinnati/Dayton
8176,2020-05-03,0.95,0.99,Columbus
8171,2020-05-03,0.87,0.7,Dallas/Ft. Worth
8166,2020-05-03,1.15,1.06,Denver
8161,2020-05-03,1.03,0.95,Detroit
8156,2020-05-03,1.55,1.61,Grand Rapids
8151,2020-05-03,0.99,1.05,Great Lakes
8146,2020-05-03,1.17,1.07,Harrisburg/Scranton
8141,2020-05-03,1.45,1.51,Hartford/Springfield
8136,2020-05-03,0.85,0.71,Houston
8131,2020-05-03,1.01,0.98,Indianapolis
8126,2020-05-03,1.06,1.18,Jacksonville
8121,2020-05-03,1.02,1.04,Las Vegas
8116,2020-05-03,1.11,1.14,Los Angeles
8111,2020-05-03,0.95,1.01,Louisville
8106,2020-05-03,1.08,1.23,Miami/Ft. Lauderdale
8101,2020-05-03,0.93,0.94,Nashville
8096,2020-05-03,0.92,0.96,New Orleans/Mobile
8091,2020-05-03,1.51,1.32,New York
8086,2020-05-03,1.3,1.35,Northern New England
8081,2020-05-03,1.03,1.14,Orlando
8076,2020-05-03,1.29,1.29,Philadelphia
8071,2020-05-03,0.77,0.7,Phoenix/Tucson
8066,2020-05-03,0.94,1.09,Pittsburgh
8061,2020-05-03,1.08,1.13,Portland
8056,2020-05-03,0.9,1.18,Raleigh/Greensboro
8051,2020-05-03,0.87,1.06,Richmond/Norfolk
8046,2020-05-03,0.9,0.98,Roanoke
8041,2020-05-03,0.97,1.45,Sacramento
8036,2020-05-03,1.03,1.06,San Diego
8031,2020-05-03,1.03,1.45,San Francisco
8026,2020-05-03,1.36,1.41,Seattle
8021,2020-05-03,1.03,1.25,South Carolina
8016,2020-05-03,0.88,0.71,South Central
8011,2020-05-03,1.19,1.21,Spokane
8006,2020-05-03,1.06,1.1,St. Louis
8001,2020-05-03,1.21,1.29,Syracuse
7996,2020-05-03,1.02,1.26,Tampa
7991,2020-05-03,0.84,0.74,West Tex/New Mexico
8224,2020-05-10,1.12,1.11,Albany
8219,2020-05-10,1.04,1.15,Atlanta
8214,2020-05-10,1.14,1.15,Baltimore/Washington
8209,2020-05-10,1.22,1.29,Boise
8204,2020-05-10,1.43,1.3,Boston
8199,2020-05-10,1.11,1.24,Buffalo/Rochester
8194,2020-05-10,1.19,1.19,Charlotte
8189,2020-05-10,1.39,1.37,Chicago
8184,2020-05-10,1.02,1.24,Cincinnati/Dayton
8179,2020-05-10,0.97,1.04,Columbus
8174,2020-05-10,0.81,0.87,Dallas/Ft. Worth
8169,2020-05-10,1.04,0.96,Denver
8164,2020-05-10,1.03,1.13,Detroit
8159,2020-05-10,1.25,1.22,Grand Rapids
8154,2020-05-10,1.09,1.26,Great Lakes
8149,2020-05-10,1.16,1.12,Harrisburg/Scranton
8144,2020-05-10,1.46,1.29,Hartford/Springfield
8139,2020-05-10,0.8,1.11,Houston
8134,2020-05-10,1.0,0.94,Indianapolis
8129,2020-05-10,1.2,1.11,Jacksonville
8124,2020-05-10,1.0,1.08,Las Vegas
8119,2020-05-10,1.17,1.13,Los Angeles
8114,2020-05-10,0.96,1.1,Louisville
8109,2020-05-10,1.24,1.14,Miami/Ft. Lauderdale
8104,2020-05-10,0.95,1.11,Nashville
8099,2020-05-10,0.95,0.98,New Orleans/Mobile
8094,2020-05-10,1.5,1.23,New York
8089,2020-05-10,1.09,1.34,Northern New England
8084,2020-05-10,1.12,1.22,Orlando
8079,2020-05-10,1.24,1.22,Philadelphia
8074,2020-05-10,0.74,1.07,Phoenix/Tucson
8069,2020-05-10,1.05,0.93,Pittsburgh
8064,2020-05-10,1.21,1.13,Portland
8059,2020-05-10,1.09,1.14,Raleigh/Greensboro
8054,2020-05-10,0.98,1.07,Richmond/Norfolk
8049,2020-05-10,0.98,1.0,Roanoke
8044,2020-05-10,1.37,1.17,Sacramento
8039,2020-05-10,1.16,1.26,San Diego
8034,2020-05-10,1.57,1.34,San Francisco
8029,2020-05-10,1.48,1.41,Seattle
8024,2020-05-10,1.15,1.27,South Carolina
8019,2020-05-10,0.84,0.98,South Central
8014,2020-05-10,1.26,1.05,Spokane
8009,2020-05-10,1.04,1.19,St. Louis
8004,2020-05-10,1.13,1.23,Syracuse
7999,2020-05-10,1.1,1.19,Tampa
7994,2020-05-10,0.85,1.03,West Tex/New Mexico
8223,2020-05-17,1.46,1.21,Albany
8218,2020-05-17,1.02,1.04,Atlanta
8213,2020-05-17,1.31,1.19,Baltimore/Washington
8208,2020-05-17,1.25,1.25,Boise
8203,2020-05-17,1.5,1.36,Boston
8198,2020-05-17,1.17,1.19,Buffalo/Rochester
8193,2020-05-17,1.19,1.18,Charlotte
8188,2020-05-17,1.52,1.37,Chicago
8183,2020-05-17,1.23,1.14,Cincinnati/Dayton
8178,2020-05-17,1.15,1.02,Columbus
8173,2020-05-17,0.88,0.83,Dallas/Ft. Worth
8168,2020-05-17,1.14,0.97,Denver
8163,2020-05-17,1.29,1.04,Detroit
8158,2020-05-17,1.41,1.32,Grand Rapids
8153,2020-05-17,1.24,1.14,Great Lakes
8148,2020-05-17,1.18,1.07,Harrisburg/Scranton
8143,2020-05-17,1.52,1.39,Hartford/Springfield
8138,2020-05-17,0.94,0.97,Houston
8133,2020-05-17,1.15,0.95,Indianapolis
8128,2020-05-17,1.22,1.11,Jacksonville
8123,2020-05-17,1.01,1.02,Las Vegas
8118,2020-05-17,1.22,1.14,Los Angeles
8113,2020-05-17,1.06,0.98,Louisville
8108,2020-05-17,1.24,1.14,Miami/Ft. Lauderdale
8103,2020-05-17,0.99,0.99,Nashville
8098,2020-05-17,1.03,0.96,New Orleans/Mobile
8093,2020-05-17,1.52,1.25,New York
8088,2020-05-17,1.33,1.31,Northern New England
8083,2020-05-17,1.14,1.16,Orlando
8078,2020-05-17,1.29,1.23,Philadelphia
8073,2020-05-17,0.92,0.87,Phoenix/Tucson
8068,2020-05-17,0.93,1.1,Pittsburgh
8063,2020-05-17,1.15,1.13,Portland
8058,2020-05-17,1.09,1.17,Raleigh/Greensboro
8053,2020-05-17,0.99,1.07,Richmond/Norfolk
8048,2020-05-17,0.94,0.97,Roanoke
8043,2020-05-17,1.36,1.26,Sacramento
8038,2020-05-17,1.19,1.22,San Diego
8033,2020-05-17,1.59,1.35,San Francisco
8028,2020-05-17,1.51,1.39,Seattle
8023,2020-05-17,1.16,1.25,South Carolina
8018,2020-05-17,0.94,0.89,South Central
8013,2020-05-17,1.3,1.11,Spokane
8008,2020-05-17,1.04,1.15,St. Louis
8003,2020-05-17,1.31,1.22,Syracuse
7998,2020-05-17,1.12,1.19,Tampa
7993,2020-05-17,0.89,0.9,West Tex/New Mexico
8222,2020-05-24,1.4,1.25,Albany
8217,2020-05-24,0.96,1.0,Atlanta
8212,2020-05-24,1.28,1.26,Baltimore/Washington
8207,2020-05-24,1.28,1.23,Boise
8202,2020-05-24,1.48,1.36,Boston
8197,2020-05-24,1.16,1.2,Buffalo/Rochester
8192,2020-05-24,1.17,1.14,Charlotte
8187,2020-05-24,1.39,1.25,Chicago
8182,2020-05-24,1.21,1.02,Cincinnati/Dayton
8177,2020-05-24,1.07,1.0,Columbus
8172,2020-05-24,0.85,0.8,Dallas/Ft. Worth
8167,2020-05-24,1.12,1.04,Denver
8162,2020-05-24,1.12,0.97,Detroit
8157,2020-05-24,1.31,1.39,Grand Rapids
8152,2020-05-24,1.16,1.06,Great Lakes
8147,2020-05-24,1.11,1.1,Harrisburg/Scranton
8142,2020-05-24,1.51,1.37,Hartford/Springfield
8137,2020-05-24,0.92,0.8,Houston
8132,2020-05-24,1.12,0.98,Indianapolis
8127,2020-05-24,1.06,1.12,Jacksonville
8122,2020-05-24,0.92,1.04,Las Vegas
8117,2020-05-24,1.2,1.06,Los Angeles
8112,2020-05-24,0.82,1.02,Louisville
8107,2020-05-24,1.07,1.15,Miami/Ft. Lauderdale
8102,2020-05-24,0.9,0.96,Nashville
8097,2020-05-24,0.93,0.98,New Orleans/Mobile
8092,2020-05-24,1.5,1.34,New York
8087,2020-05-24,1.31,1.27,Northern New England
8082,2020-05-24,1.03,1.14,Orlando
8077,2020-05-24,1.23,1.29,Philadelphia
8072,2020-05-24,0.76,0.75,Phoenix/Tucson
8067,2020-05-24,1.29,1.09,Pittsburgh
8062,2020-05-24,1.17,1.09,Portland
8057,2020-05-24,1.1,1.09,Raleigh/Greensboro
8052,2020-05-24,1.01,1.02,Richmond/Norfolk
8047,2020-05-24,0.95,0.95,Roanoke
8042,2020-05-24,1.4,1.2,Sacramento
8037,2020-05-24,1.18,1.14,San Diego
8032,2020-05-24,1.48,1.26,San Francisco
8027,2020-05-24,1.46,1.39,Seattle
8022,2020-05-24,1.09,1.14,South Carolina
8017,2020-05-24,0.89,0.79,South Central
8012,2020-05-24,1.33,1.17,Spokane
8007,2020-05-24,1.03,1.17,St. Louis
8002,2020-05-24,1.27,1.22,Syracuse
7997,2020-05-24,1.03,1.16,Tampa
7992,2020-05-24,0.84,0.82,West Tex/New Mexico
8220,2020-05-31,1.47,1.19,Albany
8215,2020-05-31,1.04,1.1,Atlanta
8210,2020-05-31,1.31,1.3,Baltimore/Washington
8205,2020-05-31,1.26,1.31,Boise
8200,2020-05-31,1.49,1.24,Boston
8195,2020-05-31,1.15,1.2,Buffalo/Rochester
8190,2020-05-31,1.2,1.3,Charlotte
8185,2020-05-31,1.06,1.15,Chicago
8180,2020-05-31,1.06,0.96,Cincinnati/Dayton
8175,2020-05-31,0.91,0.88,Columbus
8170,2020-05-31,0.75,0.92,Dallas/Ft. Worth
8165,2020-05-31,1.01,1.05,Denver
8160,2020-05-31,1.06,1.16,Detroit
8155,2020-05-31,1.53,1.16,Grand Rapids
8150,2020-05-31,1.06,1.13,Great Lakes
8145,2020-05-31,1.1,1.27,Harrisburg/Scranton
8140,2020-05-31,1.4,1.1,Hartford/Springfield
8135,2020-05-31,0.81,0.87,Houston
8130,2020-05-31,1.04,1.13,Indianapolis
8125,2020-05-31,1.18,1.07,Jacksonville
8120,2020-05-31,1.04,1.1,Las Vegas
8115,2020-05-31,1.09,1.06,Los Angeles
8110,2020-05-31,0.86,1.15,Louisville
8105,2020-05-31,1.19,1.1,Miami/Ft. Lauderdale
8100,2020-05-31,0.94,1.0,Nashville
8095,2020-05-31,0.89,1.2,New Orleans/Mobile
8090,2020-05-31,1.25,1.29,New York
8085,2020-05-31,1.34,1.23,Northern New England
8080,2020-05-31,1.12,1.19,Orlando
8075,2020-05-31,1.11,1.03,Philadelphia
8070,2020-05-31,0.76,0.94,Phoenix/Tucson
8065,2020-05-31,1.01,1.16,Pittsburgh
8060,2020-05-31,1.07,1.15,Portland
8055,2020-05-31,1.12,1.09,Raleigh/Greensboro
8050,2020-05-31,1.01,1.03,Richmond/Norfolk
8045,2020-05-31,0.98,1.19,Roanoke
8040,2020-05-31,1.45,1.25,Sacramento
8035,2020-05-31,1.0,1.33,San Diego
8030,2020-05-31,1.4,1.4,San Francisco
8025,2020-05-31,1.3,1.28,Seattle
8020,2020-05-31,1.17,0.96,South Carolina
8015,2020-05-31,0.8,1.03,South Central
8010,2020-05-31,1.19,1.2,Spokane
8005,2020-05-31,0.96,1.19,St. Louis
8000,2020-05-31,1.32,1.21,Syracuse
7995,2020-05-31,1.13,1.02,Tampa
7990,2020-05-31,0.84,1.01,West Tex/New Mexico
8409,2020-06-07,1.22,1.14,Albany
8405,2020-06-07,1.01,1.17,Atlanta
8401,2020-06-07,1.31,1.3,Baltimore/Washington
8397,2020-06-07,1.24,1.22,Boise
8393,2020-06-07,1.43,1.23,Boston
8389,2020-06-07,0.91,1.22,Buffalo/Rochester
8385,2020-06-07,1.23,1.35,Charlotte
8381,2020-06-07,1.21,1.23,Chicago
8377,2020-06-07,0.97,1.02,Cincinnati/Dayton
8373,2020-06-07,0.9,0.87,Columbus
8369,2020-06-07,0.72,0.95,Dallas/Ft. Worth
8365,2020-06-07,1.1,1.12,Denver
8361,2020-06-07,0.98,1.29,Detroit
8357,2020-06-07,1.26,1.25,Grand Rapids
8353,2020-06-07,1.04,1.1,Great Lakes
8349,2020-06-07,1.07,1.25,Harrisburg/Scranton
8345,2020-06-07,1.44,1.07,Hartford/Springfield
8341,2020-06-07,0.75,0.94,Houston
8337,2020-06-07,0.95,1.14,Indianapolis
8333,2020-06-07,1.14,1.06,Jacksonville
8329,2020-06-07,1.03,1.19,Las Vegas
8325,2020-06-07,1.13,1.09,Los Angeles
8321,2020-06-07,1.02,1.17,Louisville
8317,2020-06-07,1.18,1.08,Miami/Ft. Lauderdale
8313,2020-06-07,0.97,1.01,Nashville
8309,2020-06-07,0.9,1.16,New Orleans/Mobile
8305,2020-06-07,1.48,1.23,New York
8301,2020-06-07,1.29,1.23,Northern New England
8297,2020-06-07,1.11,1.17,Orlando
8293,2020-06-07,1.2,1.0,Philadelphia
8289,2020-06-07,0.88,1.02,Phoenix/Tucson
8285,2020-06-07,1.28,1.14,Pittsburgh
8281,2020-06-07,1.13,1.2,Portland
8277,2020-06-07,1.15,1.09,Raleigh/Greensboro
8273,2020-06-07,1.0,1.0,Richmond/Norfolk
8269,2020-06-07,0.95,1.16,Roanoke
8265,2020-06-07,1.51,1.3,Sacramento
8261,2020-06-07,1.14,1.33,San Diego
8257,2020-06-07,1.56,1.41,San Francisco
8253,2020-06-07,1.45,1.31,Seattle
8249,2020-06-07,1.15,0.94,South Carolina
8245,2020-06-07,0.76,1.07,South Central
8241,2020-06-07,1.34,1.23,Spokane
8237,2020-06-07,0.97,1.18,St. Louis
8233,2020-06-07,1.07,1.22,Syracuse
8229,2020-06-07,1.06,0.99,Tampa
8225,2020-06-07,0.82,1.02,West Tex/New Mexico
8412,2020-06-14,0.97,1.19,Albany
8408,2020-06-14,0.91,1.05,Atlanta
8404,2020-06-14,1.31,1.2,Baltimore/Washington
8400,2020-06-14,1.17,1.27,Boise
8396,2020-06-14,1.1,1.35,Boston
8392,2020-06-14,1.06,1.19,Buffalo/Rochester
8388,2020-06-14,1.22,1.2,Charlotte
8384,2020-06-14,1.43,1.43,Chicago
8380,2020-06-14,1.06,1.13,Cincinnati/Dayton
8376,2020-06-14,0.99,1.02,Columbus
8372,2020-06-14,0.78,0.82,Dallas/Ft. Worth
8368,2020-06-14,1.02,0.94,Denver
8364,2020-06-14,1.11,1.04,Detroit
8360,2020-06-14,1.49,1.3,Grand Rapids
8356,2020-06-14,1.15,1.18,Great Lakes
8352,2020-06-14,1.06,1.08,Harrisburg/Scranton
8348,2020-06-14,1.35,1.37,Hartford/Springfield
8344,2020-06-14,0.82,0.97,Houston
8340,2020-06-14,1.02,0.93,Indianapolis
8336,2020-06-14,1.18,1.15,Jacksonville
8332,2020-06-14,0.95,1.05,Las Vegas
8328,2020-06-14,1.17,1.14,Los Angeles
8324,2020-06-14,0.91,1.04,Louisville
8320,2020-06-14,1.2,1.19,Miami/Ft. Lauderdale
8316,2020-06-14,0.87,1.0,Nashville
8312,2020-06-14,0.98,0.97,New Orleans/Mobile
8308,2020-06-14,1.22,1.26,New York
8304,2020-06-14,0.89,1.31,Northern New England
8300,2020-06-14,1.1,1.2,Orlando
8296,2020-06-14,1.09,1.23,Philadelphia
8292,2020-06-14,0.79,0.9,Phoenix/Tucson
8288,2020-06-14,1.2,1.08,Pittsburgh
8284,2020-06-14,1.04,1.06,Portland
8280,2020-06-14,1.16,1.19,Raleigh/Greensboro
8276,2020-06-14,0.95,1.07,Richmond/Norfolk
8272,2020-06-14,0.88,0.98,Roanoke
8268,2020-06-14,1.16,1.24,Sacramento
8264,2020-06-14,1.18,1.24,San Diego
8260,2020-06-14,1.39,1.37,San Francisco
8256,2020-06-14,1.35,1.4,Seattle
8252,2020-06-14,1.14,1.28,South Carolina
8248,2020-06-14,0.82,0.89,South Central
8244,2020-06-14,1.22,1.11,Spokane
8240,2020-06-14,1.0,1.16,St. Louis
8236,2020-06-14,1.05,1.2,Syracuse
8232,2020-06-14,1.12,1.23,Tampa
8228,2020-06-14,0.77,0.95,West Tex/New Mexico
8411,2020-06-21,1.28,1.24,Albany
8407,2020-06-21,0.91,1.02,Atlanta
8403,2020-06-21,1.33,1.34,Baltimore/Washington
8399,2020-06-21,1.21,1.25,Boise
8395,2020-06-21,1.42,1.39,Boston
8391,2020-06-21,1.09,1.22,Buffalo/Rochester
8387,2020-06-21,1.24,1.26,Charlotte
8383,2020-06-21,1.49,1.28,Chicago
8379,2020-06-21,1.07,1.02,Cincinnati/Dayton
8375,2020-06-21,0.99,1.01,Columbus
8371,2020-06-21,0.79,0.79,Dallas/Ft. Worth
8367,2020-06-21,0.99,1.07,Denver
8363,2020-06-21,1.1,0.99,Detroit
8359,2020-06-21,1.35,1.38,Grand Rapids
8355,2020-06-21,1.15,1.07,Great Lakes
8351,2020-06-21,1.12,1.1,Harrisburg/Scranton
8347,2020-06-21,1.48,1.41,Hartford/Springfield
8343,2020-06-21,0.84,0.82,Houston
8339,2020-06-21,1.02,0.97,Indianapolis
8335,2020-06-21,1.22,1.19,Jacksonville
8331,2020-06-21,0.97,1.04,Las Vegas
8327,2020-06-21,1.15,1.21,Los Angeles
8323,2020-06-21,0.92,1.09,Louisville
8319,2020-06-21,1.17,1.2,Miami/Ft. Lauderdale
8315,2020-06-21,0.86,1.0,Nashville
8311,2020-06-21,0.93,1.0,New Orleans/Mobile
8307,2020-06-21,1.48,1.36,New York
8303,2020-06-21,1.27,1.3,Northern New England
8299,2020-06-21,1.11,1.17,Orlando
8295,2020-06-21,1.22,1.3,Philadelphia
8291,2020-06-21,0.76,0.81,Phoenix/Tucson
8287,2020-06-21,1.24,1.13,Pittsburgh
8283,2020-06-21,0.94,1.19,Portland
8279,2020-06-21,1.17,1.21,Raleigh/Greensboro
8275,2020-06-21,0.99,1.11,Richmond/Norfolk
8271,2020-06-21,0.91,1.0,Roanoke
8267,2020-06-21,1.34,1.29,Sacramento
8263,2020-06-21,1.17,1.27,San Diego
8259,2020-06-21,1.5,1.31,San Francisco
8255,2020-06-21,1.4,1.46,Seattle
8251,2020-06-21,1.14,1.2,South Carolina
8247,2020-06-21,0.85,0.81,South Central
8243,2020-06-21,1.29,1.26,Spokane
8239,2020-06-21,0.94,1.17,St. Louis
8235,2020-06-21,1.17,1.22,Syracuse
8231,2020-06-21,1.12,1.19,Tampa
8227,2020-06-21,0.87,0.87,West Tex/New Mexico
8410,2020-06-28,1.09,1.36,Albany
8406,2020-06-28,0.95,0.91,Atlanta
8402,2020-06-28,1.35,1.31,Baltimore/Washington
8398,2020-06-28,1.17,1.27,Boise
8394,2020-06-28,1.42,1.39,Boston
8390,2020-06-28,1.08,1.06,Buffalo/Rochester
8386,2020-06-28,1.2,1.19,Charlotte
8382,2020-06-28,0.84,1.44,Chicago
8378,2020-06-28,0.84,0.98,Cincinnati/Dayton
8374,2020-06-28,0.81,1.03,Columbus
8370,2020-06-28,0.74,0.69,Dallas/Ft. Worth
8366,2020-06-28,1.08,1.08,Denver
8362,2020-06-28,0.87,0.89,Detroit
8358,2020-06-28,1.29,1.46,Grand Rapids
8354,2020-06-28,0.9,1.07,Great Lakes
8350,2020-06-28,1.1,1.03,Harrisburg/Scranton
8346,2020-06-28,1.47,1.57,Hartford/Springfield
8342,2020-06-28,0.8,0.66,Houston
8338,2020-06-28,0.85,0.95,Indianapolis
8334,2020-06-28,1.1,1.16,Jacksonville
8330,2020-06-28,0.88,1.02,Las Vegas
8326,2020-06-28,1.17,1.13,Los Angeles
8322,2020-06-28,1.0,1.05,Louisville
8318,2020-06-28,1.05,1.24,Miami/Ft. Lauderdale
8314,2020-06-28,0.91,0.94,Nashville
8310,2020-06-28,0.9,0.92,New Orleans/Mobile
8306,2020-06-28,1.47,1.37,New York
8302,2020-06-28,1.25,1.32,Northern New England
8298,2020-06-28,1.0,1.11,Orlando
8294,2020-06-28,1.22,1.34,Philadelphia
8290,2020-06-28,0.85,0.73,Phoenix/Tucson
8286,2020-06-28,0.96,1.16,Pittsburgh
8282,2020-06-28,1.16,1.14,Portland
8278,2020-06-28,1.15,1.19,Raleigh/Greensboro
8274,2020-06-28,1.03,1.04,Richmond/Norfolk
8270,2020-06-28,0.9,0.95,Roanoke
8266,2020-06-28,1.18,1.45,Sacramento
8262,2020-06-28,1.19,1.12,San Diego
8258,2020-06-28,1.05,1.52,San Francisco
8254,2020-06-28,1.37,1.49,Seattle
8250,2020-06-28,1.1,1.25,South Carolina
8246,2020-06-28,0.82,0.68,South Central
8242,2020-06-28,1.3,1.29,Spokane
8238,2020-06-28,0.96,1.1,St. Louis
8234,2020-06-28,1.08,1.2,Syracuse
8230,2020-06-28,1.0,1.24,Tampa
8226,2020-06-28,0.86,0.74,West Tex/New Mexico
8597,2020-07-05,1.41,1.13,Albany
8593,2020-07-05,0.94,1.15,Atlanta
8589,2020-07-05,1.29,1.24,Baltimore/Washington
8585,2020-07-05,1.2,1.33,Boise
8581,2020-07-05,1.45,1.2,Boston
8577,2020-07-05,1.05,1.19,Buffalo/Rochester
8573,2020-07-05,1.22,1.25,Charlotte
8569,2020-07-05,1.26,1.2,Chicago
8565,2020-07-05,0.9,1.0,Cincinnati/Dayton
8561,2020-07-05,0.86,0.87,Columbus
8557,2020-07-05,0.75,0.92,Dallas/Ft. Worth
8553,2020-07-05,1.07,1.1,Denver
8549,2020-07-05,0.93,1.22,Detroit
8545,2020-07-05,1.4,1.19,Grand Rapids
8541,2020-07-05,1.04,1.08,Great Lakes
8537,2020-07-05,1.09,1.25,Harrisburg/Scranton
8533,2020-07-05,1.41,1.08,Hartford/Springfield
8529,2020-07-05,0.77,0.9,Houston
8525,2020-07-05,0.91,1.14,Indianapolis
8521,2020-07-05,1.08,1.07,Jacksonville
8517,2020-07-05,1.01,1.14,Las Vegas
8513,2020-07-05,1.08,1.08,Los Angeles
8509,2020-07-05,1.0,1.17,Louisville
8505,2020-07-05,1.03,1.07,Miami/Ft. Lauderdale
8501,2020-07-05,0.89,0.98,Nashville
8497,2020-07-05,0.9,1.13,New Orleans/Mobile
8493,2020-07-05,1.2,1.32,New York
8489,2020-07-05,1.3,1.23,Northern New England
8485,2020-07-05,0.98,1.14,Orlando
8481,2020-07-05,1.05,1.02,Philadelphia
8477,2020-07-05,0.93,0.95,Phoenix/Tucson
8473,2020-07-05,1.19,1.15,Pittsburgh
8469,2020-07-05,1.14,1.18,Portland
8465,2020-07-05,1.15,1.07,Raleigh/Greensboro
8461,2020-07-05,1.03,0.99,Richmond/Norfolk
8457,2020-07-05,0.95,1.14,Roanoke
8453,2020-07-05,1.54,1.23,Sacramento
8449,2020-07-05,1.15,1.38,San Diego
8445,2020-07-05,1.66,1.37,San Francisco
8441,2020-07-05,1.36,1.31,Seattle
8437,2020-07-05,1.08,0.95,South Carolina
8433,2020-07-05,0.81,1.03,South Central
8429,2020-07-05,1.23,1.19,Spokane
8425,2020-07-05,0.99,1.22,St. Louis
8421,2020-07-05,1.21,1.2,Syracuse
8417,2020-07-05,0.98,1.02,Tampa
8413,2020-07-05,0.87,1.01,West Tex/New Mexico
8600,2020-07-12,1.48,1.18,Albany
8596,2020-07-12,0.87,1.05,Atlanta
8592,2020-07-12,1.28,1.21,Baltimore/Washington
8588,2020-07-12,1.03,1.27,Boise
8584,2020-07-12,1.42,1.36,Boston
8580,2020-07-12,0.99,1.17,Buffalo/Rochester
8576,2020-07-12,1.19,1.19,Charlotte
8572,2020-07-12,1.2,1.31,Chicago
8568,2020-07-12,1.04,1.14,Cincinnati/Dayton
8564,2020-07-12,0.94,1.01,Columbus
8560,2020-07-12,0.73,0.82,Dallas/Ft. Worth
8556,2020-07-12,0.96,0.98,Denver
8552,2020-07-12,1.07,1.04,Detroit
8548,2020-07-12,1.4,1.26,Grand Rapids
8544,2020-07-12,1.07,1.17,Great Lakes
8540,2020-07-12,1.05,1.05,Harrisburg/Scranton
8536,2020-07-12,1.4,1.35,Hartford/Springfield
8532,2020-07-12,0.81,0.96,Houston
8528,2020-07-12,0.95,0.95,Indianapolis
8524,2020-07-12,1.2,1.17,Jacksonville
8520,2020-07-12,1.0,1.06,Las Vegas
8516,2020-07-12,1.08,1.16,Los Angeles
8512,2020-07-12,0.87,1.05,Louisville
8508,2020-07-12,1.17,1.21,Miami/Ft. Lauderdale
8504,2020-07-12,0.85,1.02,Nashville
8500,2020-07-12,0.88,0.96,New Orleans/Mobile
8496,2020-07-12,1.19,1.2,New York
8492,2020-07-12,1.28,1.31,Northern New England
8488,2020-07-12,1.06,1.19,Orlando
8484,2020-07-12,1.04,1.18,Philadelphia
8480,2020-07-12,0.81,0.9,Phoenix/Tucson
8476,2020-07-12,0.91,1.03,Pittsburgh
8472,2020-07-12,1.18,1.13,Portland
8468,2020-07-12,1.1,1.17,Raleigh/Greensboro
8464,2020-07-12,0.97,1.07,Richmond/Norfolk
8460,2020-07-12,0.88,0.98,Roanoke
8456,2020-07-12,1.13,1.23,Sacramento
8452,2020-07-12,1.01,1.27,San Diego
8448,2020-07-12,1.58,1.27,San Francisco
8444,2020-07-12,1.31,1.39,Seattle
8440,2020-07-12,1.08,1.24,South Carolina
8436,2020-07-12,0.8,0.89,South Central
8432,2020-07-12,1.15,1.14,Spokane
8428,2020-07-12,0.9,1.18,St. Louis
8424,2020-07-12,1.2,1.19,Syracuse
8420,2020-07-12,1.03,1.22,Tampa
8416,2020-07-12,0.85,0.92,West Tex/New Mexico
8599,2020-07-19,1.17,1.31,Albany
8595,2020-07-19,0.87,0.96,Atlanta
8591,2020-07-19,1.25,1.26,Baltimore/Washington
8587,2020-07-19,1.18,1.17,Boise
8583,2020-07-19,1.4,1.35,Boston
8579,2020-07-19,1.04,1.17,Buffalo/Rochester
8575,2020-07-19,1.07,1.17,Charlotte
8571,2020-07-19,1.21,1.37,Chicago
8567,2020-07-19,1.01,0.96,Cincinnati/Dayton
8563,2020-07-19,0.89,0.94,Columbus
8559,2020-07-19,0.73,0.77,Dallas/Ft. Worth
8555,2020-07-19,1.01,1.04,Denver
8551,2020-07-19,0.93,0.92,Detroit
8547,2020-07-19,0.95,1.21,Grand Rapids
8543,2020-07-19,0.99,1.06,Great Lakes
8539,2020-07-19,1.01,1.07,Harrisburg/Scranton
8535,2020-07-19,1.34,1.34,Hartford/Springfield
8531,2020-07-19,0.84,0.78,Houston
8527,2020-07-19,0.91,0.92,Indianapolis
8523,2020-07-19,1.18,1.11,Jacksonville
8519,2020-07-19,0.93,1.02,Las Vegas
8515,2020-07-19,1.2,1.1,Los Angeles
8511,2020-07-19,0.88,0.99,Louisville
8507,2020-07-19,1.14,1.15,Miami/Ft. Lauderdale
8503,2020-07-19,0.85,0.93,Nashville
8499,2020-07-19,0.85,0.98,New Orleans/Mobile
8495,2020-07-19,1.13,1.24,New York
8491,2020-07-19,1.22,1.25,Northern New England
8487,2020-07-19,1.05,1.13,Orlando
8483,2020-07-19,1.01,1.21,Philadelphia
8479,2020-07-19,0.79,0.75,Phoenix/Tucson
8475,2020-07-19,0.9,1.08,Pittsburgh
8471,2020-07-19,1.02,1.08,Portland
8467,2020-07-19,1.02,1.13,Raleigh/Greensboro
8463,2020-07-19,0.95,1.04,Richmond/Norfolk
8459,2020-07-19,0.89,0.94,Roanoke
8455,2020-07-19,1.2,1.32,Sacramento
8451,2020-07-19,1.19,1.17,San Diego
8447,2020-07-19,1.13,1.39,San Francisco
8443,2020-07-19,1.31,1.39,Seattle
8439,2020-07-19,0.96,1.13,South Carolina
8435,2020-07-19,0.78,0.78,South Central
8431,2020-07-19,1.2,1.19,Spokane
8427,2020-07-19,0.94,1.13,St. Louis
8423,2020-07-19,1.09,1.23,Syracuse
8419,2020-07-19,1.01,1.13,Tampa
8415,2020-07-19,0.75,0.85,West Tex/New Mexico
8598,2020-07-26,1.45,1.45,Albany
8594,2020-07-26,0.86,0.95,Atlanta
8590,2020-07-26,1.2,1.34,Baltimore/Washington
8586,2020-07-26,1.02,1.3,Boise
8582,2020-07-26,1.4,1.46,Boston
8578,2020-07-26,1.06,1.14,Buffalo/Rochester
8574,2020-07-26,1.05,1.26,Charlotte
8570,2020-07-26,1.29,1.51,Chicago
8566,2020-07-26,0.85,1.03,Cincinnati/Dayton
8562,2020-07-26,0.79,1.07,Columbus
8558,2020-07-26,0.75,0.75,Dallas/Ft. Worth
8554,2020-07-26,1.08,1.14,Denver
8550,2020-07-26,0.8,0.96,Detroit
8546,2020-07-26,0.91,1.56,Grand Rapids
8542,2020-07-26,0.92,1.16,Great Lakes
8538,2020-07-26,1.04,1.08,Harrisburg/Scranton
8534,2020-07-26,1.4,1.57,Hartford/Springfield
8530,2020-07-26,0.8,0.72,Houston
8526,2020-07-26,0.83,1.03,Indianapolis
8522,2020-07-26,1.01,1.19,Jacksonville
8518,2020-07-26,0.94,1.09,Las Vegas
8514,2020-07-26,1.13,1.23,Los Angeles
8510,2020-07-26,0.86,1.11,Louisville
8506,2020-07-26,0.99,1.25,Miami/Ft. Lauderdale
8502,2020-07-26,0.81,1.0,Nashville
8498,2020-07-26,0.85,0.99,New Orleans/Mobile
8494,2020-07-26,1.13,1.34,New York
8490,2020-07-26,1.21,1.4,Northern New England
8486,2020-07-26,0.91,1.14,Orlando
8482,2020-07-26,1.01,1.3,Philadelphia
8478,2020-07-26,0.72,0.78,Phoenix/Tucson
8474,2020-07-26,0.9,1.19,Pittsburgh
8470,2020-07-26,1.03,1.23,Portland
8466,2020-07-26,1.02,1.24,Raleigh/Greensboro
8462,2020-07-26,0.93,1.12,Richmond/Norfolk
8458,2020-07-26,0.85,1.0,Roanoke
8454,2020-07-26,1.4,1.53,Sacramento
8450,2020-07-26,1.09,1.2,San Diego
8446,2020-07-26,1.38,1.58,San Francisco
8442,2020-07-26,1.31,1.52,Seattle
8438,2020-07-26,0.94,1.27,South Carolina
8434,2020-07-26,0.8,0.74,South Central
8430,2020-07-26,1.21,1.32,Spokane
8426,2020-07-26,0.89,1.17,St. Louis
8422,2020-07-26,1.24,1.28,Syracuse
8418,2020-07-26,0.88,1.26,Tampa
8414,2020-07-26,0.84,0.79,West Tex/New Mexico
8834,2020-08-02,1.04,1.16,Albany
8829,2020-08-02,0.85,1.04,Atlanta
8824,2020-08-02,1.13,1.21,Baltimore/Washington
8819,2020-08-02,1.13,1.26,Boise
8814,2020-08-02,1.36,1.33,Boston
8809,2020-08-02,1.04,1.17,Buffalo/Rochester
8804,2020-08-02,0.89,1.21,Charlotte
8799,2020-08-02,1.07,1.24,Chicago
8794,2020-08-02,0.86,1.04,Cincinnati/Dayton
8789,2020-08-02,0.84,0.96,Columbus
8784,2020-08-02,0.72,0.83,Dallas/Ft. Worth
8779,2020-08-02,1.03,1.02,Denver
8774,2020-08-02,0.91,0.96,Detroit
8769,2020-08-02,1.16,1.3,Grand Rapids
8764,2020-08-02,0.96,1.1,Great Lakes
8759,2020-08-02,1.02,1.06,Harrisburg/Scranton
8754,2020-08-02,1.26,1.36,Hartford/Springfield
8749,2020-08-02,0.81,0.95,Houston
8744,2020-08-02,0.85,0.9,Indianapolis
8739,2020-08-02,0.98,1.1,Jacksonville
8734,2020-08-02,0.94,1.09,Las Vegas
8729,2020-08-02,1.2,1.06,Los Angeles
8724,2020-08-02,0.88,1.0,Louisville
8719,2020-08-02,0.99,1.14,Miami/Ft. Lauderdale
8714,2020-08-02,0.8,1.01,Nashville
8709,2020-08-02,0.85,0.96,New Orleans/Mobile
8704,2020-08-02,1.19,1.19,New York
8699,2020-08-02,1.1,1.27,Northern New England
8694,2020-08-02,0.91,1.13,Orlando
8689,2020-08-02,1.04,1.18,Philadelphia
8684,2020-08-02,0.79,0.96,Phoenix/Tucson
8679,2020-08-02,1.14,1.1,Pittsburgh
8674,2020-08-02,1.0,1.15,Portland
8669,2020-08-02,0.89,1.17,Raleigh/Greensboro
8664,2020-08-02,0.91,1.05,Richmond/Norfolk
8659,2020-08-02,0.88,0.96,Roanoke
8654,2020-08-02,1.35,1.3,Sacramento
8649,2020-08-02,1.22,1.19,San Diego
8644,2020-08-02,1.53,1.38,San Francisco
8639,2020-08-02,1.36,1.43,Seattle
8634,2020-08-02,0.89,1.25,South Carolina
8629,2020-08-02,0.79,0.9,South Central
8624,2020-08-02,1.18,1.14,Spokane
8619,2020-08-02,0.89,1.17,St. Louis
8614,2020-08-02,1.05,1.19,Syracuse
8609,2020-08-02,0.89,1.17,Tampa
8604,2020-08-02,0.82,0.94,West Tex/New Mexico
8831,2020-08-09,1.04,1.14,Albany
8826,2020-08-09,0.86,1.17,Atlanta
8821,2020-08-09,1.11,1.3,Baltimore/Washington
8816,2020-08-09,1.14,1.31,Boise
8811,2020-08-09,1.34,1.24,Boston
8806,2020-08-09,0.96,1.23,Buffalo/Rochester
8801,2020-08-09,1.12,1.28,Charlotte
8796,2020-08-09,1.27,1.12,Chicago
8791,2020-08-09,0.92,0.9,Cincinnati/Dayton
8786,2020-08-09,0.88,0.88,Columbus
8781,2020-08-09,0.77,0.96,Dallas/Ft. Worth
8776,2020-08-09,1.05,0.99,Denver
8771,2020-08-09,1.01,1.16,Detroit
8766,2020-08-09,1.31,1.16,Grand Rapids
8761,2020-08-09,1.03,1.08,Great Lakes
8756,2020-08-09,1.01,1.27,Harrisburg/Scranton
8751,2020-08-09,1.33,1.1,Hartford/Springfield
8746,2020-08-09,0.84,0.84,Houston
8741,2020-08-09,0.86,1.07,Indianapolis
8736,2020-08-09,0.98,1.07,Jacksonville
8731,2020-08-09,0.94,1.13,Las Vegas
8726,2020-08-09,1.15,1.11,Los Angeles
8721,2020-08-09,0.94,1.12,Louisville
8716,2020-08-09,1.03,1.08,Miami/Ft. Lauderdale
8711,2020-08-09,0.81,0.98,Nashville
8706,2020-08-09,0.8,1.13,New Orleans/Mobile
8701,2020-08-09,1.13,1.29,New York
8696,2020-08-09,0.98,1.18,Northern New England
8691,2020-08-09,0.94,1.16,Orlando
8686,2020-08-09,1.02,1.03,Philadelphia
8681,2020-08-09,0.81,1.02,Phoenix/Tucson
8676,2020-08-09,0.91,1.13,Pittsburgh
8671,2020-08-09,1.1,1.18,Portland
8666,2020-08-09,1.09,1.09,Raleigh/Greensboro
8661,2020-08-09,0.97,1.02,Richmond/Norfolk
8656,2020-08-09,0.89,1.12,Roanoke
8651,2020-08-09,1.35,1.29,Sacramento
8646,2020-08-09,1.05,1.25,San Diego
8641,2020-08-09,1.5,1.45,San Francisco
8636,2020-08-09,1.36,1.26,Seattle
8631,2020-08-09,0.94,0.97,South Carolina
8626,2020-08-09,0.8,1.06,South Central
8621,2020-08-09,1.15,1.19,Spokane
8616,2020-08-09,0.97,1.17,St. Louis
8611,2020-08-09,0.98,1.17,Syracuse
8606,2020-08-09,0.93,1.02,Tampa
8601,2020-08-09,0.77,1.15,West Tex/New Mexico
8835,2020-08-16,0.92,1.02,Albany
8830,2020-08-16,0.82,1.13,Atlanta
8825,2020-08-16,1.22,1.12,Baltimore/Washington
8820,2020-08-16,1.14,1.3,Boise
8815,2020-08-16,1.32,1.31,Boston
8810,2020-08-16,1.03,1.23,Buffalo/Rochester
8805,2020-08-16,1.18,1.11,Charlotte
8800,2020-08-16,1.25,1.25,Chicago
8795,2020-08-16,0.74,1.19,Cincinnati/Dayton
8790,2020-08-16,0.71,0.98,Columbus
8785,2020-08-16,0.75,0.88,Dallas/Ft. Worth
8780,2020-08-16,1.06,0.94,Denver
8775,2020-08-16,0.76,1.05,Detroit
8770,2020-08-16,1.07,1.16,Grand Rapids
8765,2020-08-16,0.9,1.18,Great Lakes
8760,2020-08-16,0.94,1.08,Harrisburg/Scranton
8755,2020-08-16,1.33,1.22,Hartford/Springfield
8750,2020-08-16,0.8,1.12,Houston
8745,2020-08-16,0.73,0.89,Indianapolis
8740,2020-08-16,0.97,1.09,Jacksonville
8735,2020-08-16,0.91,1.07,Las Vegas
8730,2020-08-16,1.16,1.19,Los Angeles
8725,2020-08-16,0.95,1.1,Louisville
8720,2020-08-16,1.0,1.11,Miami/Ft. Lauderdale
8715,2020-08-16,0.8,1.09,Nashville
8710,2020-08-16,0.85,0.97,New Orleans/Mobile
8705,2020-08-16,1.13,1.15,New York
8700,2020-08-16,1.04,1.29,Northern New England
8695,2020-08-16,0.93,1.17,Orlando
8690,2020-08-16,1.02,1.15,Philadelphia
8685,2020-08-16,0.81,1.02,Phoenix/Tucson
8680,2020-08-16,1.12,1.03,Pittsburgh
8675,2020-08-16,1.06,1.13,Portland
8670,2020-08-16,1.09,1.12,Raleigh/Greensboro
8665,2020-08-16,0.98,1.08,Richmond/Norfolk
8660,2020-08-16,0.92,1.0,Roanoke
8655,2020-08-16,1.01,1.2,Sacramento
8650,2020-08-16,1.15,1.32,San Diego
8645,2020-08-16,1.15,1.36,San Francisco
8640,2020-08-16,1.41,1.42,Seattle
8635,2020-08-16,0.98,1.26,South Carolina
8630,2020-08-16,0.79,0.96,South Central
8625,2020-08-16,1.18,1.06,Spokane
8620,2020-08-16,0.91,1.19,St. Louis
8615,2020-08-16,0.98,1.18,Syracuse
8610,2020-08-16,0.91,1.14,Tampa
8605,2020-08-16,0.8,1.03,West Tex/New Mexico
8833,2020-08-23,1.08,1.23,Albany
8828,2020-08-23,0.81,1.0,Atlanta
8823,2020-08-23,1.21,1.31,Baltimore/Washington
8818,2020-08-23,1.15,1.26,Boise
8813,2020-08-23,1.26,1.32,Boston
8808,2020-08-23,0.94,1.2,Buffalo/Rochester
8803,2020-08-23,1.15,1.2,Charlotte
8798,2020-08-23,1.01,1.4,Chicago
8793,2020-08-23,0.76,1.08,Cincinnati/Dayton
8788,2020-08-23,0.74,1.06,Columbus
8783,2020-08-23,0.71,0.81,Dallas/Ft. Worth
8778,2020-08-23,1.09,1.07,Denver
8773,2020-08-23,0.78,0.95,Detroit
8768,2020-08-23,1.1,1.26,Grand Rapids
8763,2020-08-23,0.87,1.09,Great Lakes
8758,2020-08-23,1.01,1.09,Harrisburg/Scranton
8753,2020-08-23,1.37,1.37,Hartford/Springfield
8748,2020-08-23,0.73,0.83,Houston
8743,2020-08-23,0.74,0.94,Indianapolis
8738,2020-08-23,0.99,1.19,Jacksonville
8733,2020-08-23,1.0,1.07,Las Vegas
8728,2020-08-23,0.99,1.13,Los Angeles
8723,2020-08-23,0.73,1.03,Louisville
8718,2020-08-23,0.98,1.19,Miami/Ft. Lauderdale
8713,2020-08-23,0.83,1.0,Nashville
8708,2020-08-23,0.82,1.02,New Orleans/Mobile
8703,2020-08-23,1.1,1.27,New York
8698,2020-08-23,1.05,1.22,Northern New England
8693,2020-08-23,0.9,1.16,Orlando
8688,2020-08-23,0.97,1.26,Philadelphia
8683,2020-08-23,0.9,0.8,Phoenix/Tucson
8678,2020-08-23,1.14,1.17,Pittsburgh
8673,2020-08-23,1.12,1.15,Portland
8668,2020-08-23,1.01,1.14,Raleigh/Greensboro
8663,2020-08-23,0.89,1.05,Richmond/Norfolk
8658,2020-08-23,0.82,0.97,Roanoke
8653,2020-08-23,1.35,1.24,Sacramento
8648,2020-08-23,0.94,1.23,San Diego
8643,2020-08-23,1.4,1.34,San Francisco
8638,2020-08-23,1.3,1.41,Seattle
8633,2020-08-23,0.98,1.18,South Carolina
8628,2020-08-23,0.74,0.8,South Central
8623,2020-08-23,1.17,1.2,Spokane
8618,2020-08-23,0.9,1.17,St. Louis
8613,2020-08-23,0.99,1.21,Syracuse
8608,2020-08-23,0.87,1.16,Tampa
8603,2020-08-23,0.78,0.86,West Tex/New Mexico
8832,2020-08-30,0.99,1.34,Albany
8827,2020-08-30,0.8,0.89,Atlanta
8822,2020-08-30,1.21,1.27,Baltimore/Washington
8817,2020-08-30,1.14,1.27,Boise
8812,2020-08-30,1.18,1.4,Boston
8807,2020-08-30,1.02,1.1,Buffalo/Rochester
8802,2020-08-30,1.04,1.21,Charlotte
8797,2020-08-30,1.29,1.51,Chicago
8792,2020-08-30,0.92,1.05,Cincinnati/Dayton
8787,2020-08-30,0.91,1.04,Columbus
8782,2020-08-30,0.71,0.74,Dallas/Ft. Worth
8777,2020-08-30,1.09,1.13,Denver
8772,2020-08-30,0.75,0.94,Detroit
8767,2020-08-30,1.01,1.55,Grand Rapids
8762,2020-08-30,0.93,1.12,Great Lakes
8757,2020-08-30,1.01,1.03,Harrisburg/Scranton
8752,2020-08-30,1.34,1.53,Hartford/Springfield
8747,2020-08-30,0.73,0.75,Houston
8742,2020-08-30,0.71,0.97,Indianapolis
8737,2020-08-30,1.02,1.13,Jacksonville
8732,2020-08-30,0.93,1.08,Las Vegas
8727,2020-08-30,1.11,1.15,Los Angeles
8722,2020-08-30,0.76,1.08,Louisville
8717,2020-08-30,0.95,1.22,Miami/Ft. Lauderdale
8712,2020-08-30,0.83,0.96,Nashville
8707,2020-08-30,0.84,0.93,New Orleans/Mobile
8702,2020-08-30,1.11,1.29,New York
8697,2020-08-30,0.88,1.3,Northern New England
8692,2020-08-30,0.89,1.09,Orlando
8687,2020-08-30,1.01,1.3,Philadelphia
8682,2020-08-30,0.74,0.76,Phoenix/Tucson
8677,2020-08-30,1.15,1.1,Pittsburgh
8672,2020-08-30,1.04,1.2,Portland
8667,2020-08-30,0.93,1.2,Raleigh/Greensboro
8662,2020-08-30,0.81,1.07,Richmond/Norfolk
8657,2020-08-30,0.78,0.97,Roanoke
8652,2020-08-30,1.04,1.45,Sacramento
8647,2020-08-30,1.1,1.15,San Diego
8642,2020-08-30,1.21,1.5,San Francisco
8637,2020-08-30,1.21,1.54,Seattle
8632,2020-08-30,0.95,1.24,South Carolina
8627,2020-08-30,0.73,0.73,South Central
8622,2020-08-30,1.09,1.3,Spokane
8617,2020-08-30,0.92,1.14,St. Louis
8612,2020-08-30,1.03,1.21,Syracuse
8607,2020-08-30,0.86,1.23,Tampa
8602,2020-08-30,0.74,0.79,West Tex/New Mexico
8882,2020-09-06,1.3,0.95,Albany
8881,2020-09-06,0.81,1.2,Atlanta
8880,2020-09-06,1.0,1.25,Baltimore/Washington
8879,2020-09-06,1.09,1.33,Boise
8878,2020-09-06,1.3,1.15,Boston
8877,2020-09-06,1.0,1.2,Buffalo/Rochester
8876,2020-09-06,1.13,1.4,Charlotte
8875,2020-09-06,1.33,1.01,Chicago
8874,2020-09-06,0.97,0.89,Cincinnati/Dayton
8873,2020-09-06,0.89,0.74,Columbus
8872,2020-09-06,0.72,1.1,Dallas/Ft. Worth
8871,2020-09-06,0.99,0.97,Denver
8870,2020-09-06,0.86,1.42,Detroit
8869,2020-09-06,1.37,1.2,Grand Rapids
8868,2020-09-06,1.01,1.01,Great Lakes
8867,2020-09-06,1.02,1.35,Harrisburg/Scranton
8866,2020-09-06,1.19,0.74,Hartford/Springfield
8865,2020-09-06,0.77,0.99,Houston
8864,2020-09-06,0.76,1.07,Indianapolis
8863,2020-09-06,0.91,0.99,Jacksonville
8862,2020-09-06,0.93,1.06,Las Vegas
8861,2020-09-06,1.0,1.1,Los Angeles
8860,2020-09-06,0.96,1.07,Louisville
8859,2020-09-06,0.89,1.0,Miami/Ft. Lauderdale
8858,2020-09-06,0.86,0.96,Nashville
8857,2020-09-06,0.78,1.21,New Orleans/Mobile
8856,2020-09-06,1.09,1.34,New York
8855,2020-09-06,1.14,1.09,Northern New England
8854,2020-09-06,0.86,1.1,Orlando
8853,2020-09-06,1.0,0.79,Philadelphia
8852,2020-09-06,0.75,1.11,Phoenix/Tucson
8851,2020-09-06,0.93,1.18,Pittsburgh
8850,2020-09-06,1.03,1.11,Portland
8849,2020-09-06,1.03,1.06,Raleigh/Greensboro
8848,2020-09-06,0.96,0.97,Richmond/Norfolk
8847,2020-09-06,0.89,1.36,Roanoke
8846,2020-09-06,1.35,1.21,Sacramento
8845,2020-09-06,1.05,1.44,San Diego
8844,2020-09-06,1.45,1.38,San Francisco
8843,2020-09-06,1.3,1.14,Seattle
8842,2020-09-06,0.97,0.76,South Carolina
8841,2020-09-06,0.75,1.25,South Central
8840,2020-09-06,1.14,1.14,Spokane
8839,2020-09-06,0.96,1.18,St. Louis
8838,2020-09-06,1.17,1.09,Syracuse
8837,2020-09-06,0.83,0.74,Tampa
8836,2020-09-06,0.75,1.0,West Tex/New Mexico
