year_month,date,status,prod_total_volume,region,prod_volume_region
7/1/2019,7/14/2019,actual,54169319,California,12772597
11/1/2018,11/11/2018,actual,7175415,California,0
4/1/2018,4/15/2018,actual,65017211,California,13069634
10/1/2018,10/21/2018,actual,41484288,California,786902
5/1/2020,5/31/2020,actual,51667453,California,11861004
11/1/2018,11/25/2018,actual,70104497,California,0
2/1/2018,2/4/2018,actual,47371481,California,2635471
3/1/2018,3/11/2018,actual,52057338,California,6816044
3/1/2018,3/25/2018,actual,45807126,California,4997613
3/1/2019,3/3/2019,actual,56315469,California,689283
10/1/2020,10/4/2020,actual,52210342,California,3964963
12/1/2019,12/15/2019,actual,48427351,California,0
2/1/2019,2/3/2019,actual,45231823,California,225945
7/1/2018,7/29/2018,actual,49443206,California,6963066
5/1/2018,5/20/2018,actual,54804644,California,13573634
4/1/2019,4/28/2019,actual,43710990,California,9434335
6/1/2020,6/14/2020,actual,64385710,California,13344459
5/1/2019,5/12/2019,actual,45314468,California,6719247
9/1/2019,9/1/2019,actual,37090495,California,2233704
3/1/2019,3/24/2019,actual,47860338,California,1571282
8/1/2019,8/11/2019,actual,30887574,California,4205974
6/1/2018,6/17/2018,actual,50646896,California,12202533
7/1/2018,7/22/2018,actual,43482853,California,8956463
11/1/2019,11/10/2019,actual,43217649,California,0
4/1/2019,4/21/2019,actual,41226066,California,9894095
6/1/2018,6/10/2018,actual,54216347,California,12776858
1/1/2018,1/7/2018,actual,45670156,California,899349
8/1/2019,8/25/2019,actual,48325702,California,3013192
5/1/2018,5/27/2018,actual,58216425,California,14293995
7/1/2020,7/19/2020,actual,55528282,California,10130158
10/1/2019,10/6/2019,actual,48828843,California,476745
10/1/2020,10/11/2020,actual,56934734,California,2412058
4/1/2018,4/22/2018,actual,66889496,California,14568602
4/1/2018,4/1/2018,actual,39158603,California,8244614
12/1/2018,12/9/2018,actual,55009729,California,0
9/1/2018,9/23/2018,actual,49322205,California,3042322
12/1/2019,12/8/2019,actual,55662831,California,0
11/1/2020,11/8/2020,actual,42783020,California,1634969
7/1/2019,7/28/2019,actual,53521551,California,7545211
5/1/2019,5/26/2019,actual,53448347,California,11609804
3/1/2019,3/31/2019,actual,57772402,California,3431234
2/1/2019,2/24/2019,actual,60985301,California,397103
6/1/2018,6/24/2018,actual,49126245,California,11017628
11/1/2020,11/22/2020,projection,38427934,California,0
6/1/2018,6/3/2018,actual,54230134,California,9832339
8/1/2020,8/9/2020,actual,52326427,California,9553079
3/1/2020,3/8/2020,actual,47119478,California,8249788
7/1/2020,7/26/2020,actual,59549678,California,9483748
11/1/2020,11/15/2020,actual,56990553,California,1390168
8/1/2019,8/18/2019,actual,49712129,California,3864187
7/1/2018,7/1/2018,actual,59868501,California,13034205
9/1/2018,9/9/2018,actual,44091358,California,3157120
6/1/2020,6/28/2020,actual,67186115,California,15228590
10/1/2019,10/13/2019,actual,52027810,California,170248
8/1/2018,8/5/2018,actual,52948354,California,6652168
12/1/2018,12/16/2018,actual,50045775,California,1900
8/1/2018,8/26/2018,actual,48011570,California,8826173
10/1/2020,10/18/2020,actual,55367338,California,2203774
10/1/2019,10/27/2019,actual,48468039,California,0
2/1/2019,2/17/2019,actual,52838523,California,218968
1/1/2018,1/14/2018,actual,52758905,California,830821
6/1/2019,6/9/2019,actual,44060017,California,10069551
6/1/2020,6/21/2020,actual,65624404,California,13754827
11/1/2020,11/1/2020,actual,49535249,California,1314534
1/1/2019,1/27/2019,actual,59200492,California,306018
3/1/2020,3/15/2020,actual,48039847,California,3868964
12/1/2018,12/2/2018,actual,55202354,California,0
9/1/2020,9/6/2020,actual,52693480,California,8453470
1/1/2018,1/28/2018,actual,45299201,California,2698356
7/1/2019,7/7/2019,actual,51446909,California,12657672
1/1/2019,1/13/2019,actual,73115987,California,71558
11/1/2019,11/3/2019,actual,53112275,California,0
5/1/2020,5/24/2020,actual,51932040,California,16615963
11/1/2018,11/4/2018,actual,15760324,California,0
9/1/2020,9/20/2020,actual,45986305,California,6779219
2/1/2020,2/9/2020,actual,29476898,California,2489304
5/1/2019,5/19/2019,actual,50595179,California,9208998
8/1/2018,8/19/2018,actual,56452066,California,8625095
1/1/2020,1/12/2020,actual,65307572,California,319866
4/1/2020,4/12/2020,actual,24945091,California,3115152
12/1/2019,12/29/2019,actual,33408342,California,0
10/1/2018,10/14/2018,actual,43609892,California,798732
1/1/2020,1/26/2020,actual,66647112,California,2822485
4/1/2020,4/5/2020,actual,24392863,California,7933743
12/1/2018,12/23/2018,actual,47448337,California,950
1/1/2020,1/5/2020,actual,32537444,California,37220
5/1/2018,5/13/2018,actual,49634250,California,13013238
3/1/2019,3/10/2019,actual,55687317,California,563806
10/1/2019,10/20/2019,actual,45213563,California,0
3/1/2020,3/22/2020,actual,54765620,California,8086208
8/1/2020,8/2/2020,actual,61589035,California,9301142
12/1/2018,12/30/2018,actual,33740596,California,1800
9/1/2018,9/2/2018,actual,38516499,California,5955763
9/1/2018,9/30/2018,actual,39213471,California,1962416
1/1/2020,1/19/2020,actual,76375629,California,1604707
2/1/2018,2/11/2018,actual,39307402,California,3039843
6/1/2020,6/7/2020,actual,54322214,California,12247478
8/1/2020,8/30/2020,actual,48717827,California,8494500
5/1/2020,5/10/2020,actual,68814562,California,17353081
9/1/2020,9/13/2020,actual,50284383,California,5945695
2/1/2018,2/25/2018,actual,53018743,California,5031685
3/1/2020,3/29/2020,actual,36225538,California,8323661
2/1/2020,2/23/2020,actual,60175473,California,6454635
5/1/2019,5/5/2019,actual,37778586,California,7274131
1/1/2018,1/21/2018,actual,54698266,California,2913663
9/1/2019,9/15/2019,actual,51760427,California,934008
7/1/2020,7/12/2020,actual,52258875,California,11391217
12/1/2019,12/1/2019,actual,49266022,California,0
1/1/2019,1/6/2019,actual,39644522,California,0
4/1/2019,4/7/2019,actual,66309565,California,7995697
1/1/2019,1/20/2019,actual,73262502,California,35452
12/1/2020,12/6/2020,projection,52612612,California,0
3/1/2019,3/17/2019,actual,57661257,California,1115176
6/1/2019,6/23/2019,actual,43112741,California,12526752
9/1/2019,9/22/2019,actual,41138734,California,717498
5/1/2020,5/17/2020,actual,54720342,California,14715907
12/1/2019,12/22/2019,actual,49600528,California,0
7/1/2020,7/5/2020,actual,55217288,California,11780040
11/1/2019,11/17/2019,actual,41304726,California,0
4/1/2020,4/26/2020,actual,70861471,California,16932573
2/1/2018,2/18/2018,actual,51204346,California,4264449
7/1/2018,7/8/2018,actual,54802659,California,11546402
9/1/2020,9/27/2020,actual,56022215,California,5944327
10/1/2020,10/25/2020,actual,55789244,California,1974640
6/1/2019,6/16/2019,actual,43165973,California,10904000
4/1/2018,4/8/2018,actual,57742874,California,10978270
3/1/2020,3/1/2020,actual,56195818,California,9785442
12/1/2020,12/27/2020,projection,38422754,California,0
10/1/2018,10/7/2018,actual,44622910,California,1459548
10/1/2018,10/28/2018,actual,43424770,California,332800
7/1/2019,7/21/2019,actual,51585051,California,9892498
11/1/2019,11/24/2019,actual,39597532,California,0
2/1/2020,2/16/2020,actual,50713581,California,5257159
5/1/2018,5/6/2018,actual,43454036,California,13377497
3/1/2018,3/4/2018,actual,50628975,California,4863680
6/1/2019,6/30/2019,actual,38519597,California,13700507
5/1/2020,5/3/2020,actual,57343819,California,17453801
12/1/2020,12/20/2020,projection,50563073,California,0
4/1/2018,4/29/2018,actual,57879711,California,16473176
9/1/2019,9/8/2019,actual,44957024,California,1099090
12/1/2020,12/13/2020,projection,49965178,California,0
8/1/2018,8/12/2018,actual,56626601,California,7234836
2/1/2020,2/2/2020,actual,45414983,California,2704489
11/1/2018,11/18/2018,actual,44931673,California,0
9/1/2018,9/16/2018,actual,51398671,California,3782736
2/1/2019,2/10/2019,actual,39391270,California,129957
8/1/2019,8/4/2019,actual,39624707,California,5407640
7/1/2018,7/15/2018,actual,52741471,California,13081786
4/1/2020,4/19/2020,actual,65731766,California,15741055
3/1/2018,3/18/2018,actual,51922869,California,4143387
11/1/2020,11/29/2020,projection,46408984,California,0
9/1/2019,9/29/2019,actual,56281822,California,611955
6/1/2019,6/2/2019,actual,48758242,California,9115908
8/1/2020,8/16/2020,actual,45333672,California,8693483
4/1/2019,4/14/2019,actual,71757754,California,11103220
8/1/2020,8/23/2020,actual,54176904,California,7873941
7/1/2019,7/14/2019,actual,54169319,Chile,0
11/1/2018,11/11/2018,actual,7175415,Chile,2322562
4/1/2018,4/15/2018,actual,65017211,Chile,0
10/1/2018,10/21/2018,actual,41484288,Chile,2002066
5/1/2020,5/31/2020,actual,51667453,Chile,0
11/1/2018,11/25/2018,actual,70104497,Chile,1834643
2/1/2018,2/4/2018,actual,47371481,Chile,0
3/1/2018,3/11/2018,actual,52057338,Chile,0
3/1/2018,3/25/2018,actual,45807126,Chile,0
3/1/2019,3/3/2019,actual,56315469,Chile,223611
10/1/2020,10/4/2020,actual,52210342,Chile,456910
12/1/2019,12/15/2019,actual,48427351,Chile,314608
2/1/2019,2/3/2019,actual,45231823,Chile,584756
7/1/2018,7/29/2018,actual,49443206,Chile,0
5/1/2018,5/20/2018,actual,54804644,Chile,0
4/1/2019,4/28/2019,actual,43710990,Chile,0
6/1/2020,6/14/2020,actual,64385710,Chile,0
5/1/2019,5/12/2019,actual,45314468,Chile,0
9/1/2019,9/1/2019,actual,37090495,Chile,1684129
3/1/2019,3/24/2019,actual,47860338,Chile,0
8/1/2019,8/11/2019,actual,30887574,Chile,235947
6/1/2018,6/17/2018,actual,50646896,Chile,0
7/1/2018,7/22/2018,actual,43482853,Chile,0
11/1/2019,11/10/2019,actual,43217649,Chile,188154
4/1/2019,4/21/2019,actual,41226066,Chile,0
6/1/2018,6/10/2018,actual,54216347,Chile,0
1/1/2018,1/7/2018,actual,45670156,Chile,519433
8/1/2019,8/25/2019,actual,48325702,Chile,1245093
5/1/2018,5/27/2018,actual,58216425,Chile,0
7/1/2020,7/19/2020,actual,55528282,Chile,0
10/1/2019,10/6/2019,actual,48828843,Chile,2628545
10/1/2020,10/11/2020,actual,56934734,Chile,405483
4/1/2018,4/22/2018,actual,66889496,Chile,0
4/1/2018,4/1/2018,actual,39158603,Chile,0
12/1/2018,12/9/2018,actual,55009729,Chile,3544679
9/1/2018,9/23/2018,actual,49322205,Chile,5695958
12/1/2019,12/8/2019,actual,55662831,Chile,314608
11/1/2020,11/8/2020,actual,42783020,Chile,0
7/1/2019,7/28/2019,actual,53521551,Chile,0
5/1/2019,5/26/2019,actual,53448347,Chile,0
3/1/2019,3/31/2019,actual,57772402,Chile,0
2/1/2019,2/24/2019,actual,60985301,Chile,184891
6/1/2018,6/24/2018,actual,49126245,Chile,0
11/1/2020,11/22/2020,projection,38427934,Chile,352000
6/1/2018,6/3/2018,actual,54230134,Chile,0
8/1/2020,8/9/2020,actual,52326427,Chile,0
3/1/2020,3/8/2020,actual,47119478,Chile,0
7/1/2020,7/26/2020,actual,59549678,Chile,0
11/1/2020,11/15/2020,actual,56990553,Chile,0
8/1/2019,8/18/2019,actual,49712129,Chile,328453
7/1/2018,7/1/2018,actual,59868501,Chile,0
9/1/2018,9/9/2018,actual,44091358,Chile,1505218
6/1/2020,6/28/2020,actual,67186115,Chile,0
10/1/2019,10/13/2019,actual,52027810,Chile,2304294
8/1/2018,8/5/2018,actual,52948354,Chile,0
12/1/2018,12/16/2018,actual,50045775,Chile,3218701
8/1/2018,8/26/2018,actual,48011570,Chile,705204
10/1/2020,10/18/2020,actual,55367338,Chile,255824
10/1/2019,10/27/2019,actual,48468039,Chile,1369502
2/1/2019,2/17/2019,actual,52838523,Chile,410166
1/1/2018,1/14/2018,actual,52758905,Chile,449003
6/1/2019,6/9/2019,actual,44060017,Chile,0
6/1/2020,6/21/2020,actual,65624404,Chile,0
11/1/2020,11/1/2020,actual,49535249,Chile,0
1/1/2019,1/27/2019,actual,59200492,Chile,676866
3/1/2020,3/15/2020,actual,48039847,Chile,0
12/1/2018,12/2/2018,actual,55202354,Chile,2377770
9/1/2020,9/6/2020,actual,52693480,Chile,0
1/1/2018,1/28/2018,actual,45299201,Chile,95491
7/1/2019,7/7/2019,actual,51446909,Chile,0
1/1/2019,1/13/2019,actual,73115987,Chile,1154459
11/1/2019,11/3/2019,actual,53112275,Chile,1202068
5/1/2020,5/24/2020,actual,51932040,Chile,0
11/1/2018,11/4/2018,actual,15760324,Chile,2283410
9/1/2020,9/20/2020,actual,45986305,Chile,198945
2/1/2020,2/9/2020,actual,29476898,Chile,0
5/1/2019,5/19/2019,actual,50595179,Chile,0
8/1/2018,8/19/2018,actual,56452066,Chile,331267
1/1/2020,1/12/2020,actual,65307572,Chile,177780
4/1/2020,4/12/2020,actual,24945091,Chile,0
12/1/2019,12/29/2019,actual,33408342,Chile,222755
10/1/2018,10/14/2018,actual,43609892,Chile,3241640
1/1/2020,1/26/2020,actual,66647112,Chile,0
4/1/2020,4/5/2020,actual,24392863,Chile,0
12/1/2018,12/23/2018,actual,47448337,Chile,2105644
1/1/2020,1/5/2020,actual,32537444,Chile,159041
5/1/2018,5/13/2018,actual,49634250,Chile,0
3/1/2019,3/10/2019,actual,55687317,Chile,224208
10/1/2019,10/20/2019,actual,45213563,Chile,1689204
3/1/2020,3/22/2020,actual,54765620,Chile,0
8/1/2020,8/2/2020,actual,61589035,Chile,0
12/1/2018,12/30/2018,actual,33740596,Chile,1856008
9/1/2018,9/2/2018,actual,38516499,Chile,1833426
9/1/2018,9/30/2018,actual,39213471,Chile,5315922
1/1/2020,1/19/2020,actual,76375629,Chile,222755
2/1/2018,2/11/2018,actual,39307402,Chile,0
6/1/2020,6/7/2020,actual,54322214,Chile,0
8/1/2020,8/30/2020,actual,48717827,Chile,0
5/1/2020,5/10/2020,actual,68814562,Chile,0
9/1/2020,9/13/2020,actual,50284383,Chile,50794
2/1/2018,2/25/2018,actual,53018743,Chile,0
3/1/2020,3/29/2020,actual,36225538,Chile,0
2/1/2020,2/23/2020,actual,60175473,Chile,0
5/1/2019,5/5/2019,actual,37778586,Chile,0
1/1/2018,1/21/2018,actual,54698266,Chile,445127
9/1/2019,9/15/2019,actual,51760427,Chile,2831699
7/1/2020,7/12/2020,actual,52258875,Chile,0
12/1/2019,12/1/2019,actual,49266022,Chile,363868
1/1/2019,1/6/2019,actual,39644522,Chile,1111244
4/1/2019,4/7/2019,actual,66309565,Chile,0
1/1/2019,1/20/2019,actual,73262502,Chile,681725
12/1/2020,12/6/2020,projection,52612612,Chile,176000
3/1/2019,3/17/2019,actual,57661257,Chile,45885
6/1/2019,6/23/2019,actual,43112741,Chile,0
9/1/2019,9/22/2019,actual,41138734,Chile,3649980
5/1/2020,5/17/2020,actual,54720342,Chile,0
12/1/2019,12/22/2019,actual,49600528,Chile,177780
7/1/2020,7/5/2020,actual,55217288,Chile,0
11/1/2019,11/17/2019,actual,41304726,Chile,89949
4/1/2020,4/26/2020,actual,70861471,Chile,0
2/1/2018,2/18/2018,actual,51204346,Chile,0
7/1/2018,7/8/2018,actual,54802659,Chile,0
9/1/2020,9/27/2020,actual,56022215,Chile,551263
10/1/2020,10/25/2020,actual,55789244,Chile,131219
6/1/2019,6/16/2019,actual,43165973,Chile,0
4/1/2018,4/8/2018,actual,57742874,Chile,0
3/1/2020,3/1/2020,actual,56195818,Chile,0
12/1/2020,12/27/2020,projection,38422754,Chile,44000
10/1/2018,10/7/2018,actual,44622910,Chile,4141118
10/1/2018,10/28/2018,actual,43424770,Chile,2480207
7/1/2019,7/21/2019,actual,51585051,Chile,0
11/1/2019,11/24/2019,actual,39597532,Chile,234344
2/1/2020,2/16/2020,actual,50713581,Chile,0
5/1/2018,5/6/2018,actual,43454036,Chile,0
3/1/2018,3/4/2018,actual,50628975,Chile,0
6/1/2019,6/30/2019,actual,38519597,Chile,0
5/1/2020,5/3/2020,actual,57343819,Chile,0
12/1/2020,12/20/2020,projection,50563073,Chile,44000
4/1/2018,4/29/2018,actual,57879711,Chile,0
9/1/2019,9/8/2019,actual,44957024,Chile,2405413
12/1/2020,12/13/2020,projection,49965178,Chile,176000
8/1/2018,8/12/2018,actual,56626601,Chile,0
2/1/2020,2/2/2020,actual,45414983,Chile,0
11/1/2018,11/18/2018,actual,44931673,Chile,3513150
9/1/2018,9/16/2018,actual,51398671,Chile,6299540
2/1/2019,2/10/2019,actual,39391270,Chile,497035
8/1/2019,8/4/2019,actual,39624707,Chile,94816
7/1/2018,7/15/2018,actual,52741471,Chile,0
4/1/2020,4/19/2020,actual,65731766,Chile,0
3/1/2018,3/18/2018,actual,51922869,Chile,0
11/1/2020,11/29/2020,projection,46408984,Chile,264000
9/1/2019,9/29/2019,actual,56281822,Chile,3235736
6/1/2019,6/2/2019,actual,48758242,Chile,0
8/1/2020,8/16/2020,actual,45333672,Chile,0
4/1/2019,4/14/2019,actual,71757754,Chile,0
8/1/2020,8/23/2020,actual,54176904,Chile,0
7/1/2019,7/14/2019,actual,54169319,Mexico,23998089
11/1/2018,11/11/2018,actual,7175415,Mexico,4852853
4/1/2018,4/15/2018,actual,65017211,Mexico,51947577
10/1/2018,10/21/2018,actual,41484288,Mexico,38695320
5/1/2020,5/31/2020,actual,51667453,Mexico,35634569
11/1/2018,11/25/2018,actual,70104497,Mexico,68269854
2/1/2018,2/4/2018,actual,47371481,Mexico,44736010
3/1/2018,3/11/2018,actual,52057338,Mexico,45241294
3/1/2018,3/25/2018,actual,45807126,Mexico,40809513
3/1/2019,3/3/2019,actual,56315469,Mexico,55402575
10/1/2020,10/4/2020,actual,52210342,Mexico,47788469
12/1/2019,12/15/2019,actual,48427351,Mexico,48112742
2/1/2019,2/3/2019,actual,45231823,Mexico,44421122
7/1/2018,7/29/2018,actual,49443206,Mexico,25600735
5/1/2018,5/20/2018,actual,54804644,Mexico,40946564
4/1/2019,4/28/2019,actual,43710990,Mexico,33470724
6/1/2020,6/14/2020,actual,64385710,Mexico,39424664
5/1/2019,5/12/2019,actual,45314468,Mexico,36841135
9/1/2019,9/1/2019,actual,37090495,Mexico,29806714
3/1/2019,3/24/2019,actual,47860338,Mexico,46289056
8/1/2019,8/11/2019,actual,30887574,Mexico,18955232
6/1/2018,6/17/2018,actual,50646896,Mexico,31575868
7/1/2018,7/22/2018,actual,43482853,Mexico,22437422
11/1/2019,11/10/2019,actual,43217649,Mexico,43029495
4/1/2019,4/21/2019,actual,41226066,Mexico,31142340
6/1/2018,6/10/2018,actual,54216347,Mexico,35859311
1/1/2018,1/7/2018,actual,45670156,Mexico,44251374
8/1/2019,8/25/2019,actual,48325702,Mexico,40322206
5/1/2018,5/27/2018,actual,58216425,Mexico,41926134
7/1/2020,7/19/2020,actual,55528282,Mexico,29182989
10/1/2019,10/6/2019,actual,48828843,Mexico,45673552
10/1/2020,10/11/2020,actual,56934734,Mexico,54117193
4/1/2018,4/22/2018,actual,66889496,Mexico,52320894
4/1/2018,4/1/2018,actual,39158603,Mexico,30913989
12/1/2018,12/9/2018,actual,55009729,Mexico,51465050
9/1/2018,9/23/2018,actual,49322205,Mexico,36691752
12/1/2019,12/8/2019,actual,55662831,Mexico,55348222
11/1/2020,11/8/2020,actual,42783020,Mexico,41148050
7/1/2019,7/28/2019,actual,53521551,Mexico,31327355
5/1/2019,5/26/2019,actual,53448347,Mexico,35628132
3/1/2019,3/31/2019,actual,57772402,Mexico,54341168
2/1/2019,2/24/2019,actual,60985301,Mexico,60355899
6/1/2018,6/24/2018,actual,49126245,Mexico,30306824
11/1/2020,11/22/2020,projection,38427934,Mexico,37781617
6/1/2018,6/3/2018,actual,54230134,Mexico,39826579
8/1/2020,8/9/2020,actual,52326427,Mexico,32109326
3/1/2020,3/8/2020,actual,47119478,Mexico,38869689
7/1/2020,7/26/2020,actual,59549678,Mexico,36790367
11/1/2020,11/15/2020,actual,56990553,Mexico,55600384
8/1/2019,8/18/2019,actual,49712129,Mexico,38218699
7/1/2018,7/1/2018,actual,59868501,Mexico,37779422
9/1/2018,9/9/2018,actual,44091358,Mexico,30089700
6/1/2020,6/28/2020,actual,67186115,Mexico,35035819
10/1/2019,10/13/2019,actual,52027810,Mexico,49553268
8/1/2018,8/5/2018,actual,52948354,Mexico,29039776
12/1/2018,12/16/2018,actual,50045775,Mexico,46825174
8/1/2018,8/26/2018,actual,48011570,Mexico,25537886
10/1/2020,10/18/2020,actual,55367338,Mexico,52907739
10/1/2019,10/27/2019,actual,48468039,Mexico,47098535
2/1/2019,2/17/2019,actual,52838523,Mexico,52209389
1/1/2018,1/14/2018,actual,52758905,Mexico,51479081
6/1/2019,6/9/2019,actual,44060017,Mexico,22660021
6/1/2020,6/21/2020,actual,65624404,Mexico,39545860
11/1/2020,11/1/2020,actual,49535249,Mexico,48220715
1/1/2019,1/27/2019,actual,59200492,Mexico,58217608
3/1/2020,3/15/2020,actual,48039847,Mexico,44120882
12/1/2018,12/2/2018,actual,55202354,Mexico,52824584
9/1/2020,9/6/2020,actual,52693480,Mexico,39925907
1/1/2018,1/28/2018,actual,45299201,Mexico,42505354
7/1/2019,7/7/2019,actual,51446909,Mexico,21024383
1/1/2019,1/13/2019,actual,73115987,Mexico,71889970
11/1/2019,11/3/2019,actual,53112275,Mexico,51910206
5/1/2020,5/24/2020,actual,51932040,Mexico,33372360
11/1/2018,11/4/2018,actual,15760324,Mexico,13476914
9/1/2020,9/20/2020,actual,45986305,Mexico,38249616
2/1/2020,2/9/2020,actual,29476898,Mexico,26987593
5/1/2019,5/19/2019,actual,50595179,Mexico,36977263
8/1/2018,8/19/2018,actual,56452066,Mexico,34031913
1/1/2020,1/12/2020,actual,65307572,Mexico,64809925
4/1/2020,4/12/2020,actual,24945091,Mexico,21687715
12/1/2019,12/29/2019,actual,33408342,Mexico,33185587
10/1/2018,10/14/2018,actual,43609892,Mexico,39427297
1/1/2020,1/26/2020,actual,66647112,Mexico,63774627
4/1/2020,4/5/2020,actual,24392863,Mexico,16174674
12/1/2018,12/23/2018,actual,47448337,Mexico,45341743
1/1/2020,1/5/2020,actual,32537444,Mexico,32291182
5/1/2018,5/13/2018,actual,49634250,Mexico,36478789
3/1/2019,3/10/2019,actual,55687317,Mexico,54899303
10/1/2019,10/20/2019,actual,45213563,Mexico,43524359
3/1/2020,3/22/2020,actual,54765620,Mexico,46679412
8/1/2020,8/2/2020,actual,61589035,Mexico,38468421
12/1/2018,12/30/2018,actual,33740596,Mexico,31882788
9/1/2018,9/2/2018,actual,38516499,Mexico,17927226
9/1/2018,9/30/2018,actual,39213471,Mexico,29517339
1/1/2020,1/19/2020,actual,76375629,Mexico,74498167
2/1/2018,2/11/2018,actual,39307402,Mexico,36267559
6/1/2020,6/7/2020,actual,54322214,Mexico,33956728
8/1/2020,8/30/2020,actual,48717827,Mexico,34643071
5/1/2020,5/10/2020,actual,68814562,Mexico,50608141
9/1/2020,9/13/2020,actual,50284383,Mexico,41917507
2/1/2018,2/25/2018,actual,53018743,Mexico,47987058
3/1/2020,3/29/2020,actual,36225538,Mexico,27901876
2/1/2020,2/23/2020,actual,60175473,Mexico,53720838
5/1/2019,5/5/2019,actual,37778586,Mexico,29034816
1/1/2018,1/21/2018,actual,54698266,Mexico,51339476
9/1/2019,9/15/2019,actual,51760427,Mexico,47331012
7/1/2020,7/12/2020,actual,52258875,Mexico,25273369
12/1/2019,12/1/2019,actual,49266022,Mexico,48902153
1/1/2019,1/6/2019,actual,39644522,Mexico,38533278
4/1/2019,4/7/2019,actual,66309565,Mexico,58313868
1/1/2019,1/20/2019,actual,73262502,Mexico,72545325
12/1/2020,12/6/2020,projection,52612612,Mexico,52089383
3/1/2019,3/17/2019,actual,57661257,Mexico,56500196
6/1/2019,6/23/2019,actual,43112741,Mexico,12902910
9/1/2019,9/22/2019,actual,41138734,Mexico,36676441
5/1/2020,5/17/2020,actual,54720342,Mexico,38724426
12/1/2019,12/22/2019,actual,49600528,Mexico,49422746
7/1/2020,7/5/2020,actual,55217288,Mexico,26616471
11/1/2019,11/17/2019,actual,41304726,Mexico,41214777
4/1/2020,4/26/2020,actual,70861471,Mexico,53786674
2/1/2018,2/18/2018,actual,51204346,Mexico,46939897
7/1/2018,7/8/2018,actual,54802659,Mexico,34059160
9/1/2020,9/27/2020,actual,56022215,Mexico,49431809
10/1/2020,10/25/2020,actual,55789244,Mexico,52925105
6/1/2019,6/16/2019,actual,43165973,Mexico,18987812
4/1/2018,4/8/2018,actual,57742874,Mexico,46764604
3/1/2020,3/1/2020,actual,56195818,Mexico,46410376
12/1/2020,12/27/2020,projection,38422754,Mexico,38233248
10/1/2018,10/7/2018,actual,44622910,Mexico,38216313
10/1/2018,10/28/2018,actual,43424770,Mexico,40611763
7/1/2019,7/21/2019,actual,51585051,Mexico,27328014
11/1/2019,11/24/2019,actual,39597532,Mexico,39363186
2/1/2020,2/16/2020,actual,50713581,Mexico,45456422
5/1/2018,5/6/2018,actual,43454036,Mexico,29744685
3/1/2018,3/4/2018,actual,50628975,Mexico,45765295
6/1/2019,6/30/2019,actual,38519597,Mexico,8653058
5/1/2020,5/3/2020,actual,57343819,Mexico,39463348
12/1/2020,12/20/2020,projection,50563073,Mexico,50274359
4/1/2018,4/29/2018,actual,57879711,Mexico,41406535
9/1/2019,9/8/2019,actual,44957024,Mexico,40172513
12/1/2020,12/13/2020,projection,49965178,Mexico,49544465
8/1/2018,8/12/2018,actual,56626601,Mexico,34221295
2/1/2020,2/2/2020,actual,45414983,Mexico,42710494
11/1/2018,11/18/2018,actual,44931673,Mexico,41418523
9/1/2018,9/16/2018,actual,51398671,Mexico,35153392
2/1/2019,2/10/2019,actual,39391270,Mexico,38764278
8/1/2019,8/4/2019,actual,39624707,Mexico,22270321
7/1/2018,7/15/2018,actual,52741471,Mexico,27618124
4/1/2020,4/19/2020,actual,65731766,Mexico,49706264
3/1/2018,3/18/2018,actual,51922869,Mexico,47779482
11/1/2020,11/29/2020,projection,46408984,Mexico,45797755
9/1/2019,9/29/2019,actual,56281822,Mexico,52434131
6/1/2019,6/2/2019,actual,48758242,Mexico,29686713
8/1/2020,8/16/2020,actual,45333672,Mexico,28246903
4/1/2019,4/14/2019,actual,71757754,Mexico,60654534
8/1/2020,8/23/2020,actual,54176904,Mexico,39333180
7/1/2019,7/14/2019,actual,54169319,Peru,17398633
11/1/2018,11/11/2018,actual,7175415,Peru,0
4/1/2018,4/15/2018,actual,65017211,Peru,0
10/1/2018,10/21/2018,actual,41484288,Peru,0
5/1/2020,5/31/2020,actual,51667453,Peru,4171879
11/1/2018,11/25/2018,actual,70104497,Peru,0
2/1/2018,2/4/2018,actual,47371481,Peru,0
3/1/2018,3/11/2018,actual,52057338,Peru,0
3/1/2018,3/25/2018,actual,45807126,Peru,0
3/1/2019,3/3/2019,actual,56315469,Peru,0
10/1/2020,10/4/2020,actual,52210342,Peru,0
12/1/2019,12/15/2019,actual,48427351,Peru,0
2/1/2019,2/3/2019,actual,45231823,Peru,0
7/1/2018,7/29/2018,actual,49443206,Peru,16879405
5/1/2018,5/20/2018,actual,54804644,Peru,284446
4/1/2019,4/28/2019,actual,43710990,Peru,805931
6/1/2020,6/14/2020,actual,64385710,Peru,11425260
5/1/2019,5/12/2019,actual,45314468,Peru,1754085
9/1/2019,9/1/2019,actual,37090495,Peru,3365948
3/1/2019,3/24/2019,actual,47860338,Peru,0
8/1/2019,8/11/2019,actual,30887574,Peru,7490420
6/1/2018,6/17/2018,actual,50646896,Peru,6868495
7/1/2018,7/22/2018,actual,43482853,Peru,12088968
11/1/2019,11/10/2019,actual,43217649,Peru,0
4/1/2019,4/21/2019,actual,41226066,Peru,189631
6/1/2018,6/10/2018,actual,54216347,Peru,5580178
1/1/2018,1/7/2018,actual,45670156,Peru,0
8/1/2019,8/25/2019,actual,48325702,Peru,3745210
5/1/2018,5/27/2018,actual,58216425,Peru,1996296
7/1/2020,7/19/2020,actual,55528282,Peru,16023808
10/1/2019,10/6/2019,actual,48828843,Peru,0
10/1/2020,10/11/2020,actual,56934734,Peru,0
4/1/2018,4/22/2018,actual,66889496,Peru,0
4/1/2018,4/1/2018,actual,39158603,Peru,0
12/1/2018,12/9/2018,actual,55009729,Peru,0
9/1/2018,9/23/2018,actual,49322205,Peru,3892173
12/1/2019,12/8/2019,actual,55662831,Peru,0
11/1/2020,11/8/2020,actual,42783020,Peru,0
7/1/2019,7/28/2019,actual,53521551,Peru,14648985
5/1/2019,5/26/2019,actual,53448347,Peru,6210411
3/1/2019,3/31/2019,actual,57772402,Peru,0
2/1/2019,2/24/2019,actual,60985301,Peru,47407
6/1/2018,6/24/2018,actual,49126245,Peru,7801793
11/1/2020,11/22/2020,projection,38427934,Peru,0
6/1/2018,6/3/2018,actual,54230134,Peru,4571216
8/1/2020,8/9/2020,actual,52326427,Peru,10524513
3/1/2020,3/8/2020,actual,47119478,Peru,0
7/1/2020,7/26/2020,actual,59549678,Peru,12992559
11/1/2020,11/15/2020,actual,56990553,Peru,0
8/1/2019,8/18/2019,actual,49712129,Peru,7300789
7/1/2018,7/1/2018,actual,59868501,Peru,9054874
9/1/2018,9/9/2018,actual,44091358,Peru,9339320
6/1/2020,6/28/2020,actual,67186115,Peru,16687516
10/1/2019,10/13/2019,actual,52027810,Peru,0
8/1/2018,8/5/2018,actual,52948354,Peru,17256410
12/1/2018,12/16/2018,actual,50045775,Peru,0
8/1/2018,8/26/2018,actual,48011570,Peru,12942307
10/1/2020,10/18/2020,actual,55367338,Peru,0
10/1/2019,10/27/2019,actual,48468039,Peru,0
2/1/2019,2/17/2019,actual,52838523,Peru,0
1/1/2018,1/14/2018,actual,52758905,Peru,0
6/1/2019,6/9/2019,actual,44060017,Peru,11330445
6/1/2020,6/21/2020,actual,65624404,Peru,12136375
11/1/2020,11/1/2020,actual,49535249,Peru,0
1/1/2019,1/27/2019,actual,59200492,Peru,0
3/1/2020,3/15/2020,actual,48039847,Peru,50000
12/1/2018,12/2/2018,actual,55202354,Peru,0
9/1/2020,9/6/2020,actual,52693480,Peru,4314102
1/1/2018,1/28/2018,actual,45299201,Peru,0
7/1/2019,7/7/2019,actual,51446909,Peru,17764854
1/1/2019,1/13/2019,actual,73115987,Peru,0
11/1/2019,11/3/2019,actual,53112275,Peru,0
5/1/2020,5/24/2020,actual,51932040,Peru,1943716
11/1/2018,11/4/2018,actual,15760324,Peru,0
9/1/2020,9/20/2020,actual,45986305,Peru,758523
2/1/2020,2/9/2020,actual,29476898,Peru,0
5/1/2019,5/19/2019,actual,50595179,Peru,4408917
8/1/2018,8/19/2018,actual,56452066,Peru,13463791
1/1/2020,1/12/2020,actual,65307572,Peru,0
4/1/2020,4/12/2020,actual,24945091,Peru,142223
12/1/2019,12/29/2019,actual,33408342,Peru,0
10/1/2018,10/14/2018,actual,43609892,Peru,142223
1/1/2020,1/26/2020,actual,66647112,Peru,0
4/1/2020,4/5/2020,actual,24392863,Peru,284446
12/1/2018,12/23/2018,actual,47448337,Peru,0
1/1/2020,1/5/2020,actual,32537444,Peru,0
5/1/2018,5/13/2018,actual,49634250,Peru,142223
3/1/2019,3/10/2019,actual,55687317,Peru,0
10/1/2019,10/20/2019,actual,45213563,Peru,0
3/1/2020,3/22/2020,actual,54765620,Peru,0
8/1/2020,8/2/2020,actual,61589035,Peru,13484651
12/1/2018,12/30/2018,actual,33740596,Peru,0
9/1/2018,9/2/2018,actual,38516499,Peru,12800084
9/1/2018,9/30/2018,actual,39213471,Peru,2417794
1/1/2020,1/19/2020,actual,76375629,Peru,0
2/1/2018,2/11/2018,actual,39307402,Peru,0
6/1/2020,6/7/2020,actual,54322214,Peru,8022343
8/1/2020,8/30/2020,actual,48717827,Peru,5451887
5/1/2020,5/10/2020,actual,68814562,Peru,853338
9/1/2020,9/13/2020,actual,50284383,Peru,2370385
2/1/2018,2/25/2018,actual,53018743,Peru,0
3/1/2020,3/29/2020,actual,36225538,Peru,0
2/1/2020,2/23/2020,actual,60175473,Peru,0
5/1/2019,5/5/2019,actual,37778586,Peru,1469639
1/1/2018,1/21/2018,actual,54698266,Peru,0
9/1/2019,9/15/2019,actual,51760427,Peru,663708
7/1/2020,7/12/2020,actual,52258875,Peru,15360100
12/1/2019,12/1/2019,actual,49266022,Peru,0
1/1/2019,1/6/2019,actual,39644522,Peru,0
4/1/2019,4/7/2019,actual,66309565,Peru,0
1/1/2019,1/20/2019,actual,73262502,Peru,0
12/1/2020,12/6/2020,projection,52612612,Peru,0
3/1/2019,3/17/2019,actual,57661257,Peru,0
6/1/2019,6/23/2019,actual,43112741,Peru,17683079
9/1/2019,9/22/2019,actual,41138734,Peru,94815
5/1/2020,5/17/2020,actual,54720342,Peru,1280008
12/1/2019,12/22/2019,actual,49600528,Peru,0
7/1/2020,7/5/2020,actual,55217288,Peru,16634420
11/1/2019,11/17/2019,actual,41304726,Peru,0
4/1/2020,4/26/2020,actual,70861471,Peru,142223
2/1/2018,2/18/2018,actual,51204346,Peru,0
7/1/2018,7/8/2018,actual,54802659,Peru,9197097
9/1/2020,9/27/2020,actual,56022215,Peru,94815
10/1/2020,10/25/2020,actual,55789244,Peru,0
6/1/2019,6/16/2019,actual,43165973,Peru,13274161
4/1/2018,4/8/2018,actual,57742874,Peru,0
3/1/2020,3/1/2020,actual,56195818,Peru,0
12/1/2020,12/27/2020,projection,38422754,Peru,0
10/1/2018,10/7/2018,actual,44622910,Peru,805931
10/1/2018,10/28/2018,actual,43424770,Peru,0
7/1/2019,7/21/2019,actual,51585051,Peru,14364539
11/1/2019,11/24/2019,actual,39597532,Peru,0
2/1/2020,2/16/2020,actual,50713581,Peru,0
5/1/2018,5/6/2018,actual,43454036,Peru,331854
3/1/2018,3/4/2018,actual,50628975,Peru,0
6/1/2019,6/30/2019,actual,38519597,Peru,16166032
5/1/2020,5/3/2020,actual,57343819,Peru,426669
12/1/2020,12/20/2020,projection,50563073,Peru,0
4/1/2018,4/29/2018,actual,57879711,Peru,0
9/1/2019,9/8/2019,actual,44957024,Peru,1280008
12/1/2020,12/13/2020,projection,49965178,Peru,0
8/1/2018,8/12/2018,actual,56626601,Peru,15170470
2/1/2020,2/2/2020,actual,45414983,Peru,0
11/1/2018,11/18/2018,actual,44931673,Peru,0
9/1/2018,9/16/2018,actual,51398671,Peru,6163003
2/1/2019,2/10/2019,actual,39391270,Peru,0
8/1/2019,8/4/2019,actual,39624707,Peru,11851930
7/1/2018,7/15/2018,actual,52741471,Peru,12041561
4/1/2020,4/19/2020,actual,65731766,Peru,284446
3/1/2018,3/18/2018,actual,51922869,Peru,0
11/1/2020,11/29/2020,projection,46408984,Peru,0
9/1/2019,9/29/2019,actual,56281822,Peru,0
6/1/2019,6/2/2019,actual,48758242,Peru,9955620
8/1/2020,8/16/2020,actual,45333672,Peru,8154127
4/1/2019,4/14/2019,actual,71757754,Peru,0
8/1/2020,8/23/2020,actual,54176904,Peru,6874119
7/1/2019,7/14/2019,actual,54169319,Colombia,0
11/1/2018,11/11/2018,actual,7175415,Colombia,0
4/1/2018,4/15/2018,actual,65017211,Colombia,0
10/1/2018,10/21/2018,actual,41484288,Colombia,0
5/1/2020,5/31/2020,actual,51667453,Colombia,0
11/1/2018,11/25/2018,actual,70104497,Colombia,0
2/1/2018,2/4/2018,actual,47371481,Colombia,0
3/1/2018,3/11/2018,actual,52057338,Colombia,0
3/1/2018,3/25/2018,actual,45807126,Colombia,0
3/1/2019,3/3/2019,actual,56315469,Colombia,0
10/1/2020,10/4/2020,actual,52210342,Colombia,0
12/1/2019,12/15/2019,actual,48427351,Colombia,0
2/1/2019,2/3/2019,actual,45231823,Colombia,0
7/1/2018,7/29/2018,actual,49443206,Colombia,0
5/1/2018,5/20/2018,actual,54804644,Colombia,0
4/1/2019,4/28/2019,actual,43710990,Colombia,0
6/1/2020,6/14/2020,actual,64385710,Colombia,191326
5/1/2019,5/12/2019,actual,45314468,Colombia,0
9/1/2019,9/1/2019,actual,37090495,Colombia,0
3/1/2019,3/24/2019,actual,47860338,Colombia,0
8/1/2019,8/11/2019,actual,30887574,Colombia,0
6/1/2018,6/17/2018,actual,50646896,Colombia,0
7/1/2018,7/22/2018,actual,43482853,Colombia,0
11/1/2019,11/10/2019,actual,43217649,Colombia,0
4/1/2019,4/21/2019,actual,41226066,Colombia,0
6/1/2018,6/10/2018,actual,54216347,Colombia,0
1/1/2018,1/7/2018,actual,45670156,Colombia,0
8/1/2019,8/25/2019,actual,48325702,Colombia,0
5/1/2018,5/27/2018,actual,58216425,Colombia,0
7/1/2020,7/19/2020,actual,55528282,Colombia,191326
10/1/2019,10/6/2019,actual,48828843,Colombia,50000
10/1/2020,10/11/2020,actual,56934734,Colombia,0
4/1/2018,4/22/2018,actual,66889496,Colombia,0
4/1/2018,4/1/2018,actual,39158603,Colombia,0
12/1/2018,12/9/2018,actual,55009729,Colombia,0
9/1/2018,9/23/2018,actual,49322205,Colombia,0
12/1/2019,12/8/2019,actual,55662831,Colombia,0
11/1/2020,11/8/2020,actual,42783020,Colombia,0
7/1/2019,7/28/2019,actual,53521551,Colombia,0
5/1/2019,5/26/2019,actual,53448347,Colombia,0
3/1/2019,3/31/2019,actual,57772402,Colombia,0
2/1/2019,2/24/2019,actual,60985301,Colombia,0
6/1/2018,6/24/2018,actual,49126245,Colombia,0
11/1/2020,11/22/2020,projection,38427934,Colombia,294317
6/1/2018,6/3/2018,actual,54230134,Colombia,0
8/1/2020,8/9/2020,actual,52326427,Colombia,139508
3/1/2020,3/8/2020,actual,47119478,Colombia,0
7/1/2020,7/26/2020,actual,59549678,Colombia,283003
11/1/2020,11/15/2020,actual,56990553,Colombia,0
8/1/2019,8/18/2019,actual,49712129,Colombia,0
7/1/2018,7/1/2018,actual,59868501,Colombia,0
9/1/2018,9/9/2018,actual,44091358,Colombia,0
6/1/2020,6/28/2020,actual,67186115,Colombia,234188
10/1/2019,10/13/2019,actual,52027810,Colombia,0
8/1/2018,8/5/2018,actual,52948354,Colombia,0
12/1/2018,12/16/2018,actual,50045775,Colombia,0
8/1/2018,8/26/2018,actual,48011570,Colombia,0
10/1/2020,10/18/2020,actual,55367338,Colombia,0
10/1/2019,10/27/2019,actual,48468039,Colombia,0
2/1/2019,2/17/2019,actual,52838523,Colombia,0
1/1/2018,1/14/2018,actual,52758905,Colombia,0
6/1/2019,6/9/2019,actual,44060017,Colombia,0
6/1/2020,6/21/2020,actual,65624404,Colombia,187340
11/1/2020,11/1/2020,actual,49535249,Colombia,0
1/1/2019,1/27/2019,actual,59200492,Colombia,0
3/1/2020,3/15/2020,actual,48039847,Colombia,0
12/1/2018,12/2/2018,actual,55202354,Colombia,0
9/1/2020,9/6/2020,actual,52693480,Colombia,0
1/1/2018,1/28/2018,actual,45299201,Colombia,0
7/1/2019,7/7/2019,actual,51446909,Colombia,0
1/1/2019,1/13/2019,actual,73115987,Colombia,0
11/1/2019,11/3/2019,actual,53112275,Colombia,0
5/1/2020,5/24/2020,actual,51932040,Colombia,0
11/1/2018,11/4/2018,actual,15760324,Colombia,0
9/1/2020,9/20/2020,actual,45986305,Colombia,0
2/1/2020,2/9/2020,actual,29476898,Colombia,0
5/1/2019,5/19/2019,actual,50595179,Colombia,0
8/1/2018,8/19/2018,actual,56452066,Colombia,0
1/1/2020,1/12/2020,actual,65307572,Colombia,0
4/1/2020,4/12/2020,actual,24945091,Colombia,0
12/1/2019,12/29/2019,actual,33408342,Colombia,0
10/1/2018,10/14/2018,actual,43609892,Colombia,0
1/1/2020,1/26/2020,actual,66647112,Colombia,50000
4/1/2020,4/5/2020,actual,24392863,Colombia,0
12/1/2018,12/23/2018,actual,47448337,Colombia,0
1/1/2020,1/5/2020,actual,32537444,Colombia,50000
5/1/2018,5/13/2018,actual,49634250,Colombia,0
3/1/2019,3/10/2019,actual,55687317,Colombia,0
10/1/2019,10/20/2019,actual,45213563,Colombia,0
3/1/2020,3/22/2020,actual,54765620,Colombia,0
8/1/2020,8/2/2020,actual,61589035,Colombia,334820
12/1/2018,12/30/2018,actual,33740596,Colombia,0
9/1/2018,9/2/2018,actual,38516499,Colombia,0
9/1/2018,9/30/2018,actual,39213471,Colombia,0
1/1/2020,1/19/2020,actual,76375629,Colombia,50000
2/1/2018,2/11/2018,actual,39307402,Colombia,0
6/1/2020,6/7/2020,actual,54322214,Colombia,95663
8/1/2020,8/30/2020,actual,48717827,Colombia,128368
5/1/2020,5/10/2020,actual,68814562,Colombia,0
9/1/2020,9/13/2020,actual,50284383,Colombia,0
2/1/2018,2/25/2018,actual,53018743,Colombia,0
3/1/2020,3/29/2020,actual,36225538,Colombia,0
2/1/2020,2/23/2020,actual,60175473,Colombia,0
5/1/2019,5/5/2019,actual,37778586,Colombia,0
1/1/2018,1/21/2018,actual,54698266,Colombia,0
9/1/2019,9/15/2019,actual,51760427,Colombia,0
7/1/2020,7/12/2020,actual,52258875,Colombia,234188
12/1/2019,12/1/2019,actual,49266022,Colombia,0
1/1/2019,1/6/2019,actual,39644522,Colombia,0
4/1/2019,4/7/2019,actual,66309565,Colombia,0
1/1/2019,1/20/2019,actual,73262502,Colombia,0
12/1/2020,12/6/2020,projection,52612612,Colombia,347228
3/1/2019,3/17/2019,actual,57661257,Colombia,0
6/1/2019,6/23/2019,actual,43112741,Colombia,0
9/1/2019,9/22/2019,actual,41138734,Colombia,0
5/1/2020,5/17/2020,actual,54720342,Colombia,0
12/1/2019,12/22/2019,actual,49600528,Colombia,0
7/1/2020,7/5/2020,actual,55217288,Colombia,186356
11/1/2019,11/17/2019,actual,41304726,Colombia,0
4/1/2020,4/26/2020,actual,70861471,Colombia,0
2/1/2018,2/18/2018,actual,51204346,Colombia,0
7/1/2018,7/8/2018,actual,54802659,Colombia,0
9/1/2020,9/27/2020,actual,56022215,Colombia,0
10/1/2020,10/25/2020,actual,55789244,Colombia,758279
6/1/2019,6/16/2019,actual,43165973,Colombia,0
4/1/2018,4/8/2018,actual,57742874,Colombia,0
3/1/2020,3/1/2020,actual,56195818,Colombia,0
12/1/2020,12/27/2020,projection,38422754,Colombia,145505
10/1/2018,10/7/2018,actual,44622910,Colombia,0
10/1/2018,10/28/2018,actual,43424770,Colombia,0
7/1/2019,7/21/2019,actual,51585051,Colombia,0
11/1/2019,11/24/2019,actual,39597532,Colombia,0
2/1/2020,2/16/2020,actual,50713581,Colombia,0
5/1/2018,5/6/2018,actual,43454036,Colombia,0
3/1/2018,3/4/2018,actual,50628975,Colombia,0
6/1/2019,6/30/2019,actual,38519597,Colombia,0
5/1/2020,5/3/2020,actual,57343819,Colombia,0
12/1/2020,12/20/2020,projection,50563073,Colombia,244713
4/1/2018,4/29/2018,actual,57879711,Colombia,0
9/1/2019,9/8/2019,actual,44957024,Colombia,0
12/1/2020,12/13/2020,projection,49965178,Colombia,244713
8/1/2018,8/12/2018,actual,56626601,Colombia,0
2/1/2020,2/2/2020,actual,45414983,Colombia,0
11/1/2018,11/18/2018,actual,44931673,Colombia,0
9/1/2018,9/16/2018,actual,51398671,Colombia,0
2/1/2019,2/10/2019,actual,39391270,Colombia,0
8/1/2019,8/4/2019,actual,39624707,Colombia,0
7/1/2018,7/15/2018,actual,52741471,Colombia,0
4/1/2020,4/19/2020,actual,65731766,Colombia,0
3/1/2018,3/18/2018,actual,51922869,Colombia,0
11/1/2020,11/29/2020,projection,46408984,Colombia,347228
9/1/2019,9/29/2019,actual,56281822,Colombia,0
6/1/2019,6/2/2019,actual,48758242,Colombia,0
8/1/2020,8/16/2020,actual,45333672,Colombia,239157
4/1/2019,4/14/2019,actual,71757754,Colombia,0
8/1/2020,8/23/2020,actual,54176904,Colombia,95663
