year_month,date,status,prod_total_volume,location,prod_volume
2019-07-01,2019-07-14,actual,54169319,california,12772597
2018-11-01,2018-11-11,actual,7175415,california,0
2018-04-01,2018-04-15,actual,65017211,california,13069634
2018-10-01,2018-10-21,actual,41484288,california,786902
2020-05-01,2020-05-31,actual,51667453,california,11861004
2018-11-01,2018-11-25,actual,70104497,california,0
2018-02-01,2018-02-04,actual,47371481,california,2635471
2018-03-01,2018-03-11,actual,52057338,california,6816044
2018-03-01,2018-03-25,actual,45807126,california,4997613
2019-03-01,2019-03-03,actual,56315469,california,689283
2020-10-01,2020-10-04,actual,52210342,california,3964963
2019-12-01,2019-12-15,actual,48427351,california,0
2019-02-01,2019-02-03,actual,45231823,california,225945
2018-07-01,2018-07-29,actual,49443206,california,6963066
2018-05-01,2018-05-20,actual,54804644,california,13573634
2019-04-01,2019-04-28,actual,43710990,california,9434335
2020-06-01,2020-06-14,actual,64385710,california,13344459
2019-05-01,2019-05-12,actual,45314468,california,6719247
2019-09-01,2019-09-01,actual,37090495,california,2233704
2019-03-01,2019-03-24,actual,47860338,california,1571282
2019-08-01,2019-08-11,actual,30887574,california,4205974
2018-06-01,2018-06-17,actual,50646896,california,12202533
2018-07-01,2018-07-22,actual,43482853,california,8956463
2019-11-01,2019-11-10,actual,43217649,california,0
2019-04-01,2019-04-21,actual,41226066,california,9894095
2018-06-01,2018-06-10,actual,54216347,california,12776858
2018-01-01,2018-01-07,actual,45670156,california,899349
2019-08-01,2019-08-25,actual,48325702,california,3013192
2018-05-01,2018-05-27,actual,58216425,california,14293995
2020-07-01,2020-07-19,actual,55528282,california,10130158
2019-10-01,2019-10-06,actual,48828843,california,476745
2020-10-01,2020-10-11,actual,56934734,california,2412058
2018-04-01,2018-04-22,actual,66889496,california,14568602
2018-04-01,2018-04-01,actual,39158603,california,8244614
2018-12-01,2018-12-09,actual,55009729,california,0
2018-09-01,2018-09-23,actual,49322205,california,3042322
2019-12-01,2019-12-08,actual,55662831,california,0
2020-11-01,2020-11-08,actual,42783020,california,1634969
2019-07-01,2019-07-28,actual,53521551,california,7545211
2019-05-01,2019-05-26,actual,53448347,california,11609804
2019-03-01,2019-03-31,actual,57772402,california,3431234
2019-02-01,2019-02-24,actual,60985301,california,397103
2018-06-01,2018-06-24,actual,49126245,california,11017628
2020-11-01,2020-11-22,projection,38427934,california,0
2018-06-01,2018-06-03,actual,54230134,california,9832339
2020-08-01,2020-08-09,actual,52326427,california,9553079
2020-03-01,2020-03-08,actual,47119478,california,8249788
2020-07-01,2020-07-26,actual,59549678,california,9483748
2020-11-01,2020-11-15,actual,56990553,california,1390168
2019-08-01,2019-08-18,actual,49712129,california,3864187
2018-07-01,2018-07-01,actual,59868501,california,13034205
2018-09-01,2018-09-09,actual,44091358,california,3157120
2020-06-01,2020-06-28,actual,67186115,california,15228590
2019-10-01,2019-10-13,actual,52027810,california,170248
2018-08-01,2018-08-05,actual,52948354,california,6652168
2018-12-01,2018-12-16,actual,50045775,california,1900
2018-08-01,2018-08-26,actual,48011570,california,8826173
2020-10-01,2020-10-18,actual,55367338,california,2203774
2019-10-01,2019-10-27,actual,48468039,california,0
2019-02-01,2019-02-17,actual,52838523,california,218968
2018-01-01,2018-01-14,actual,52758905,california,830821
2019-06-01,2019-06-09,actual,44060017,california,10069551
2020-06-01,2020-06-21,actual,65624404,california,13754827
2020-11-01,2020-11-01,actual,49535249,california,1314534
2019-01-01,2019-01-27,actual,59200492,california,306018
2020-03-01,2020-03-15,actual,48039847,california,3868964
2018-12-01,2018-12-02,actual,55202354,california,0
2020-09-01,2020-09-06,actual,52693480,california,8453470
2018-01-01,2018-01-28,actual,45299201,california,2698356
2019-07-01,2019-07-07,actual,51446909,california,12657672
2019-01-01,2019-01-13,actual,73115987,california,71558
2019-11-01,2019-11-03,actual,53112275,california,0
2020-05-01,2020-05-24,actual,51932040,california,16615963
2018-11-01,2018-11-04,actual,15760324,california,0
2020-09-01,2020-09-20,actual,45986305,california,6779219
2020-02-01,2020-02-09,actual,29476898,california,2489304
2019-05-01,2019-05-19,actual,50595179,california,9208998
2018-08-01,2018-08-19,actual,56452066,california,8625095
2020-01-01,2020-01-12,actual,65307572,california,319866
2020-04-01,2020-04-12,actual,24945091,california,3115152
2019-12-01,2019-12-29,actual,33408342,california,0
2018-10-01,2018-10-14,actual,43609892,california,798732
2020-01-01,2020-01-26,actual,66647112,california,2822485
2020-04-01,2020-04-05,actual,24392863,california,7933743
2018-12-01,2018-12-23,actual,47448337,california,950
2020-01-01,2020-01-05,actual,32537444,california,37220
2018-05-01,2018-05-13,actual,49634250,california,13013238
2019-03-01,2019-03-10,actual,55687317,california,563806
2019-10-01,2019-10-20,actual,45213563,california,0
2020-03-01,2020-03-22,actual,54765620,california,8086208
2020-08-01,2020-08-02,actual,61589035,california,9301142
2018-12-01,2018-12-30,actual,33740596,california,1800
2018-09-01,2018-09-02,actual,38516499,california,5955763
2018-09-01,2018-09-30,actual,39213471,california,1962416
2020-01-01,2020-01-19,actual,76375629,california,1604707
2018-02-01,2018-02-11,actual,39307402,california,3039843
2020-06-01,2020-06-07,actual,54322214,california,12247478
2020-08-01,2020-08-30,actual,48717827,california,8494500
2020-05-01,2020-05-10,actual,68814562,california,17353081
2020-09-01,2020-09-13,actual,50284383,california,5945695
2018-02-01,2018-02-25,actual,53018743,california,5031685
2020-03-01,2020-03-29,actual,36225538,california,8323661
2020-02-01,2020-02-23,actual,60175473,california,6454635
2019-05-01,2019-05-05,actual,37778586,california,7274131
2018-01-01,2018-01-21,actual,54698266,california,2913663
2019-09-01,2019-09-15,actual,51760427,california,934008
2020-07-01,2020-07-12,actual,52258875,california,11391217
2019-12-01,2019-12-01,actual,49266022,california,0
2019-01-01,2019-01-06,actual,39644522,california,0
2019-04-01,2019-04-07,actual,66309565,california,7995697
2019-01-01,2019-01-20,actual,73262502,california,35452
2020-12-01,2020-12-06,projection,52612612,california,0
2019-03-01,2019-03-17,actual,57661257,california,1115176
2019-06-01,2019-06-23,actual,43112741,california,12526752
2019-09-01,2019-09-22,actual,41138734,california,717498
2020-05-01,2020-05-17,actual,54720342,california,14715907
2019-12-01,2019-12-22,actual,49600528,california,0
2020-07-01,2020-07-05,actual,55217288,california,11780040
2019-11-01,2019-11-17,actual,41304726,california,0
2020-04-01,2020-04-26,actual,70861471,california,16932573
2018-02-01,2018-02-18,actual,51204346,california,4264449
2018-07-01,2018-07-08,actual,54802659,california,11546402
2020-09-01,2020-09-27,actual,56022215,california,5944327
2020-10-01,2020-10-25,actual,55789244,california,1974640
2019-06-01,2019-06-16,actual,43165973,california,10904000
2018-04-01,2018-04-08,actual,57742874,california,10978270
2020-03-01,2020-03-01,actual,56195818,california,9785442
2020-12-01,2020-12-27,projection,38422754,california,0
2018-10-01,2018-10-07,actual,44622910,california,1459548
2018-10-01,2018-10-28,actual,43424770,california,332800
2019-07-01,2019-07-21,actual,51585051,california,9892498
2019-11-01,2019-11-24,actual,39597532,california,0
2020-02-01,2020-02-16,actual,50713581,california,5257159
2018-05-01,2018-05-06,actual,43454036,california,13377497
2018-03-01,2018-03-04,actual,50628975,california,4863680
2019-06-01,2019-06-30,actual,38519597,california,13700507
2020-05-01,2020-05-03,actual,57343819,california,17453801
2020-12-01,2020-12-20,projection,50563073,california,0
2018-04-01,2018-04-29,actual,57879711,california,16473176
2019-09-01,2019-09-08,actual,44957024,california,1099090
2020-12-01,2020-12-13,projection,49965178,california,0
2018-08-01,2018-08-12,actual,56626601,california,7234836
2020-02-01,2020-02-02,actual,45414983,california,2704489
2018-11-01,2018-11-18,actual,44931673,california,0
2018-09-01,2018-09-16,actual,51398671,california,3782736
2019-02-01,2019-02-10,actual,39391270,california,129957
2019-08-01,2019-08-04,actual,39624707,california,5407640
2018-07-01,2018-07-15,actual,52741471,california,13081786
2020-04-01,2020-04-19,actual,65731766,california,15741055
2018-03-01,2018-03-18,actual,51922869,california,4143387
2020-11-01,2020-11-29,projection,46408984,california,0
2019-09-01,2019-09-29,actual,56281822,california,611955
2019-06-01,2019-06-02,actual,48758242,california,9115908
2020-08-01,2020-08-16,actual,45333672,california,8693483
2019-04-01,2019-04-14,actual,71757754,california,11103220
2020-08-01,2020-08-23,actual,54176904,california,7873941
2019-07-01,2019-07-14,actual,54169319,chile,0
2018-11-01,2018-11-11,actual,7175415,chile,2322562
2018-04-01,2018-04-15,actual,65017211,chile,0
2018-10-01,2018-10-21,actual,41484288,chile,2002066
2020-05-01,2020-05-31,actual,51667453,chile,0
2018-11-01,2018-11-25,actual,70104497,chile,1834643
2018-02-01,2018-02-04,actual,47371481,chile,0
2018-03-01,2018-03-11,actual,52057338,chile,0
2018-03-01,2018-03-25,actual,45807126,chile,0
2019-03-01,2019-03-03,actual,56315469,chile,223611
2020-10-01,2020-10-04,actual,52210342,chile,456910
2019-12-01,2019-12-15,actual,48427351,chile,314608
2019-02-01,2019-02-03,actual,45231823,chile,584756
2018-07-01,2018-07-29,actual,49443206,chile,0
2018-05-01,2018-05-20,actual,54804644,chile,0
2019-04-01,2019-04-28,actual,43710990,chile,0
2020-06-01,2020-06-14,actual,64385710,chile,0
2019-05-01,2019-05-12,actual,45314468,chile,0
2019-09-01,2019-09-01,actual,37090495,chile,1684129
2019-03-01,2019-03-24,actual,47860338,chile,0
2019-08-01,2019-08-11,actual,30887574,chile,235947
2018-06-01,2018-06-17,actual,50646896,chile,0
2018-07-01,2018-07-22,actual,43482853,chile,0
2019-11-01,2019-11-10,actual,43217649,chile,188154
2019-04-01,2019-04-21,actual,41226066,chile,0
2018-06-01,2018-06-10,actual,54216347,chile,0
2018-01-01,2018-01-07,actual,45670156,chile,519433
2019-08-01,2019-08-25,actual,48325702,chile,1245093
2018-05-01,2018-05-27,actual,58216425,chile,0
2020-07-01,2020-07-19,actual,55528282,chile,0
2019-10-01,2019-10-06,actual,48828843,chile,2628545
2020-10-01,2020-10-11,actual,56934734,chile,405483
2018-04-01,2018-04-22,actual,66889496,chile,0
2018-04-01,2018-04-01,actual,39158603,chile,0
2018-12-01,2018-12-09,actual,55009729,chile,3544679
2018-09-01,2018-09-23,actual,49322205,chile,5695958
2019-12-01,2019-12-08,actual,55662831,chile,314608
2020-11-01,2020-11-08,actual,42783020,chile,0
2019-07-01,2019-07-28,actual,53521551,chile,0
2019-05-01,2019-05-26,actual,53448347,chile,0
2019-03-01,2019-03-31,actual,57772402,chile,0
2019-02-01,2019-02-24,actual,60985301,chile,184891
2018-06-01,2018-06-24,actual,49126245,chile,0
2020-11-01,2020-11-22,projection,38427934,chile,352000
2018-06-01,2018-06-03,actual,54230134,chile,0
2020-08-01,2020-08-09,actual,52326427,chile,0
2020-03-01,2020-03-08,actual,47119478,chile,0
2020-07-01,2020-07-26,actual,59549678,chile,0
2020-11-01,2020-11-15,actual,56990553,chile,0
2019-08-01,2019-08-18,actual,49712129,chile,328453
2018-07-01,2018-07-01,actual,59868501,chile,0
2018-09-01,2018-09-09,actual,44091358,chile,1505218
2020-06-01,2020-06-28,actual,67186115,chile,0
2019-10-01,2019-10-13,actual,52027810,chile,2304294
2018-08-01,2018-08-05,actual,52948354,chile,0
2018-12-01,2018-12-16,actual,50045775,chile,3218701
2018-08-01,2018-08-26,actual,48011570,chile,705204
2020-10-01,2020-10-18,actual,55367338,chile,255824
2019-10-01,2019-10-27,actual,48468039,chile,1369502
2019-02-01,2019-02-17,actual,52838523,chile,410166
2018-01-01,2018-01-14,actual,52758905,chile,449003
2019-06-01,2019-06-09,actual,44060017,chile,0
2020-06-01,2020-06-21,actual,65624404,chile,0
2020-11-01,2020-11-01,actual,49535249,chile,0
2019-01-01,2019-01-27,actual,59200492,chile,676866
2020-03-01,2020-03-15,actual,48039847,chile,0
2018-12-01,2018-12-02,actual,55202354,chile,2377770
2020-09-01,2020-09-06,actual,52693480,chile,0
2018-01-01,2018-01-28,actual,45299201,chile,95491
2019-07-01,2019-07-07,actual,51446909,chile,0
2019-01-01,2019-01-13,actual,73115987,chile,1154459
2019-11-01,2019-11-03,actual,53112275,chile,1202068
2020-05-01,2020-05-24,actual,51932040,chile,0
2018-11-01,2018-11-04,actual,15760324,chile,2283410
2020-09-01,2020-09-20,actual,45986305,chile,198945
2020-02-01,2020-02-09,actual,29476898,chile,0
2019-05-01,2019-05-19,actual,50595179,chile,0
2018-08-01,2018-08-19,actual,56452066,chile,331267
2020-01-01,2020-01-12,actual,65307572,chile,177780
2020-04-01,2020-04-12,actual,24945091,chile,0
2019-12-01,2019-12-29,actual,33408342,chile,222755
2018-10-01,2018-10-14,actual,43609892,chile,3241640
2020-01-01,2020-01-26,actual,66647112,chile,0
2020-04-01,2020-04-05,actual,24392863,chile,0
2018-12-01,2018-12-23,actual,47448337,chile,2105644
2020-01-01,2020-01-05,actual,32537444,chile,159041
2018-05-01,2018-05-13,actual,49634250,chile,0
2019-03-01,2019-03-10,actual,55687317,chile,224208
2019-10-01,2019-10-20,actual,45213563,chile,1689204
2020-03-01,2020-03-22,actual,54765620,chile,0
2020-08-01,2020-08-02,actual,61589035,chile,0
2018-12-01,2018-12-30,actual,33740596,chile,1856008
2018-09-01,2018-09-02,actual,38516499,chile,1833426
2018-09-01,2018-09-30,actual,39213471,chile,5315922
2020-01-01,2020-01-19,actual,76375629,chile,222755
2018-02-01,2018-02-11,actual,39307402,chile,0
2020-06-01,2020-06-07,actual,54322214,chile,0
2020-08-01,2020-08-30,actual,48717827,chile,0
2020-05-01,2020-05-10,actual,68814562,chile,0
2020-09-01,2020-09-13,actual,50284383,chile,50794
2018-02-01,2018-02-25,actual,53018743,chile,0
2020-03-01,2020-03-29,actual,36225538,chile,0
2020-02-01,2020-02-23,actual,60175473,chile,0
2019-05-01,2019-05-05,actual,37778586,chile,0
2018-01-01,2018-01-21,actual,54698266,chile,445127
2019-09-01,2019-09-15,actual,51760427,chile,2831699
2020-07-01,2020-07-12,actual,52258875,chile,0
2019-12-01,2019-12-01,actual,49266022,chile,363868
2019-01-01,2019-01-06,actual,39644522,chile,1111244
2019-04-01,2019-04-07,actual,66309565,chile,0
2019-01-01,2019-01-20,actual,73262502,chile,681725
2020-12-01,2020-12-06,projection,52612612,chile,176000
2019-03-01,2019-03-17,actual,57661257,chile,45885
2019-06-01,2019-06-23,actual,43112741,chile,0
2019-09-01,2019-09-22,actual,41138734,chile,3649980
2020-05-01,2020-05-17,actual,54720342,chile,0
2019-12-01,2019-12-22,actual,49600528,chile,177780
2020-07-01,2020-07-05,actual,55217288,chile,0
2019-11-01,2019-11-17,actual,41304726,chile,89949
2020-04-01,2020-04-26,actual,70861471,chile,0
2018-02-01,2018-02-18,actual,51204346,chile,0
2018-07-01,2018-07-08,actual,54802659,chile,0
2020-09-01,2020-09-27,actual,56022215,chile,551263
2020-10-01,2020-10-25,actual,55789244,chile,131219
2019-06-01,2019-06-16,actual,43165973,chile,0
2018-04-01,2018-04-08,actual,57742874,chile,0
2020-03-01,2020-03-01,actual,56195818,chile,0
2020-12-01,2020-12-27,projection,38422754,chile,44000
2018-10-01,2018-10-07,actual,44622910,chile,4141118
2018-10-01,2018-10-28,actual,43424770,chile,2480207
2019-07-01,2019-07-21,actual,51585051,chile,0
2019-11-01,2019-11-24,actual,39597532,chile,234344
2020-02-01,2020-02-16,actual,50713581,chile,0
2018-05-01,2018-05-06,actual,43454036,chile,0
2018-03-01,2018-03-04,actual,50628975,chile,0
2019-06-01,2019-06-30,actual,38519597,chile,0
2020-05-01,2020-05-03,actual,57343819,chile,0
2020-12-01,2020-12-20,projection,50563073,chile,44000
2018-04-01,2018-04-29,actual,57879711,chile,0
2019-09-01,2019-09-08,actual,44957024,chile,2405413
2020-12-01,2020-12-13,projection,49965178,chile,176000
2018-08-01,2018-08-12,actual,56626601,chile,0
2020-02-01,2020-02-02,actual,45414983,chile,0
2018-11-01,2018-11-18,actual,44931673,chile,3513150
2018-09-01,2018-09-16,actual,51398671,chile,6299540
2019-02-01,2019-02-10,actual,39391270,chile,497035
2019-08-01,2019-08-04,actual,39624707,chile,94816
2018-07-01,2018-07-15,actual,52741471,chile,0
2020-04-01,2020-04-19,actual,65731766,chile,0
2018-03-01,2018-03-18,actual,51922869,chile,0
2020-11-01,2020-11-29,projection,46408984,chile,264000
2019-09-01,2019-09-29,actual,56281822,chile,3235736
2019-06-01,2019-06-02,actual,48758242,chile,0
2020-08-01,2020-08-16,actual,45333672,chile,0
2019-04-01,2019-04-14,actual,71757754,chile,0
2020-08-01,2020-08-23,actual,54176904,chile,0
2019-07-01,2019-07-14,actual,54169319,mexico,23998089
2018-11-01,2018-11-11,actual,7175415,mexico,4852853
2018-04-01,2018-04-15,actual,65017211,mexico,51947577
2018-10-01,2018-10-21,actual,41484288,mexico,38695320
2020-05-01,2020-05-31,actual,51667453,mexico,35634569
2018-11-01,2018-11-25,actual,70104497,mexico,68269854
2018-02-01,2018-02-04,actual,47371481,mexico,44736010
2018-03-01,2018-03-11,actual,52057338,mexico,45241294
2018-03-01,2018-03-25,actual,45807126,mexico,40809513
2019-03-01,2019-03-03,actual,56315469,mexico,55402575
2020-10-01,2020-10-04,actual,52210342,mexico,47788469
2019-12-01,2019-12-15,actual,48427351,mexico,48112742
2019-02-01,2019-02-03,actual,45231823,mexico,44421122
2018-07-01,2018-07-29,actual,49443206,mexico,25600735
2018-05-01,2018-05-20,actual,54804644,mexico,40946564
2019-04-01,2019-04-28,actual,43710990,mexico,33470724
2020-06-01,2020-06-14,actual,64385710,mexico,39424664
2019-05-01,2019-05-12,actual,45314468,mexico,36841135
2019-09-01,2019-09-01,actual,37090495,mexico,29806714
2019-03-01,2019-03-24,actual,47860338,mexico,46289056
2019-08-01,2019-08-11,actual,30887574,mexico,18955232
2018-06-01,2018-06-17,actual,50646896,mexico,31575868
2018-07-01,2018-07-22,actual,43482853,mexico,22437422
2019-11-01,2019-11-10,actual,43217649,mexico,43029495
2019-04-01,2019-04-21,actual,41226066,mexico,31142340
2018-06-01,2018-06-10,actual,54216347,mexico,35859311
2018-01-01,2018-01-07,actual,45670156,mexico,44251374
2019-08-01,2019-08-25,actual,48325702,mexico,40322206
2018-05-01,2018-05-27,actual,58216425,mexico,41926134
2020-07-01,2020-07-19,actual,55528282,mexico,29182989
2019-10-01,2019-10-06,actual,48828843,mexico,45673552
2020-10-01,2020-10-11,actual,56934734,mexico,54117193
2018-04-01,2018-04-22,actual,66889496,mexico,52320894
2018-04-01,2018-04-01,actual,39158603,mexico,30913989
2018-12-01,2018-12-09,actual,55009729,mexico,51465050
2018-09-01,2018-09-23,actual,49322205,mexico,36691752
2019-12-01,2019-12-08,actual,55662831,mexico,55348222
2020-11-01,2020-11-08,actual,42783020,mexico,41148050
2019-07-01,2019-07-28,actual,53521551,mexico,31327355
2019-05-01,2019-05-26,actual,53448347,mexico,35628132
2019-03-01,2019-03-31,actual,57772402,mexico,54341168
2019-02-01,2019-02-24,actual,60985301,mexico,60355899
2018-06-01,2018-06-24,actual,49126245,mexico,30306824
2020-11-01,2020-11-22,projection,38427934,mexico,37781617
2018-06-01,2018-06-03,actual,54230134,mexico,39826579
2020-08-01,2020-08-09,actual,52326427,mexico,32109326
2020-03-01,2020-03-08,actual,47119478,mexico,38869689
2020-07-01,2020-07-26,actual,59549678,mexico,36790367
2020-11-01,2020-11-15,actual,56990553,mexico,55600384
2019-08-01,2019-08-18,actual,49712129,mexico,38218699
2018-07-01,2018-07-01,actual,59868501,mexico,37779422
2018-09-01,2018-09-09,actual,44091358,mexico,30089700
2020-06-01,2020-06-28,actual,67186115,mexico,35035819
2019-10-01,2019-10-13,actual,52027810,mexico,49553268
2018-08-01,2018-08-05,actual,52948354,mexico,29039776
2018-12-01,2018-12-16,actual,50045775,mexico,46825174
2018-08-01,2018-08-26,actual,48011570,mexico,25537886
2020-10-01,2020-10-18,actual,55367338,mexico,52907739
2019-10-01,2019-10-27,actual,48468039,mexico,47098535
2019-02-01,2019-02-17,actual,52838523,mexico,52209389
2018-01-01,2018-01-14,actual,52758905,mexico,51479081
2019-06-01,2019-06-09,actual,44060017,mexico,22660021
2020-06-01,2020-06-21,actual,65624404,mexico,39545860
2020-11-01,2020-11-01,actual,49535249,mexico,48220715
2019-01-01,2019-01-27,actual,59200492,mexico,58217608
2020-03-01,2020-03-15,actual,48039847,mexico,44120882
2018-12-01,2018-12-02,actual,55202354,mexico,52824584
2020-09-01,2020-09-06,actual,52693480,mexico,39925907
2018-01-01,2018-01-28,actual,45299201,mexico,42505354
2019-07-01,2019-07-07,actual,51446909,mexico,21024383
2019-01-01,2019-01-13,actual,73115987,mexico,71889970
2019-11-01,2019-11-03,actual,53112275,mexico,51910206
2020-05-01,2020-05-24,actual,51932040,mexico,33372360
2018-11-01,2018-11-04,actual,15760324,mexico,13476914
2020-09-01,2020-09-20,actual,45986305,mexico,38249616
2020-02-01,2020-02-09,actual,29476898,mexico,26987593
2019-05-01,2019-05-19,actual,50595179,mexico,36977263
2018-08-01,2018-08-19,actual,56452066,mexico,34031913
2020-01-01,2020-01-12,actual,65307572,mexico,64809925
2020-04-01,2020-04-12,actual,24945091,mexico,21687715
2019-12-01,2019-12-29,actual,33408342,mexico,33185587
2018-10-01,2018-10-14,actual,43609892,mexico,39427297
2020-01-01,2020-01-26,actual,66647112,mexico,63774627
2020-04-01,2020-04-05,actual,24392863,mexico,16174674
2018-12-01,2018-12-23,actual,47448337,mexico,45341743
2020-01-01,2020-01-05,actual,32537444,mexico,32291182
2018-05-01,2018-05-13,actual,49634250,mexico,36478789
2019-03-01,2019-03-10,actual,55687317,mexico,54899303
2019-10-01,2019-10-20,actual,45213563,mexico,43524359
2020-03-01,2020-03-22,actual,54765620,mexico,46679412
2020-08-01,2020-08-02,actual,61589035,mexico,38468421
2018-12-01,2018-12-30,actual,33740596,mexico,31882788
2018-09-01,2018-09-02,actual,38516499,mexico,17927226
2018-09-01,2018-09-30,actual,39213471,mexico,29517339
2020-01-01,2020-01-19,actual,76375629,mexico,74498167
2018-02-01,2018-02-11,actual,39307402,mexico,36267559
2020-06-01,2020-06-07,actual,54322214,mexico,33956728
2020-08-01,2020-08-30,actual,48717827,mexico,34643071
2020-05-01,2020-05-10,actual,68814562,mexico,50608141
2020-09-01,2020-09-13,actual,50284383,mexico,41917507
2018-02-01,2018-02-25,actual,53018743,mexico,47987058
2020-03-01,2020-03-29,actual,36225538,mexico,27901876
2020-02-01,2020-02-23,actual,60175473,mexico,53720838
2019-05-01,2019-05-05,actual,37778586,mexico,29034816
2018-01-01,2018-01-21,actual,54698266,mexico,51339476
2019-09-01,2019-09-15,actual,51760427,mexico,47331012
2020-07-01,2020-07-12,actual,52258875,mexico,25273369
2019-12-01,2019-12-01,actual,49266022,mexico,48902153
2019-01-01,2019-01-06,actual,39644522,mexico,38533278
2019-04-01,2019-04-07,actual,66309565,mexico,58313868
2019-01-01,2019-01-20,actual,73262502,mexico,72545325
2020-12-01,2020-12-06,projection,52612612,mexico,52089383
2019-03-01,2019-03-17,actual,57661257,mexico,56500196
2019-06-01,2019-06-23,actual,43112741,mexico,12902910
2019-09-01,2019-09-22,actual,41138734,mexico,36676441
2020-05-01,2020-05-17,actual,54720342,mexico,38724426
2019-12-01,2019-12-22,actual,49600528,mexico,49422746
2020-07-01,2020-07-05,actual,55217288,mexico,26616471
2019-11-01,2019-11-17,actual,41304726,mexico,41214777
2020-04-01,2020-04-26,actual,70861471,mexico,53786674
2018-02-01,2018-02-18,actual,51204346,mexico,46939897
2018-07-01,2018-07-08,actual,54802659,mexico,34059160
2020-09-01,2020-09-27,actual,56022215,mexico,49431809
2020-10-01,2020-10-25,actual,55789244,mexico,52925105
2019-06-01,2019-06-16,actual,43165973,mexico,18987812
2018-04-01,2018-04-08,actual,57742874,mexico,46764604
2020-03-01,2020-03-01,actual,56195818,mexico,46410376
2020-12-01,2020-12-27,projection,38422754,mexico,38233248
2018-10-01,2018-10-07,actual,44622910,mexico,38216313
2018-10-01,2018-10-28,actual,43424770,mexico,40611763
2019-07-01,2019-07-21,actual,51585051,mexico,27328014
2019-11-01,2019-11-24,actual,39597532,mexico,39363186
2020-02-01,2020-02-16,actual,50713581,mexico,45456422
2018-05-01,2018-05-06,actual,43454036,mexico,29744685
2018-03-01,2018-03-04,actual,50628975,mexico,45765295
2019-06-01,2019-06-30,actual,38519597,mexico,8653058
2020-05-01,2020-05-03,actual,57343819,mexico,39463348
2020-12-01,2020-12-20,projection,50563073,mexico,50274359
2018-04-01,2018-04-29,actual,57879711,mexico,41406535
2019-09-01,2019-09-08,actual,44957024,mexico,40172513
2020-12-01,2020-12-13,projection,49965178,mexico,49544465
2018-08-01,2018-08-12,actual,56626601,mexico,34221295
2020-02-01,2020-02-02,actual,45414983,mexico,42710494
2018-11-01,2018-11-18,actual,44931673,mexico,41418523
2018-09-01,2018-09-16,actual,51398671,mexico,35153392
2019-02-01,2019-02-10,actual,39391270,mexico,38764278
2019-08-01,2019-08-04,actual,39624707,mexico,22270321
2018-07-01,2018-07-15,actual,52741471,mexico,27618124
2020-04-01,2020-04-19,actual,65731766,mexico,49706264
2018-03-01,2018-03-18,actual,51922869,mexico,47779482
2020-11-01,2020-11-29,projection,46408984,mexico,45797755
2019-09-01,2019-09-29,actual,56281822,mexico,52434131
2019-06-01,2019-06-02,actual,48758242,mexico,29686713
2020-08-01,2020-08-16,actual,45333672,mexico,28246903
2019-04-01,2019-04-14,actual,71757754,mexico,60654534
2020-08-01,2020-08-23,actual,54176904,mexico,39333180
2019-07-01,2019-07-14,actual,54169319,peru,17398633
2018-11-01,2018-11-11,actual,7175415,peru,0
2018-04-01,2018-04-15,actual,65017211,peru,0
2018-10-01,2018-10-21,actual,41484288,peru,0
2020-05-01,2020-05-31,actual,51667453,peru,4171879
2018-11-01,2018-11-25,actual,70104497,peru,0
2018-02-01,2018-02-04,actual,47371481,peru,0
2018-03-01,2018-03-11,actual,52057338,peru,0
2018-03-01,2018-03-25,actual,45807126,peru,0
2019-03-01,2019-03-03,actual,56315469,peru,0
2020-10-01,2020-10-04,actual,52210342,peru,0
2019-12-01,2019-12-15,actual,48427351,peru,0
2019-02-01,2019-02-03,actual,45231823,peru,0
2018-07-01,2018-07-29,actual,49443206,peru,16879405
2018-05-01,2018-05-20,actual,54804644,peru,284446
2019-04-01,2019-04-28,actual,43710990,peru,805931
2020-06-01,2020-06-14,actual,64385710,peru,11425260
2019-05-01,2019-05-12,actual,45314468,peru,1754085
2019-09-01,2019-09-01,actual,37090495,peru,3365948
2019-03-01,2019-03-24,actual,47860338,peru,0
2019-08-01,2019-08-11,actual,30887574,peru,7490420
2018-06-01,2018-06-17,actual,50646896,peru,6868495
2018-07-01,2018-07-22,actual,43482853,peru,12088968
2019-11-01,2019-11-10,actual,43217649,peru,0
2019-04-01,2019-04-21,actual,41226066,peru,189631
2018-06-01,2018-06-10,actual,54216347,peru,5580178
2018-01-01,2018-01-07,actual,45670156,peru,0
2019-08-01,2019-08-25,actual,48325702,peru,3745210
2018-05-01,2018-05-27,actual,58216425,peru,1996296
2020-07-01,2020-07-19,actual,55528282,peru,16023808
2019-10-01,2019-10-06,actual,48828843,peru,0
2020-10-01,2020-10-11,actual,56934734,peru,0
2018-04-01,2018-04-22,actual,66889496,peru,0
2018-04-01,2018-04-01,actual,39158603,peru,0
2018-12-01,2018-12-09,actual,55009729,peru,0
2018-09-01,2018-09-23,actual,49322205,peru,3892173
2019-12-01,2019-12-08,actual,55662831,peru,0
2020-11-01,2020-11-08,actual,42783020,peru,0
2019-07-01,2019-07-28,actual,53521551,peru,14648985
2019-05-01,2019-05-26,actual,53448347,peru,6210411
2019-03-01,2019-03-31,actual,57772402,peru,0
2019-02-01,2019-02-24,actual,60985301,peru,47407
2018-06-01,2018-06-24,actual,49126245,peru,7801793
2020-11-01,2020-11-22,projection,38427934,peru,0
2018-06-01,2018-06-03,actual,54230134,peru,4571216
2020-08-01,2020-08-09,actual,52326427,peru,10524513
2020-03-01,2020-03-08,actual,47119478,peru,0
2020-07-01,2020-07-26,actual,59549678,peru,12992559
2020-11-01,2020-11-15,actual,56990553,peru,0
2019-08-01,2019-08-18,actual,49712129,peru,7300789
2018-07-01,2018-07-01,actual,59868501,peru,9054874
2018-09-01,2018-09-09,actual,44091358,peru,9339320
2020-06-01,2020-06-28,actual,67186115,peru,16687516
2019-10-01,2019-10-13,actual,52027810,peru,0
2018-08-01,2018-08-05,actual,52948354,peru,17256410
2018-12-01,2018-12-16,actual,50045775,peru,0
2018-08-01,2018-08-26,actual,48011570,peru,12942307
2020-10-01,2020-10-18,actual,55367338,peru,0
2019-10-01,2019-10-27,actual,48468039,peru,0
2019-02-01,2019-02-17,actual,52838523,peru,0
2018-01-01,2018-01-14,actual,52758905,peru,0
2019-06-01,2019-06-09,actual,44060017,peru,11330445
2020-06-01,2020-06-21,actual,65624404,peru,12136375
2020-11-01,2020-11-01,actual,49535249,peru,0
2019-01-01,2019-01-27,actual,59200492,peru,0
2020-03-01,2020-03-15,actual,48039847,peru,50000
2018-12-01,2018-12-02,actual,55202354,peru,0
2020-09-01,2020-09-06,actual,52693480,peru,4314102
2018-01-01,2018-01-28,actual,45299201,peru,0
2019-07-01,2019-07-07,actual,51446909,peru,17764854
2019-01-01,2019-01-13,actual,73115987,peru,0
2019-11-01,2019-11-03,actual,53112275,peru,0
2020-05-01,2020-05-24,actual,51932040,peru,1943716
2018-11-01,2018-11-04,actual,15760324,peru,0
2020-09-01,2020-09-20,actual,45986305,peru,758523
2020-02-01,2020-02-09,actual,29476898,peru,0
2019-05-01,2019-05-19,actual,50595179,peru,4408917
2018-08-01,2018-08-19,actual,56452066,peru,13463791
2020-01-01,2020-01-12,actual,65307572,peru,0
2020-04-01,2020-04-12,actual,24945091,peru,142223
2019-12-01,2019-12-29,actual,33408342,peru,0
2018-10-01,2018-10-14,actual,43609892,peru,142223
2020-01-01,2020-01-26,actual,66647112,peru,0
2020-04-01,2020-04-05,actual,24392863,peru,284446
2018-12-01,2018-12-23,actual,47448337,peru,0
2020-01-01,2020-01-05,actual,32537444,peru,0
2018-05-01,2018-05-13,actual,49634250,peru,142223
2019-03-01,2019-03-10,actual,55687317,peru,0
2019-10-01,2019-10-20,actual,45213563,peru,0
2020-03-01,2020-03-22,actual,54765620,peru,0
2020-08-01,2020-08-02,actual,61589035,peru,13484651
2018-12-01,2018-12-30,actual,33740596,peru,0
2018-09-01,2018-09-02,actual,38516499,peru,12800084
2018-09-01,2018-09-30,actual,39213471,peru,2417794
2020-01-01,2020-01-19,actual,76375629,peru,0
2018-02-01,2018-02-11,actual,39307402,peru,0
2020-06-01,2020-06-07,actual,54322214,peru,8022343
2020-08-01,2020-08-30,actual,48717827,peru,5451887
2020-05-01,2020-05-10,actual,68814562,peru,853338
2020-09-01,2020-09-13,actual,50284383,peru,2370385
2018-02-01,2018-02-25,actual,53018743,peru,0
2020-03-01,2020-03-29,actual,36225538,peru,0
2020-02-01,2020-02-23,actual,60175473,peru,0
2019-05-01,2019-05-05,actual,37778586,peru,1469639
2018-01-01,2018-01-21,actual,54698266,peru,0
2019-09-01,2019-09-15,actual,51760427,peru,663708
2020-07-01,2020-07-12,actual,52258875,peru,15360100
2019-12-01,2019-12-01,actual,49266022,peru,0
2019-01-01,2019-01-06,actual,39644522,peru,0
2019-04-01,2019-04-07,actual,66309565,peru,0
2019-01-01,2019-01-20,actual,73262502,peru,0
2020-12-01,2020-12-06,projection,52612612,peru,0
2019-03-01,2019-03-17,actual,57661257,peru,0
2019-06-01,2019-06-23,actual,43112741,peru,17683079
2019-09-01,2019-09-22,actual,41138734,peru,94815
2020-05-01,2020-05-17,actual,54720342,peru,1280008
2019-12-01,2019-12-22,actual,49600528,peru,0
2020-07-01,2020-07-05,actual,55217288,peru,16634420
2019-11-01,2019-11-17,actual,41304726,peru,0
2020-04-01,2020-04-26,actual,70861471,peru,142223
2018-02-01,2018-02-18,actual,51204346,peru,0
2018-07-01,2018-07-08,actual,54802659,peru,9197097
2020-09-01,2020-09-27,actual,56022215,peru,94815
2020-10-01,2020-10-25,actual,55789244,peru,0
2019-06-01,2019-06-16,actual,43165973,peru,13274161
2018-04-01,2018-04-08,actual,57742874,peru,0
2020-03-01,2020-03-01,actual,56195818,peru,0
2020-12-01,2020-12-27,projection,38422754,peru,0
2018-10-01,2018-10-07,actual,44622910,peru,805931
2018-10-01,2018-10-28,actual,43424770,peru,0
2019-07-01,2019-07-21,actual,51585051,peru,14364539
2019-11-01,2019-11-24,actual,39597532,peru,0
2020-02-01,2020-02-16,actual,50713581,peru,0
2018-05-01,2018-05-06,actual,43454036,peru,331854
2018-03-01,2018-03-04,actual,50628975,peru,0
2019-06-01,2019-06-30,actual,38519597,peru,16166032
2020-05-01,2020-05-03,actual,57343819,peru,426669
2020-12-01,2020-12-20,projection,50563073,peru,0
2018-04-01,2018-04-29,actual,57879711,peru,0
2019-09-01,2019-09-08,actual,44957024,peru,1280008
2020-12-01,2020-12-13,projection,49965178,peru,0
2018-08-01,2018-08-12,actual,56626601,peru,15170470
2020-02-01,2020-02-02,actual,45414983,peru,0
2018-11-01,2018-11-18,actual,44931673,peru,0
2018-09-01,2018-09-16,actual,51398671,peru,6163003
2019-02-01,2019-02-10,actual,39391270,peru,0
2019-08-01,2019-08-04,actual,39624707,peru,11851930
2018-07-01,2018-07-15,actual,52741471,peru,12041561
2020-04-01,2020-04-19,actual,65731766,peru,284446
2018-03-01,2018-03-18,actual,51922869,peru,0
2020-11-01,2020-11-29,projection,46408984,peru,0
2019-09-01,2019-09-29,actual,56281822,peru,0
2019-06-01,2019-06-02,actual,48758242,peru,9955620
2020-08-01,2020-08-16,actual,45333672,peru,8154127
2019-04-01,2019-04-14,actual,71757754,peru,0
2020-08-01,2020-08-23,actual,54176904,peru,6874119
2019-07-01,2019-07-14,actual,54169319,colombia,0
2018-11-01,2018-11-11,actual,7175415,colombia,0
2018-04-01,2018-04-15,actual,65017211,colombia,0
2018-10-01,2018-10-21,actual,41484288,colombia,0
2020-05-01,2020-05-31,actual,51667453,colombia,0
2018-11-01,2018-11-25,actual,70104497,colombia,0
2018-02-01,2018-02-04,actual,47371481,colombia,0
2018-03-01,2018-03-11,actual,52057338,colombia,0
2018-03-01,2018-03-25,actual,45807126,colombia,0
2019-03-01,2019-03-03,actual,56315469,colombia,0
2020-10-01,2020-10-04,actual,52210342,colombia,0
2019-12-01,2019-12-15,actual,48427351,colombia,0
2019-02-01,2019-02-03,actual,45231823,colombia,0
2018-07-01,2018-07-29,actual,49443206,colombia,0
2018-05-01,2018-05-20,actual,54804644,colombia,0
2019-04-01,2019-04-28,actual,43710990,colombia,0
2020-06-01,2020-06-14,actual,64385710,colombia,191326
2019-05-01,2019-05-12,actual,45314468,colombia,0
2019-09-01,2019-09-01,actual,37090495,colombia,0
2019-03-01,2019-03-24,actual,47860338,colombia,0
2019-08-01,2019-08-11,actual,30887574,colombia,0
2018-06-01,2018-06-17,actual,50646896,colombia,0
2018-07-01,2018-07-22,actual,43482853,colombia,0
2019-11-01,2019-11-10,actual,43217649,colombia,0
2019-04-01,2019-04-21,actual,41226066,colombia,0
2018-06-01,2018-06-10,actual,54216347,colombia,0
2018-01-01,2018-01-07,actual,45670156,colombia,0
2019-08-01,2019-08-25,actual,48325702,colombia,0
2018-05-01,2018-05-27,actual,58216425,colombia,0
2020-07-01,2020-07-19,actual,55528282,colombia,191326
2019-10-01,2019-10-06,actual,48828843,colombia,50000
2020-10-01,2020-10-11,actual,56934734,colombia,0
2018-04-01,2018-04-22,actual,66889496,colombia,0
2018-04-01,2018-04-01,actual,39158603,colombia,0
2018-12-01,2018-12-09,actual,55009729,colombia,0
2018-09-01,2018-09-23,actual,49322205,colombia,0
2019-12-01,2019-12-08,actual,55662831,colombia,0
2020-11-01,2020-11-08,actual,42783020,colombia,0
2019-07-01,2019-07-28,actual,53521551,colombia,0
2019-05-01,2019-05-26,actual,53448347,colombia,0
2019-03-01,2019-03-31,actual,57772402,colombia,0
2019-02-01,2019-02-24,actual,60985301,colombia,0
2018-06-01,2018-06-24,actual,49126245,colombia,0
2020-11-01,2020-11-22,projection,38427934,colombia,294317
2018-06-01,2018-06-03,actual,54230134,colombia,0
2020-08-01,2020-08-09,actual,52326427,colombia,139508
2020-03-01,2020-03-08,actual,47119478,colombia,0
2020-07-01,2020-07-26,actual,59549678,colombia,283003
2020-11-01,2020-11-15,actual,56990553,colombia,0
2019-08-01,2019-08-18,actual,49712129,colombia,0
2018-07-01,2018-07-01,actual,59868501,colombia,0
2018-09-01,2018-09-09,actual,44091358,colombia,0
2020-06-01,2020-06-28,actual,67186115,colombia,234188
2019-10-01,2019-10-13,actual,52027810,colombia,0
2018-08-01,2018-08-05,actual,52948354,colombia,0
2018-12-01,2018-12-16,actual,50045775,colombia,0
2018-08-01,2018-08-26,actual,48011570,colombia,0
2020-10-01,2020-10-18,actual,55367338,colombia,0
2019-10-01,2019-10-27,actual,48468039,colombia,0
2019-02-01,2019-02-17,actual,52838523,colombia,0
2018-01-01,2018-01-14,actual,52758905,colombia,0
2019-06-01,2019-06-09,actual,44060017,colombia,0
2020-06-01,2020-06-21,actual,65624404,colombia,187340
2020-11-01,2020-11-01,actual,49535249,colombia,0
2019-01-01,2019-01-27,actual,59200492,colombia,0
2020-03-01,2020-03-15,actual,48039847,colombia,0
2018-12-01,2018-12-02,actual,55202354,colombia,0
2020-09-01,2020-09-06,actual,52693480,colombia,0
2018-01-01,2018-01-28,actual,45299201,colombia,0
2019-07-01,2019-07-07,actual,51446909,colombia,0
2019-01-01,2019-01-13,actual,73115987,colombia,0
2019-11-01,2019-11-03,actual,53112275,colombia,0
2020-05-01,2020-05-24,actual,51932040,colombia,0
2018-11-01,2018-11-04,actual,15760324,colombia,0
2020-09-01,2020-09-20,actual,45986305,colombia,0
2020-02-01,2020-02-09,actual,29476898,colombia,0
2019-05-01,2019-05-19,actual,50595179,colombia,0
2018-08-01,2018-08-19,actual,56452066,colombia,0
2020-01-01,2020-01-12,actual,65307572,colombia,0
2020-04-01,2020-04-12,actual,24945091,colombia,0
2019-12-01,2019-12-29,actual,33408342,colombia,0
2018-10-01,2018-10-14,actual,43609892,colombia,0
2020-01-01,2020-01-26,actual,66647112,colombia,50000
2020-04-01,2020-04-05,actual,24392863,colombia,0
2018-12-01,2018-12-23,actual,47448337,colombia,0
2020-01-01,2020-01-05,actual,32537444,colombia,50000
2018-05-01,2018-05-13,actual,49634250,colombia,0
2019-03-01,2019-03-10,actual,55687317,colombia,0
2019-10-01,2019-10-20,actual,45213563,colombia,0
2020-03-01,2020-03-22,actual,54765620,colombia,0
2020-08-01,2020-08-02,actual,61589035,colombia,334820
2018-12-01,2018-12-30,actual,33740596,colombia,0
2018-09-01,2018-09-02,actual,38516499,colombia,0
2018-09-01,2018-09-30,actual,39213471,colombia,0
2020-01-01,2020-01-19,actual,76375629,colombia,50000
2018-02-01,2018-02-11,actual,39307402,colombia,0
2020-06-01,2020-06-07,actual,54322214,colombia,95663
2020-08-01,2020-08-30,actual,48717827,colombia,128368
2020-05-01,2020-05-10,actual,68814562,colombia,0
2020-09-01,2020-09-13,actual,50284383,colombia,0
2018-02-01,2018-02-25,actual,53018743,colombia,0
2020-03-01,2020-03-29,actual,36225538,colombia,0
2020-02-01,2020-02-23,actual,60175473,colombia,0
2019-05-01,2019-05-05,actual,37778586,colombia,0
2018-01-01,2018-01-21,actual,54698266,colombia,0
2019-09-01,2019-09-15,actual,51760427,colombia,0
2020-07-01,2020-07-12,actual,52258875,colombia,234188
2019-12-01,2019-12-01,actual,49266022,colombia,0
2019-01-01,2019-01-06,actual,39644522,colombia,0
2019-04-01,2019-04-07,actual,66309565,colombia,0
2019-01-01,2019-01-20,actual,73262502,colombia,0
2020-12-01,2020-12-06,projection,52612612,colombia,347228
2019-03-01,2019-03-17,actual,57661257,colombia,0
2019-06-01,2019-06-23,actual,43112741,colombia,0
2019-09-01,2019-09-22,actual,41138734,colombia,0
2020-05-01,2020-05-17,actual,54720342,colombia,0
2019-12-01,2019-12-22,actual,49600528,colombia,0
2020-07-01,2020-07-05,actual,55217288,colombia,186356
2019-11-01,2019-11-17,actual,41304726,colombia,0
2020-04-01,2020-04-26,actual,70861471,colombia,0
2018-02-01,2018-02-18,actual,51204346,colombia,0
2018-07-01,2018-07-08,actual,54802659,colombia,0
2020-09-01,2020-09-27,actual,56022215,colombia,0
2020-10-01,2020-10-25,actual,55789244,colombia,758279
2019-06-01,2019-06-16,actual,43165973,colombia,0
2018-04-01,2018-04-08,actual,57742874,colombia,0
2020-03-01,2020-03-01,actual,56195818,colombia,0
2020-12-01,2020-12-27,projection,38422754,colombia,145505
2018-10-01,2018-10-07,actual,44622910,colombia,0
2018-10-01,2018-10-28,actual,43424770,colombia,0
2019-07-01,2019-07-21,actual,51585051,colombia,0
2019-11-01,2019-11-24,actual,39597532,colombia,0
2020-02-01,2020-02-16,actual,50713581,colombia,0
2018-05-01,2018-05-06,actual,43454036,colombia,0
2018-03-01,2018-03-04,actual,50628975,colombia,0
2019-06-01,2019-06-30,actual,38519597,colombia,0
2020-05-01,2020-05-03,actual,57343819,colombia,0
2020-12-01,2020-12-20,projection,50563073,colombia,244713
2018-04-01,2018-04-29,actual,57879711,colombia,0
2019-09-01,2019-09-08,actual,44957024,colombia,0
2020-12-01,2020-12-13,projection,49965178,colombia,244713
2018-08-01,2018-08-12,actual,56626601,colombia,0
2020-02-01,2020-02-02,actual,45414983,colombia,0
2018-11-01,2018-11-18,actual,44931673,colombia,0
2018-09-01,2018-09-16,actual,51398671,colombia,0
2019-02-01,2019-02-10,actual,39391270,colombia,0
2019-08-01,2019-08-04,actual,39624707,colombia,0
2018-07-01,2018-07-15,actual,52741471,colombia,0
2020-04-01,2020-04-19,actual,65731766,colombia,0
2018-03-01,2018-03-18,actual,51922869,colombia,0
2020-11-01,2020-11-29,projection,46408984,colombia,347228
2019-09-01,2019-09-29,actual,56281822,colombia,0
2019-06-01,2019-06-02,actual,48758242,colombia,0
2020-08-01,2020-08-16,actual,45333672,colombia,239157
2019-04-01,2019-04-14,actual,71757754,colombia,0
2020-08-01,2020-08-23,actual,54176904,colombia,95663
