,date,avg_price,conv_pred,geography
7418,1/6/2020,0.92,1.158756218,Albany
7359,1/6/2020,0.89,1.072947278,Atlanta
7400,1/6/2020,1.13,1.103850107,Baltimore/Washington
7464,1/6/2020,1.09,1.08963685,Boise
7492,1/6/2020,1.18,1.064242067,Boston
7383,1/6/2020,1.15,1.076588135,Buffalo/Rochester
7432,1/6/2020,1.04,1.11826756,Charlotte
7350,1/6/2020,1.08,1.103817272,Chicago
7393,1/6/2020,0.73,1.09427928,Cincinnati/Dayton
7353,1/6/2020,0.73,1.060257387,Columbus
7434,1/6/2020,0.71,1.082714329,Dallas/FtWorth
7428,1/6/2020,0.95,1.100831385,Denver
7394,1/6/2020,0.82,1.138322878,Detroit
7363,1/6/2020,1.13,1.095762939,GrandRapids
7520,1/6/2020,0.89,1.082929854,GreatLakes
7532,1/6/2020,0.99,1.102022572,Harrisburg/Scranton
7384,1/6/2020,1.38,1.090823107,Hartford/Springfield
7365,1/6/2020,0.7,1.099248695,Houston
7443,1/6/2020,0.76,1.082046719,Indianapolis
7507,1/6/2020,0.9,1.090842199,Jacksonville
7392,1/6/2020,0.92,1.111745405,LasVegas
7378,1/6/2020,1.05,1.13523345,LosAngeles
7469,1/6/2020,0.91,1.084451804,Louisville
7451,1/6/2020,0.9,1.134019604,Miami/FtLauderdale
7493,1/6/2020,0.82,1.105155954,Nashville
7429,1/6/2020,0.86,1.152902985,NewOrleans/Mobile
7502,1/6/2020,1.41,1.105506859,NewYork
7452,1/6/2020,0.83,1.064376869,NorthernNewEngland
7472,1/6/2020,0.87,1.070842848,Orlando
7495,1/6/2020,1.17,1.099750557,Philadelphia
7362,1/6/2020,0.75,1.0849298,Phoenix/Tucson
7504,1/6/2020,1.2,1.144403858,Pittsburgh
7447,1/6/2020,0.99,1.099427137,Plains
7388,1/6/2020,0.97,1.105806675,Portland
7369,1/6/2020,1.02,1.017359657,Raleigh/Greensboro
7456,1/6/2020,0.83,1.101141324,Richmond/Norfolk
7414,1/6/2020,0.8,1.12913065,Roanoke
7382,1/6/2020,1.14,1.119768476,Sacramento
7403,1/6/2020,1.1,1.073344288,SanDiego
7427,1/6/2020,1.34,1.119090271,SanFrancisco
7436,1/6/2020,1.24,1.083968983,Seattle
7449,1/6/2020,0.94,1.137258205,SouthCarolina
7373,1/6/2020,0.76,1.134993219,SouthCentral
7441,1/6/2020,1.03,1.082446823,Spokane
7528,1/6/2020,1.01,1.091446238,StLouis
7404,1/6/2020,1.05,1.153819218,Syracuse
7521,1/6/2020,0.87,1.095033226,Tampa
7473,1/6/2020,0.88,1.121420612,WestTex/NewMexico
7514,1/12/2020,0.97,1.097574844,Albany
7455,1/12/2020,0.88,1.146210833,Atlanta
7527,1/12/2020,1.26,1.071187668,Baltimore/Washington
7376,1/12/2020,1.02,1.112671499,Boise
7488,1/12/2020,1.27,1.094284,Boston
7419,1/12/2020,1,1.056234312,Buffalo/Rochester
7413,1/12/2020,1.11,1.083010893,Charlotte
7461,1/12/2020,1.36,1.103224773,Chicago
7497,1/12/2020,0.74,1.09384655,Cincinnati/Dayton
7355,1/12/2020,0.74,1.155787587,Columbus
7498,1/12/2020,0.72,1.129705315,Dallas/FtWorth
7430,1/12/2020,1.07,1.063285551,Denver
7401,1/12/2020,0.8,1.096807628,Detroit
7486,1/12/2020,1.43,1.098942165,GrandRapids
7435,1/12/2020,0.93,1.08368228,GreatLakes
7420,1/12/2020,0.98,1.076564217,Harrisburg/Scranton
7487,1/12/2020,1.41,1.074168415,Hartford/Springfield
7437,1/12/2020,0.7,1.026370926,Houston
7423,1/12/2020,0.78,1.153475919,Indianapolis
7412,1/12/2020,0.91,1.06110281,Jacksonville
7505,1/12/2020,0.96,1.093967714,LasVegas
7426,1/12/2020,1.09,1.108144255,LosAngeles
7509,1/12/2020,0.8,1.0882026,Louisville
7406,1/12/2020,0.9,1.128639488,Miami/FtLauderdale
7503,1/12/2020,0.8,1.107233844,Nashville
7439,1/12/2020,0.82,1.068295565,NewOrleans/Mobile
7483,1/12/2020,1.35,1.119335222,NewYork
7526,1/12/2020,1.14,1.116377134,NorthernNewEngland
7351,1/12/2020,0.89,1.073541927,Orlando
7410,1/12/2020,1.16,1.141055264,Philadelphia
7445,1/12/2020,0.68,1.030387917,Phoenix/Tucson
7471,1/12/2020,0.96,1.099154177,Pittsburgh
7415,1/12/2020,1.02,1.076877775,Plains
7512,1/12/2020,1.01,1.061168742,Portland
7533,1/12/2020,1.07,1.114554529,Raleigh/Greensboro
7496,1/12/2020,0.89,1.122982216,Richmond/Norfolk
7352,1/12/2020,0.8,1.111563239,Roanoke
7466,1/12/2020,1.2,1.077246408,Sacramento
7409,1/12/2020,1.05,1.089019909,SanDiego
7519,1/12/2020,1.17,1.12199234,SanFrancisco
7474,1/12/2020,1.3,1.089433441,Seattle
7530,1/12/2020,0.97,1.144717679,SouthCarolina
7462,1/12/2020,0.76,1.074279299,SouthCentral
7344,1/12/2020,1.11,1.016267395,Spokane
7440,1/12/2020,1.13,1.049900985,StLouis
7438,1/12/2020,0.99,1.070760603,Syracuse
7476,1/12/2020,0.89,1.146608524,Tampa
7358,1/12/2020,0.83,1.104270353,WestTex/NewMexico
7511,1/19/2020,1.03,1.08881671,Albany
7357,1/19/2020,0.88,1.100472298,Atlanta
7395,1/19/2020,1.23,1.087525129,Baltimore/Washington
7482,1/19/2020,0.92,1.075950999,Boise
7470,1/19/2020,1.23,1.094604535,Boston
7386,1/19/2020,1.01,1.089372911,Buffalo/Rochester
7345,1/19/2020,0.95,1.158642082,Charlotte
7396,1/19/2020,1.21,1.093156543,Chicago
7377,1/19/2020,0.71,1.115107059,Cincinnati/Dayton
7500,1/19/2020,0.7,1.044304767,Columbus
7389,1/19/2020,0.66,1.03896698,Dallas/FtWorth
7516,1/19/2020,0.84,1.052704811,Denver
7361,1/19/2020,0.86,1.097072983,Detroit
7346,1/19/2020,1.14,1.130930071,GrandRapids
7523,1/19/2020,0.91,1.06435977,GreatLakes
7375,1/19/2020,1.01,1.07879427,Harrisburg/Scranton
7494,1/19/2020,1.39,1.159779139,Hartford/Springfield
7465,1/19/2020,0.68,1.125834141,Houston
7399,1/19/2020,0.74,1.085091038,Indianapolis
7484,1/19/2020,0.9,1.093094597,Jacksonville
7467,1/19/2020,0.73,1.066761866,LasVegas
7454,1/19/2020,0.94,1.104603004,LosAngeles
7398,1/19/2020,0.82,1.101737599,Louisville
7491,1/19/2020,0.92,1.096227036,Miami/FtLauderdale
7370,1/19/2020,0.79,1.048801694,Nashville
7479,1/19/2020,0.87,1.067239599,NewOrleans/Mobile
7349,1/19/2020,1.36,1.104108381,NewYork
7457,1/19/2020,0.92,1.103976202,NorthernNewEngland
7525,1/19/2020,0.88,1.119554892,Orlando
7380,1/19/2020,1.16,1.150395355,Philadelphia
7390,1/19/2020,0.66,1.077954826,Phoenix/Tucson
7535,1/19/2020,0.97,1.126740513,Pittsburgh
7510,1/19/2020,1,1.079032612,Plains
7477,1/19/2020,0.94,1.121511354,Portland
7499,1/19/2020,0.95,1.072529287,Raleigh/Greensboro
7364,1/19/2020,0.88,1.07851192,Richmond/Norfolk
7424,1/19/2020,0.85,1.103378825,Roanoke
7402,1/19/2020,1.18,1.074446726,Sacramento
7448,1/19/2020,0.81,1.096171174,SanDiego
7348,1/19/2020,1.5,1.051525006,SanFrancisco
7368,1/19/2020,1.14,1.066710358,Seattle
7489,1/19/2020,0.93,1.099919558,SouthCarolina
7372,1/19/2020,0.71,1.163648424,SouthCentral
7354,1/19/2020,0.96,1.114508266,Spokane
7385,1/19/2020,1.17,1.103326111,StLouis
7374,1/19/2020,1.03,1.141773071,Syracuse
7534,1/19/2020,0.87,1.035504093,Tampa
7421,1/19/2020,0.79,1.101009197,WestTex/NewMexico
7478,1/26/2020,1.11,1.031294603,Albany
7391,1/26/2020,0.93,1.086067381,Atlanta
7356,1/26/2020,1.2,1.102073765,Baltimore/Washington
7405,1/26/2020,1.05,1.084782829,Boise
7531,1/26/2020,1.2,1.087368402,Boston
7407,1/26/2020,0.97,1.050696735,Buffalo/Rochester
7366,1/26/2020,1.11,1.081176329,Charlotte
7481,1/26/2020,1.2,1.109830589,Chicago
7475,1/26/2020,1.01,1.018104582,Cincinnati/Dayton
7518,1/26/2020,0.94,1.095061235,Columbus
7433,1/26/2020,0.65,1.136138458,Dallas/FtWorth
7379,1/26/2020,0.96,1.170365543,Denver
7506,1/26/2020,0.91,1.084361639,Detroit
7367,1/26/2020,1.05,1.13907546,GrandRapids
7490,1/26/2020,0.99,1.088817234,GreatLakes
7387,1/26/2020,0.93,1.081252909,Harrisburg/Scranton
7425,1/26/2020,1.37,1.074667234,Hartford/Springfield
7468,1/26/2020,0.7,1.081894503,Houston
7431,1/26/2020,0.9,1.14897275,Indianapolis
7485,1/26/2020,0.91,1.093270626,Jacksonville
7446,1/26/2020,1.05,1.080407014,LasVegas
7459,1/26/2020,1.14,1.083204913,LosAngeles
7397,1/26/2020,0.99,1.072327557,Louisville
7522,1/26/2020,0.91,1.13213028,Miami/FtLauderdale
7417,1/26/2020,0.82,1.091254368,Nashville
7411,1/26/2020,0.83,1.107441082,NewOrleans/Mobile
7453,1/26/2020,1.3,1.069788561,NewYork
7458,1/26/2020,1.11,1.06874917,NorthernNewEngland
7524,1/26/2020,0.89,1.094777155,Orlando
7381,1/26/2020,1.03,1.118001785,Philadelphia
7460,1/26/2020,0.92,1.112207298,Phoenix/Tucson
7517,1/26/2020,1.26,1.141289778,Pittsburgh
7360,1/26/2020,1.07,1.113109999,Plains
7515,1/26/2020,1.16,1.047835579,Portland
7347,1/26/2020,1.06,1.074683232,Raleigh/Greensboro
7501,1/26/2020,0.95,1.105669355,Richmond/Norfolk
7463,1/26/2020,0.96,1.132894716,Roanoke
7408,1/26/2020,1.35,1.08812151,Sacramento
7422,1/26/2020,1.13,1.078977432,SanDiego
7480,1/26/2020,1.53,1.0558255,SanFrancisco
7444,1/26/2020,1.29,1.112433996,Seattle
7513,1/26/2020,0.98,1.031107979,SouthCarolina
7529,1/26/2020,0.74,1.090619593,SouthCentral
7371,1/26/2020,1.1,1.152128057,Spokane
7416,1/26/2020,1.15,1.087992268,StLouis
7442,1/26/2020,1.02,1.166947451,Syracuse
7450,1/26/2020,0.88,1.095577102,Tampa
7508,1/26/2020,0.88,1.096647491,WestTex/NewMexico
7611,2/2/2020,0.95,1.087375956,Albany
7681,2/2/2020,0.88,1.118003306,Atlanta
7639,2/2/2020,1.13,1.099932775,Baltimore/Washington
7695,2/2/2020,0.92,1.090357542,Boise
7651,2/2/2020,1.19,1.15434762,Boston
7542,2/2/2020,0.97,1.112615952,Buffalo/Rochester
7625,2/2/2020,0.82,1.096371384,Charlotte
7617,2/2/2020,0.73,1.122643218,Chicago
7581,2/2/2020,0.75,1.122986307,Cincinnati/Dayton
7609,2/2/2020,0.66,1.037828035,Columbus
7647,2/2/2020,0.62,1.087066069,Dallas/FtWorth
7657,2/2/2020,0.93,1.057714195,Denver
7555,2/2/2020,0.68,1.060380125,Detroit
7638,2/2/2020,0.78,1.043120556,GrandRapids
7583,2/2/2020,0.72,1.06914938,GreatLakes
7545,2/2/2020,1.01,1.038627195,Harrisburg/Scranton
7699,2/2/2020,1.22,1.056197071,Hartford/Springfield
7662,2/2/2020,0.63,1.097602119,Houston
7723,2/2/2020,0.69,1.129345703,Indianapolis
7557,2/2/2020,0.88,1.119755573,Jacksonville
7540,2/2/2020,0.94,1.085154505,LasVegas
7578,2/2/2020,0.79,1.087941494,LosAngeles
7569,2/2/2020,0.83,1.069121056,Louisville
7697,2/2/2020,0.9,0.996522017,Miami/FtLauderdale
7724,2/2/2020,0.78,1.12453826,Nashville
7637,2/2/2020,0.6,1.114453402,NewOrleans/Mobile
7713,2/2/2020,1.27,1.051210766,NewYork
7701,2/2/2020,0.93,1.128638859,NorthernNewEngland
7564,2/2/2020,0.88,1.08933887,Orlando
7607,2/2/2020,1.14,1.047476964,Philadelphia
7573,2/2/2020,0.74,1.211853151,Phoenix/Tucson
7703,2/2/2020,0.96,1.194494395,Pittsburgh
7674,2/2/2020,0.76,1.126714182,Plains
7726,2/2/2020,0.87,1.138630667,Portland
7608,2/2/2020,0.77,1.139976797,Raleigh/Greensboro
7680,2/2/2020,0.74,0.998741159,Richmond/Norfolk
7717,2/2/2020,0.75,1.189295082,Roanoke
7544,2/2/2020,0.98,1.074458947,Sacramento
7716,2/2/2020,0.77,1.03736352,SanDiego
7644,2/2/2020,0.99,1.053433475,SanFrancisco
7696,2/2/2020,1.12,1.136176486,Seattle
7683,2/2/2020,0.85,1.061621666,SouthCarolina
7720,2/2/2020,0.66,1.065993547,SouthCentral
7653,2/2/2020,0.98,1.141399298,Spokane
7646,2/2/2020,0.86,1.077131591,StLouis
7576,2/2/2020,0.95,1.040467582,Syracuse
7548,2/2/2020,0.88,1.092495122,Tampa
7663,2/2/2020,0.79,1.084604282,WestTex/NewMexico
7554,2/9/2020,1.14,1.105721073,Albany
7589,2/9/2020,0.95,1.102747669,Atlanta
7645,2/9/2020,1.08,1.071625748,Baltimore/Washington
7626,2/9/2020,0.97,1.170891953,Boise
7710,2/9/2020,1.24,1.101161938,Boston
7568,2/9/2020,1.01,1.177047729,Buffalo/Rochester
7690,2/9/2020,1.03,1.039540963,Charlotte
7620,2/9/2020,0.98,1.196474934,Chicago
7536,2/9/2020,0.8,1.076110506,Cincinnati/Dayton
7602,2/9/2020,0.75,1.071878619,Columbus
7580,2/9/2020,0.68,1.157472768,Dallas/FtWorth
7672,2/9/2020,0.94,1.115042019,Denver
7709,2/9/2020,0.88,1.013824229,Detroit
7664,2/9/2020,1.35,1.083031034,GrandRapids
7659,2/9/2020,0.9,1.094273248,GreatLakes
7649,2/9/2020,0.96,1.01982008,Harrisburg/Scranton
7556,2/9/2020,1.42,1.093745317,Hartford/Springfield
7549,2/9/2020,0.62,1.166390619,Houston
7700,2/9/2020,0.76,1.109652672,Indianapolis
7711,2/9/2020,1.01,1.145846395,Jacksonville
7676,2/9/2020,0.88,1.125330076,LasVegas
7619,2/9/2020,1.04,1.134009428,LosAngeles
7640,2/9/2020,0.93,1.081303053,Louisville
7562,2/9/2020,1.04,1.071154623,Miami/FtLauderdale
7572,2/9/2020,0.86,1.093855834,Nashville
7685,2/9/2020,0.86,1.077700644,NewOrleans/Mobile
7623,2/9/2020,1.3,1.080254536,NewYork
7600,2/9/2020,1.04,1.167529564,NorthernNewEngland
7579,2/9/2020,0.98,1.224524946,Orlando
7652,2/9/2020,1.03,1.140911703,Philadelphia
7642,2/9/2020,0.76,1.072907572,Phoenix/Tucson
7596,2/9/2020,1.25,1.074223018,Pittsburgh
7585,2/9/2020,0.93,1.077166681,Plains
7648,2/9/2020,1.06,1.11485508,Portland
7677,2/9/2020,1.01,1.107509899,Raleigh/Greensboro
7675,2/9/2020,0.89,1.1083463,Richmond/Norfolk
7547,2/9/2020,0.87,1.135536308,Roanoke
7632,2/9/2020,1.32,1.13083272,Sacramento
7670,2/9/2020,1.03,1.115075536,SanDiego
7629,2/9/2020,1.33,1.010701075,SanFrancisco
7708,2/9/2020,1.31,1.112323847,Seattle
7601,2/9/2020,0.99,1.076901693,SouthCarolina
7615,2/9/2020,0.71,1.188867912,SouthCentral
7665,2/9/2020,1.12,1.133910923,Spokane
7624,2/9/2020,1.04,1.154038782,StLouis
7678,2/9/2020,1.07,1.054248161,Syracuse
7627,2/9/2020,0.97,1.142286053,Tampa
7537,2/9/2020,0.77,1.204186335,WestTex/NewMexico
7597,2/16/2020,1.17,1.1001194,Albany
7694,2/16/2020,0.92,1.09687036,Atlanta
7593,2/16/2020,1.32,1.096174793,Baltimore/Washington
7618,2/16/2020,1.09,1.085864601,Boise
7546,2/16/2020,1.35,1.144137926,Boston
7682,2/16/2020,1.17,1.101656351,Buffalo/Rochester
7566,2/16/2020,1.09,1.049796972,Charlotte
7588,2/16/2020,1.2,1.109319916,Chicago
7560,2/16/2020,1.01,1.142039213,Cincinnati/Dayton
7671,2/16/2020,0.98,1.206335874,Columbus
7707,2/16/2020,0.73,1.190190649,Dallas/FtWorth
7567,2/16/2020,1.13,1.175262418,Denver
7658,2/16/2020,1.06,1.179932699,Detroit
7604,2/16/2020,1.42,1.180725985,GrandRapids
7686,2/16/2020,1.08,1.05147481,GreatLakes
7725,2/16/2020,1.03,1.2078723,Harrisburg/Scranton
7553,2/16/2020,1.43,1.131838121,Hartford/Springfield
7684,2/16/2020,0.7,1.06038044,Houston
7616,2/16/2020,0.98,1.16201108,Indianapolis
7594,2/16/2020,1,1.077211633,Jacksonville
7592,2/16/2020,0.96,1.087889881,LasVegas
7668,2/16/2020,1.14,1.055399642,LosAngeles
7595,2/16/2020,0.97,1.106701088,Louisville
7586,2/16/2020,1.01,1.123423128,Miami/FtLauderdale
7551,2/16/2020,0.85,1.087275352,Nashville
7689,2/16/2020,0.85,1.085279341,NewOrleans/Mobile
7727,2/16/2020,1.42,1.013710356,NewYork
7641,2/16/2020,1.26,1.089065437,NorthernNewEngland
7621,2/16/2020,0.99,1.104277697,Orlando
7687,2/16/2020,1.22,1.08907661,Philadelphia
7712,2/16/2020,0.7,1.123086596,Phoenix/Tucson
7577,2/16/2020,1.25,1.083016348,Pittsburgh
7636,2/16/2020,1.05,1.152402697,Plains
7628,2/16/2020,1.21,1.173184948,Portland
7565,2/16/2020,1.07,1.148349094,Raleigh/Greensboro
7598,2/16/2020,0.91,1.049422569,Richmond/Norfolk
7550,2/16/2020,0.92,1.089592161,Roanoke
7666,2/16/2020,1.13,1.219619942,Sacramento
7702,2/16/2020,1.17,1.064947863,SanDiego
7656,2/16/2020,1.01,1.038278232,SanFrancisco
7574,2/16/2020,1.44,1.06863409,Seattle
7643,2/16/2020,1,1.067625647,SouthCarolina
7613,2/16/2020,0.76,1.04112318,SouthCentral
7538,2/16/2020,1.23,1.086468534,Spokane
7558,2/16/2020,1.22,1.109905701,StLouis
7610,2/16/2020,1.17,1.113347869,Syracuse
7650,2/16/2020,0.91,1.152613659,Tampa
7543,2/16/2020,0.84,1.06587254,WestTex/NewMexico
7606,2/23/2020,1.27,1.099106865,Albany
7718,2/23/2020,0.92,1.085302052,Atlanta
7721,2/23/2020,1.31,1.166581964,Baltimore/Washington
7634,2/23/2020,1,1.066694622,Boise
7631,2/23/2020,1.31,1.17206048,Boston
7590,2/23/2020,1.14,1.110506277,Buffalo/Rochester
7599,2/23/2020,1.1,1.115568428,Charlotte
7571,2/23/2020,1.33,0.991615334,Chicago
7706,2/23/2020,1.03,1.11313612,Cincinnati/Dayton
7587,2/23/2020,0.95,1.058724737,Columbus
7661,2/23/2020,0.74,1.08231905,Dallas/FtWorth
7630,2/23/2020,1.1,1.092760897,Denver
7539,2/23/2020,0.86,1.205483212,Detroit
7669,2/23/2020,1.41,1.134003973,GrandRapids
7591,2/23/2020,1.04,1.056594658,GreatLakes
7559,2/23/2020,1.11,1.089993839,Harrisburg/Scranton
7605,2/23/2020,1.42,1.122500181,Hartford/Springfield
7714,2/23/2020,0.7,1.144137926,Houston
7541,2/23/2020,0.86,1.105750709,Indianapolis
7704,2/23/2020,1.02,1.085503836,Jacksonville
7660,2/23/2020,0.85,1.107115145,LasVegas
7691,2/23/2020,0.98,1.185446148,LosAngeles
7582,2/23/2020,0.91,1.2019203,Louisville
7698,2/23/2020,1.05,1.06600194,Miami/FtLauderdale
7614,2/23/2020,0.84,1.143975377,Nashville
7655,2/23/2020,0.94,1.143086891,NewOrleans/Mobile
7722,2/23/2020,1.29,1.073166895,NewYork
7719,2/23/2020,1.19,1.090585918,NorthernNewEngland
7654,2/23/2020,1.01,1.21114316,Orlando
7673,2/23/2020,1.18,1.183927555,Philadelphia
7612,2/23/2020,0.67,1.049549398,Phoenix/Tucson
7622,2/23/2020,1.26,1.142880545,Pittsburgh
7693,2/23/2020,1.04,1.203944216,Plains
7679,2/23/2020,1.02,1.096371646,Portland
7715,2/23/2020,1.08,1.069567108,Raleigh/Greensboro
7705,2/23/2020,0.89,1.10114253,Richmond/Norfolk
7561,2/23/2020,0.91,1.195982513,Roanoke
7575,2/23/2020,1.31,1.001948028,Sacramento
7603,2/23/2020,0.94,1.115494313,SanDiego
7584,2/23/2020,1.49,1.132763376,SanFrancisco
7570,2/23/2020,1.31,1.081505308,Seattle
7667,2/23/2020,1,1.028931322,SouthCarolina
7552,2/23/2020,0.78,1.199816656,SouthCentral
7692,2/23/2020,1.14,1.120955782,Spokane
7563,2/23/2020,1.25,1.078581629,StLouis
7688,2/23/2020,1.21,1.134995475,Syracuse
7635,2/23/2020,0.97,1.123115969,Tampa
7633,2/23/2020,0.85,1.057598748,WestTex/NewMexico
7940,3/1/2020,1.24,1.115682983,Albany
7802,3/1/2020,1.04,1.062545033,Atlanta
7843,3/1/2020,1.26,1.10466238,Baltimore/Washington
7864,3/1/2020,1.12,1.097722549,Boise
7735,3/1/2020,1.4,1.041768708,Boston
7905,3/1/2020,1.22,1.056768799,Buffalo/Rochester
7867,3/1/2020,0.97,1.069525461,Charlotte
7846,3/1/2020,1.38,1.047223568,Chicago
7758,3/1/2020,0.92,1.119760189,Cincinnati/Dayton
7866,3/1/2020,0.87,1.06616538,Columbus
7820,3/1/2020,0.8,0.987585125,Dallas/FtWorth
7765,3/1/2020,0.97,1.045135765,Denver
7768,3/1/2020,1,1.031435385,Detroit
7895,3/1/2020,1.72,1.047337389,GrandRapids
7782,3/1/2020,1.08,1.006620932,GreatLakes
7753,3/1/2020,1.18,1.096587906,Harrisburg/Scranton
7852,3/1/2020,1.48,1.123920584,Hartford/Springfield
7848,3/1/2020,0.7,1.133216877,Houston
7830,3/1/2020,0.95,1.066087122,Indianapolis
7798,3/1/2020,1.21,1.067328348,Jacksonville
7872,3/1/2020,1.12,1.029162426,LasVegas
7833,3/1/2020,1.19,1.062884345,LosAngeles
7778,3/1/2020,1.06,1.08408742,Louisville
7962,3/1/2020,1.21,1.010529189,Miami/FtLauderdale
7736,3/1/2020,0.92,1.083256369,Nashville
7763,3/1/2020,0.93,1.086231661,NewOrleans/Mobile
7824,3/1/2020,1.53,1.063955994,NewYork
7878,3/1/2020,1.32,1.066611013,NorthernNewEngland
7907,3/1/2020,1.17,1.055994816,Orlando
7828,3/1/2020,1.36,1.025863557,Philadelphia
7920,3/1/2020,0.86,1.055241814,Phoenix/Tucson
7845,3/1/2020,1.29,1.007584581,Pittsburgh
7817,3/1/2020,1.04,1.156425247,Plains
7921,3/1/2020,1.11,1.029301529,Portland
7916,3/1/2020,0.97,1.036454735,Raleigh/Greensboro
7898,3/1/2020,0.93,0.978479652,Richmond/Norfolk
7800,3/1/2020,0.97,1.074498968,Roanoke
7901,3/1/2020,1.43,1.099369335,Sacramento
7807,3/1/2020,1.17,1.007259431,SanDiego
7831,3/1/2020,1.49,1.081621962,SanFrancisco
7918,3/1/2020,1.43,1.073912868,Seattle
7963,3/1/2020,1.03,1.032467327,SouthCarolina
7902,3/1/2020,0.81,1.02956337,SouthCentral
7903,3/1/2020,1.19,1.096221161,Spokane
7855,3/1/2020,1.17,1.087432184,StLouis
7931,3/1/2020,1.23,1.078707724,Syracuse
7804,3/1/2020,1.08,1.038291764,Tampa
7767,3/1/2020,0.92,1.001453562,WestTex/NewMexico
7927,3/8/2020,1.03,1.061638031,Albany
7853,3/8/2020,1.06,1.060657492,Atlanta
7737,3/8/2020,1.42,1.13204772,Baltimore/Washington
7899,3/8/2020,1.12,1.072835975,Boise
7762,3/8/2020,1.35,1.146025362,Boston
7822,3/8/2020,1.2,1.009733334,Buffalo/Rochester
7892,3/8/2020,1.18,1.064982901,Charlotte
7728,3/8/2020,1.33,1.149241514,Chicago
7881,3/8/2020,0.99,1.063401155,Cincinnati/Dayton
7893,3/8/2020,0.92,1.107567911,Columbus
7748,3/8/2020,0.88,1.018609486,Dallas/FtWorth
7746,3/8/2020,1,1.027512913,Denver
7888,3/8/2020,1.05,1.043915415,Detroit
7764,3/8/2020,1.24,1.014781742,GrandRapids
7734,3/8/2020,1.07,1.065383844,GreatLakes
7850,3/8/2020,1.1,1.092772121,Harrisburg/Scranton
7862,3/8/2020,1.46,1.026007223,Hartford/Springfield
7869,3/8/2020,0.8,0.99876193,Houston
7967,3/8/2020,1.08,1.08358839,Indianapolis
7929,3/8/2020,1.26,1.042037001,Jacksonville
7952,3/8/2020,1.1,1.040444818,LasVegas
7745,3/8/2020,1.27,1.025294399,LosAngeles
7858,3/8/2020,0.98,1.016200833,Louisville
7827,3/8/2020,1.26,1.043111639,Miami/FtLauderdale
7775,3/8/2020,0.96,1.031237431,Nashville
7844,3/8/2020,1,1.041153393,NewOrleans/Mobile
7799,3/8/2020,1.54,1.066168947,NewYork
7803,3/8/2020,1.19,1.061438031,NorthernNewEngland
7890,3/8/2020,1.05,0.997529674,Orlando
7930,3/8/2020,1.32,1.056995077,Philadelphia
7925,3/8/2020,0.89,1.129698391,Phoenix/Tucson
7883,3/8/2020,1.03,1.112970686,Pittsburgh
7749,3/8/2020,1.04,1.050171375,Plains
7740,3/8/2020,1.35,1.028455687,Portland
7766,3/8/2020,1.14,1.115229063,Raleigh/Greensboro
7886,3/8/2020,0.98,1.105531616,Richmond/Norfolk
7957,3/8/2020,0.96,1.035948887,Roanoke
7936,3/8/2020,1.35,1.093796616,Sacramento
7738,3/8/2020,1.35,1.037329111,SanDiego
7887,3/8/2020,1.27,1.066820664,SanFrancisco
7754,3/8/2020,1.74,1.096196194,Seattle
7915,3/8/2020,1.11,0.985646915,SouthCarolina
7796,3/8/2020,0.89,1.055647898,SouthCentral
7913,3/8/2020,1.45,1.069031887,Spokane
7945,3/8/2020,1.18,1.04049942,StLouis
7938,3/8/2020,1.15,1.070144658,Syracuse
7900,3/8/2020,1.13,1.079408484,Tampa
7834,3/8/2020,0.97,1.056596966,WestTex/NewMexico
7889,3/15/2020,1.22,1.048394561,Albany
7732,3/15/2020,1.04,1.054407878,Atlanta
7770,3/15/2020,1.46,1.091071939,Baltimore/Washington
7909,3/15/2020,1.38,1.093723707,Boise
7779,3/15/2020,1.49,1.050706806,Boston
7790,3/15/2020,1.2,1.067061787,Buffalo/Rochester
7935,3/15/2020,1.17,1.044669991,Charlotte
7756,3/15/2020,1.51,1.031789227,Chicago
7882,3/15/2020,1.33,1.120635247,Cincinnati/Dayton
7865,3/15/2020,1.21,1.083808479,Columbus
7956,3/15/2020,0.9,1.053358679,Dallas/FtWorth
7923,3/15/2020,1.13,1.071589084,Denver
7911,3/15/2020,1.29,1.047452259,Detroit
7960,3/15/2020,1.58,1.045356274,GrandRapids
7951,3/15/2020,1.28,1.023087583,GreatLakes
7953,3/15/2020,1.11,1.046639986,Harrisburg/Scranton
7896,3/15/2020,1.49,1.07049509,Hartford/Springfield
7856,3/15/2020,0.82,1.049228182,Houston
7876,3/15/2020,1.19,1.074543447,Indianapolis
7942,3/15/2020,1.08,1.025442786,Jacksonville
7744,3/15/2020,0.98,1.075627317,LasVegas
7751,3/15/2020,1.24,1.108933659,LosAngeles
7783,3/15/2020,1.04,1.054214277,Louisville
7964,3/15/2020,1.09,1.038106661,Miami/FtLauderdale
7818,3/15/2020,0.96,1.0555474,Nashville
7729,3/15/2020,1,1.040249538,NewOrleans/Mobile
7813,3/15/2020,1.52,0.988075447,NewYork
7948,3/15/2020,1.28,1.138137512,NorthernNewEngland
7859,3/15/2020,1.06,1.044091234,Orlando
7801,3/15/2020,1.22,1.03498744,Philadelphia
7965,3/15/2020,0.87,1.00398128,Phoenix/Tucson
7811,3/15/2020,1.35,1.024581943,Pittsburgh
7928,3/15/2020,1.22,1.005493946,Plains
7914,3/15/2020,1.36,1.139827518,Portland
7946,3/15/2020,1.11,1.040156069,Raleigh/Greensboro
7906,3/15/2020,0.89,1.042914314,Richmond/Norfolk
7943,3/15/2020,0.92,1.03301414,Roanoke
7821,3/15/2020,1.5,1.047733297,Sacramento
7792,3/15/2020,1.19,1.152104454,SanDiego
7894,3/15/2020,1.63,1.065058851,SanFrancisco
7897,3/15/2020,1.76,1.041021948,Seattle
7840,3/15/2020,1.08,1.024868488,SouthCarolina
7769,3/15/2020,0.91,1.051842394,SouthCentral
7815,3/15/2020,1.49,1.048814964,Spokane
7774,3/15/2020,1.26,1.053806725,StLouis
7861,3/15/2020,1.23,1.025015879,Syracuse
7966,3/15/2020,1.04,1.007702074,Tampa
7961,3/15/2020,0.95,1.046453571,WestTex/NewMexico
7873,3/22/2020,1.29,1.055438194,Albany
7922,3/22/2020,1.02,0.991629286,Atlanta
7836,3/22/2020,1.41,1.043021526,Baltimore/Washington
7838,3/22/2020,1.17,1.1379426,Boise
7788,3/22/2020,1.52,1.044138598,Boston
7795,3/22/2020,1.23,1.012667346,Buffalo/Rochester
7924,3/22/2020,1.24,1.103384333,Charlotte
7877,3/22/2020,1.49,1.072786617,Chicago
7947,3/22/2020,1.12,0.983496485,Cincinnati/Dayton
7849,3/22/2020,1.07,1.032039108,Columbus
7937,3/22/2020,0.89,1.015793333,Dallas/FtWorth
7837,3/22/2020,1.18,1.062351379,Denver
7829,3/22/2020,1.13,1.086630664,Detroit
7875,3/22/2020,1.55,1.034270368,GrandRapids
7958,3/22/2020,1.2,1.030580626,GreatLakes
7752,3/22/2020,1.13,1.041460133,Harrisburg/Scranton
7743,3/22/2020,1.5,1.052496052,Hartford/Springfield
7731,3/22/2020,0.86,1.028324189,Houston
7884,3/22/2020,1.06,1.029774857,Indianapolis
7917,3/22/2020,1.11,0.995570745,Jacksonville
7891,3/22/2020,1.03,1.087544589,LasVegas
7823,3/22/2020,1.3,1.031291666,LosAngeles
7912,3/22/2020,1.09,1.044764562,Louisville
7944,3/22/2020,1.11,1.0223489,Miami/FtLauderdale
7791,3/22/2020,0.97,1.017916331,Nashville
7871,3/22/2020,0.97,1.081105781,NewOrleans/Mobile
7908,3/22/2020,1.57,1.096373377,NewYork
7742,3/22/2020,1.3,1.059421406,NorthernNewEngland
7885,3/22/2020,1.08,1.096842823,Orlando
7759,3/22/2020,1.36,1.124418564,Philadelphia
7959,3/22/2020,0.83,1.066986151,Phoenix/Tucson
7880,3/22/2020,1.35,1.009647312,Pittsburgh
7786,3/22/2020,1.21,1.039954391,Plains
7857,3/22/2020,1.24,1.019927292,Portland
7784,3/22/2020,1.17,1.031059408,Raleigh/Greensboro
7854,3/22/2020,0.99,1.055724373,Richmond/Norfolk
7741,3/22/2020,1.02,0.997285929,Roanoke
7934,3/22/2020,1.51,1.056154847,Sacramento
7761,3/22/2020,1.32,0.976633759,SanDiego
7809,3/22/2020,1.67,1.032859616,SanFrancisco
7781,3/22/2020,1.67,1.041278229,Seattle
7955,3/22/2020,1.11,1.066971149,SouthCarolina
7757,3/22/2020,0.92,1.033042202,SouthCentral
7816,3/22/2020,1.39,1.132024956,Spokane
7805,3/22/2020,1.17,1.099994984,StLouis
7926,3/22/2020,1.3,1.025637751,Syracuse
7939,3/22/2020,1.07,1.037788906,Tampa
7814,3/22/2020,0.98,1.056635361,WestTex/NewMexico
7776,3/29/2020,1.08,1.127886696,Albany
7787,3/29/2020,1.08,1.07669713,Atlanta
7739,3/29/2020,1.4,1.128395061,Baltimore/Washington
7870,3/29/2020,1.39,1.032410784,Boise
7954,3/29/2020,1.49,1.06738122,Boston
7839,3/29/2020,1.25,1.100708122,Buffalo/Rochester
7841,3/29/2020,1.28,1.017460575,Charlotte
7910,3/29/2020,1.46,1.076595058,Chicago
7842,3/29/2020,0.84,1.101124802,Cincinnati/Dayton
7919,3/29/2020,0.95,0.985519195,Columbus
7785,3/29/2020,0.93,1.024246616,Dallas/FtWorth
7750,3/29/2020,1.26,1.052373734,Denver
7808,3/29/2020,0.97,1.128682709,Detroit
7874,3/29/2020,1.17,1.03672224,GrandRapids
7773,3/29/2020,1.07,1.033218756,GreatLakes
7797,3/29/2020,1.15,1.087514219,Harrisburg/Scranton
7835,3/29/2020,1.5,1.02451087,Hartford/Springfield
7730,3/29/2020,0.9,0.999795394,Houston
7832,3/29/2020,0.95,1.048658552,Indianapolis
7826,3/29/2020,1.29,1.117476215,Jacksonville
7755,3/29/2020,1.03,0.990724015,LasVegas
7933,3/29/2020,1.34,1.018963747,LosAngeles
7941,3/29/2020,0.84,1.014602304,Louisville
7950,3/29/2020,1.29,1.01238358,Miami/FtLauderdale
7825,3/29/2020,0.99,1.082429042,Nashville
7868,3/29/2020,1.01,1.107337489,NewOrleans/Mobile
7733,3/29/2020,1.58,1.04279808,NewYork
7949,3/29/2020,1.1,1.020141296,NorthernNewEngland
7777,3/29/2020,1.19,0.99485661,Orlando
7789,3/29/2020,1.38,1.093218699,Philadelphia
7794,3/29/2020,0.91,1.026830091,Phoenix/Tucson
7932,3/29/2020,1.04,1.049124851,Pittsburgh
7780,3/29/2020,1.19,1.067371411,Plains
7812,3/29/2020,1.4,1.03164021,Portland
7819,3/29/2020,1.19,1.118219461,Raleigh/Greensboro
7904,3/29/2020,1.03,1.141151304,Richmond/Norfolk
7747,3/29/2020,1,1.111306276,Roanoke
7806,3/29/2020,1.51,1.059043856,Sacramento
7851,3/29/2020,1.36,1.083116584,SanDiego
7772,3/29/2020,1.55,1.081707458,SanFrancisco
7760,3/29/2020,1.72,1.09996645,Seattle
7860,3/29/2020,1.17,1.075196476,SouthCarolina
7771,3/29/2020,0.95,1.028342967,SouthCentral
7847,3/29/2020,1.5,1.047069778,Spokane
7793,3/29/2020,1.21,1.111687918,StLouis
7810,3/29/2020,1.21,1.067935429,Syracuse
7863,3/29/2020,1.21,1.051351023,Tampa
7879,3/29/2020,0.97,1.045726271,WestTex/NewMexico
8068,4/5/2020,1.2,1.106713467,Albany
8124,4/5/2020,1.07,1.114932289,Atlanta
8066,4/5/2020,1.2,1.135493612,Baltimore/Washington
8145,4/5/2020,1.26,1.128020763,Boise
8070,4/5/2020,1.52,1.052860279,Boston
8107,4/5/2020,1.19,1.104947038,Buffalo/Rochester
8075,4/5/2020,1.27,1.10646883,Charlotte
8080,4/5/2020,1.5,1.108093691,Chicago
7981,4/5/2020,0.83,1.119272909,Cincinnati/Dayton
8036,4/5/2020,0.95,1.136225004,Columbus
8095,4/5/2020,0.9,1.11656208,Dallas/FtWorth
8093,4/5/2020,1.09,1.159178667,Denver
8064,4/5/2020,1.03,1.181071434,Detroit
7971,4/5/2020,1.27,1.142948208,GrandRapids
8137,4/5/2020,1.08,1.153950033,GreatLakes
7995,4/5/2020,1.14,1.107428284,Harrisburg/Scranton
8153,4/5/2020,1.51,1.144808998,Hartford/Springfield
8106,4/5/2020,0.86,1.129798889,Houston
8134,4/5/2020,0.94,1.094636583,Indianapolis
8008,4/5/2020,1.26,1.099180298,Jacksonville
8131,4/5/2020,1.04,1.113976245,LasVegas
8116,4/5/2020,1.29,1.124959135,LosAngeles
8123,4/5/2020,0.9,1.12915782,Louisville
8040,4/5/2020,1.29,1.108464527,Miami/FtLauderdale
8057,4/5/2020,0.97,1.1472016,Nashville
8082,4/5/2020,0.99,1.157286458,NewOrleans/Mobile
8143,4/5/2020,1.57,1.118364334,NewYork
8049,4/5/2020,1.3,1.122377234,NorthernNewEngland
8011,4/5/2020,1.19,1.114839973,Orlando
8002,4/5/2020,1.33,1.13693337,Philadelphia
8048,4/5/2020,0.93,1.095085835,Phoenix/Tucson
8039,4/5/2020,1.33,1.126293201,Pittsburgh
8041,4/5/2020,1.17,1.108262429,Plains
8085,4/5/2020,1.28,1.166105332,Portland
8139,4/5/2020,1.14,1.137679186,Raleigh/Greensboro
8077,4/5/2020,1.01,1.172599268,Richmond/Norfolk
8154,4/5/2020,0.98,1.123669653,Roanoke
8129,4/5/2020,1.4,1.169339581,Sacramento
8063,4/5/2020,1.33,1.119060898,SanDiego
8003,4/5/2020,1.34,1.148806057,SanFrancisco
8132,4/5/2020,1.6,1.122358141,Seattle
8103,4/5/2020,1.16,1.101253939,SouthCarolina
8022,4/5/2020,0.91,1.177803669,SouthCentral
8013,4/5/2020,1.31,1.122267504,Spokane
7996,4/5/2020,1.27,1.147192841,StLouis
7990,4/5/2020,1.2,1.103432589,Syracuse
8112,4/5/2020,1.19,1.125608072,Tampa
8083,4/5/2020,0.94,1.088314533,WestTex/NewMexico
8037,4/12/2020,1.22,1.140273886,Albany
7980,4/12/2020,1.08,1.156730518,Atlanta
8146,4/12/2020,1.34,1.147922449,Baltimore/Washington
8061,4/12/2020,1.31,1.14115078,Boise
8094,4/12/2020,1.46,1.161156845,Boston
8054,4/12/2020,1.14,1.136157551,Buffalo/Rochester
8156,4/12/2020,1.26,1.09523396,Charlotte
8117,4/12/2020,1.67,1.131206179,Chicago
7993,4/12/2020,1.08,1.134482808,Cincinnati/Dayton
8027,4/12/2020,1.08,1.113479943,Columbus
8006,4/12/2020,0.9,1.182759027,Dallas/FtWorth
8114,4/12/2020,1.15,1.110830588,Denver
8032,4/12/2020,1.22,1.159153385,Detroit
8099,4/12/2020,1.67,1.111614013,GrandRapids
7992,4/12/2020,1.25,1.103761306,GreatLakes
8100,4/12/2020,1.13,1.115080414,Harrisburg/Scranton
8026,4/12/2020,1.49,1.075148115,Hartford/Springfield
8149,4/12/2020,0.86,1.158966446,Houston
8073,4/12/2020,1.01,1.144175062,Indianapolis
8046,4/12/2020,1.3,1.138669062,Jacksonville
8004,4/12/2020,1.14,1.115192976,LasVegas
8031,4/12/2020,1.33,1.139777584,LosAngeles
8033,4/12/2020,1.04,1.114368114,Louisville
8016,4/12/2020,1.31,1.104627447,Miami/FtLauderdale
8021,4/12/2020,0.99,1.17227354,Nashville
8140,4/12/2020,1.02,1.087498064,NewOrleans/Mobile
8101,4/12/2020,1.56,1.137885532,NewYork
8102,4/12/2020,1.29,1.129996948,NorthernNewEngland
8053,4/12/2020,1.2,1.086399298,Orlando
8034,4/12/2020,1.34,1.116069136,Philadelphia
7977,4/12/2020,0.98,1.097915573,Phoenix/Tucson
7968,4/12/2020,1.32,1.07673306,Pittsburgh
8050,4/12/2020,1.2,1.106840243,Plains
8078,4/12/2020,1.38,1.126163225,Portland
8052,4/12/2020,1.18,1.107708693,Raleigh/Greensboro
8018,4/12/2020,1.02,1.112628698,Richmond/Norfolk
8098,4/12/2020,1.02,1.102204475,Roanoke
8007,4/12/2020,1.43,1.100365715,Sacramento
8005,4/12/2020,1.37,1.115364599,SanDiego
8062,4/12/2020,1.65,1.140925865,SanFrancisco
8019,4/12/2020,1.66,1.119837713,Seattle
7998,4/12/2020,1.17,1.107294216,SouthCarolina
7979,4/12/2020,0.92,1.113783536,SouthCentral
8088,4/12/2020,1.43,1.111744566,Spokane
7989,4/12/2020,1.25,1.111767225,StLouis
8087,4/12/2020,1.18,1.133817978,Syracuse
8120,4/12/2020,1.2,1.115867825,Tampa
8051,4/12/2020,0.95,1.128597736,WestTex/NewMexico
8000,4/19/2020,1.38,1.105568595,Albany
7973,4/19/2020,1.07,1.120455704,Atlanta
8150,4/19/2020,1.4,1.102424459,Baltimore/Washington
8056,4/19/2020,1.46,1.108374414,Boise
8151,4/19/2020,1.48,1.115976295,Boston
8071,4/19/2020,1.15,1.127203088,Buffalo/Rochester
8092,4/19/2020,1.22,1.176208181,Charlotte
8111,4/19/2020,1.66,1.102112002,Chicago
8148,4/19/2020,1.24,1.170523424,Cincinnati/Dayton
8072,4/19/2020,1.15,1.111673756,Columbus
8024,4/19/2020,0.82,1.116022139,Dallas/FtWorth
8020,4/19/2020,1.15,1.062241125,Denver
7987,4/19/2020,1.18,1.100467892,Detroit
7974,4/19/2020,1.6,1.1248664,GrandRapids
8060,4/19/2020,1.27,1.119996381,GreatLakes
8045,4/19/2020,1.2,1.117672911,Harrisburg/Scranton
8142,4/19/2020,1.53,1.093110542,Hartford/Springfield
8079,4/19/2020,0.8,1.070621028,Houston
8009,4/19/2020,1.12,1.142121773,Indianapolis
8035,4/19/2020,1.26,1.138951988,Jacksonville
8090,4/19/2020,1.01,1.065315132,LasVegas
7969,4/19/2020,1.24,1.102917719,LosAngeles
8012,4/19/2020,1.08,1.145051537,Louisville
7986,4/19/2020,1.26,1.099018221,Miami/FtLauderdale
8157,4/19/2020,0.99,1.159431381,Nashville
8159,4/19/2020,0.93,1.105103292,NewOrleans/Mobile
8105,4/19/2020,1.55,1.08583806,NewYork
8015,4/19/2020,1.35,1.103554802,NorthernNewEngland
8030,4/19/2020,1.17,1.071642532,Orlando
8152,4/19/2020,1.36,1.117861109,Philadelphia
8044,4/19/2020,0.89,1.150425515,Phoenix/Tucson
8141,4/19/2020,0.91,1.07898231,Pittsburgh
8086,4/19/2020,1.12,1.074247198,Plains
8029,4/19/2020,1.26,1.145044928,Portland
8104,4/19/2020,1.14,1.120405664,Raleigh/Greensboro
8115,4/19/2020,1.04,1.159001274,Richmond/Norfolk
8010,4/19/2020,1.01,1.135958233,Roanoke
7991,4/19/2020,1.36,1.116911621,Sacramento
8076,4/19/2020,1.16,1.162747717,SanDiego
7978,4/19/2020,1.24,1.119675741,SanFrancisco
8096,4/19/2020,1.6,1.108147297,Seattle
7972,4/19/2020,1.16,1.109084301,SouthCarolina
8127,4/19/2020,0.85,1.17584836,SouthCentral
8109,4/19/2020,1.44,1.076431932,Spokane
7994,4/19/2020,1.2,1.154839201,StLouis
8119,4/19/2020,1.25,1.091646814,Syracuse
8043,4/19/2020,1.18,1.076526136,Tampa
7997,4/19/2020,0.84,1.118522949,WestTex/NewMexico
8042,4/26/2020,1.05,1.130846882,Albany
8059,4/26/2020,1.09,1.110107641,Atlanta
8074,4/26/2020,1.41,1.128334217,Baltimore/Washington
8138,4/26/2020,1.41,1.140651278,Boise
8017,4/26/2020,1.42,1.101021261,Boston
8014,4/26/2020,1.18,1.177185574,Buffalo/Rochester
8136,4/26/2020,1.19,1.151340122,Charlotte
8144,4/26/2020,1.61,1.135285797,Chicago
8081,4/26/2020,1.27,1.123661785,Cincinnati/Dayton
8001,4/26/2020,1.18,1.095605583,Columbus
7976,4/26/2020,0.9,1.130802612,Dallas/FtWorth
8126,4/26/2020,1.16,1.103231382,Denver
8055,4/26/2020,1.13,1.105912523,Detroit
8058,4/26/2020,1.64,1.183923988,GrandRapids
8135,4/26/2020,1.27,1.133186035,GreatLakes
8065,4/26/2020,1.14,1.114253454,Harrisburg/Scranton
7999,4/26/2020,1.37,1.116153688,Hartford/Springfield
8158,4/26/2020,0.92,1.181417093,Houston
7975,4/26/2020,1.18,1.111199064,Indianapolis
8038,4/26/2020,1.23,1.087367878,Jacksonville
8125,4/26/2020,0.92,1.129610481,LasVegas
7970,4/26/2020,1.28,1.16404407,LosAngeles
8130,4/26/2020,1.09,1.104340744,Louisville
8133,4/26/2020,1.23,1.066076632,Miami/FtLauderdale
8091,4/26/2020,1.02,1.114680362,Nashville
8108,4/26/2020,0.98,1.11535264,NewOrleans/Mobile
8023,4/26/2020,1.25,1.16266264,NewYork
8047,4/26/2020,1.27,1.134684067,NorthernNewEngland
8121,4/26/2020,1.16,1.147253265,Orlando
7983,4/26/2020,1.17,1.106486034,Philadelphia
7982,4/26/2020,0.77,1.157385068,Phoenix/Tucson
7985,4/26/2020,1.31,1.114746923,Pittsburgh
8122,4/26/2020,1.12,1.130770197,Plains
8089,4/26/2020,1.36,1.171556101,Portland
8025,4/26/2020,1.14,1.101079903,Raleigh/Greensboro
7984,4/26/2020,1.04,1.133473997,Richmond/Norfolk
8110,4/26/2020,1,1.176610174,Roanoke
8118,4/26/2020,1.46,1.120110674,Sacramento
8128,4/26/2020,1.24,1.170048103,SanDiego
8113,4/26/2020,1.59,1.157010298,SanFrancisco
8069,4/26/2020,1.44,1.092365985,Seattle
7988,4/26/2020,1.15,1.117267561,SouthCarolina
8147,4/26/2020,0.94,1.108178349,SouthCentral
8084,4/26/2020,1.31,1.122094727,Spokane
8155,4/26/2020,1.05,1.113601685,StLouis
8067,4/26/2020,1.14,1.111997437,Syracuse
8028,4/26/2020,1.17,1.137935257,Tampa
8097,4/26/2020,0.91,1.064323473,WestTex/NewMexico
8357,5/3/2020,1.24,1.201862969,Albany
8313,5/3/2020,0.99,1.188999987,Atlanta
8176,5/3/2020,1.2,1.158679533,Baltimore/Washington
8204,5/3/2020,1.27,1.20071537,Boise
8198,5/3/2020,1.46,1.149080172,Boston
8379,5/3/2020,1.16,1.21977006,Buffalo/Rochester
8297,5/3/2020,0.95,1.202705193,Charlotte
8188,5/3/2020,0.87,1.165286713,Chicago
8332,5/3/2020,1.03,1.159831591,Cincinnati/Dayton
8195,5/3/2020,0.95,1.18235929,Columbus
8342,5/3/2020,0.87,1.190765209,Dallas/FtWorth
8224,5/3/2020,1.15,1.143919935,Denver
8345,5/3/2020,1.03,1.170201001,Detroit
8293,5/3/2020,1.55,1.193267908,GrandRapids
8183,5/3/2020,0.99,1.18274261,GreatLakes
8310,5/3/2020,1.17,1.181498289,Harrisburg/Scranton
8390,5/3/2020,1.45,1.214408827,Hartford/Springfield
8234,5/3/2020,0.85,1.142841101,Houston
8264,5/3/2020,1.01,1.17440362,Indianapolis
8317,5/3/2020,1.06,1.189807434,Jacksonville
8309,5/3/2020,1.02,1.149907551,LasVegas
8301,5/3/2020,1.11,1.21176178,LosAngeles
8334,5/3/2020,0.95,1.19723423,Louisville
8243,5/3/2020,1.08,1.19003623,Miami/FtLauderdale
8238,5/3/2020,0.93,1.179392233,Nashville
8305,5/3/2020,0.92,1.161258497,NewOrleans/Mobile
8230,5/3/2020,1.51,1.161552963,NewYork
8189,5/3/2020,1.3,1.187346225,NorthernNewEngland
8200,5/3/2020,1.03,1.145913954,Orlando
8296,5/3/2020,1.29,1.215397234,Philadelphia
8364,5/3/2020,0.77,1.170616264,Phoenix/Tucson
8266,5/3/2020,0.94,1.249444408,Pittsburgh
8160,5/3/2020,0.89,1.082240372,Plains
8358,5/3/2020,1.08,1.161756792,Portland
8308,5/3/2020,0.9,1.194291143,Raleigh/Greensboro
8273,5/3/2020,0.87,1.208056879,Richmond/Norfolk
8302,5/3/2020,0.9,1.176393862,Roanoke
8225,5/3/2020,0.97,1.206543636,Sacramento
8300,5/3/2020,1.03,1.151786489,SanDiego
8237,5/3/2020,1.03,1.17237236,SanFrancisco
8219,5/3/2020,1.36,1.245378532,Seattle
8271,5/3/2020,1.03,1.231475897,SouthCarolina
8369,5/3/2020,0.88,1.170773463,SouthCentral
8287,5/3/2020,1.19,1.155706024,Spokane
8366,5/3/2020,1.06,1.211836367,StLouis
8235,5/3/2020,1.21,1.165443964,Syracuse
8193,5/3/2020,1.02,1.152491341,Tampa
8316,5/3/2020,0.84,1.11155406,WestTex/NewMexico
8199,5/10/2020,1.12,1.163489809,Albany
8214,5/10/2020,1.04,1.167017107,Atlanta
8187,5/10/2020,1.14,1.186386089,Baltimore/Washington
8321,5/10/2020,1.22,1.150516415,Boise
8170,5/10/2020,1.43,1.167651987,Boston
8335,5/10/2020,1.11,1.184551997,Buffalo/Rochester
8162,5/10/2020,1.19,1.187082338,Charlotte
8248,5/10/2020,1.39,1.124566269,Chicago
8281,5/10/2020,1.02,1.137719364,Cincinnati/Dayton
8395,5/10/2020,0.97,1.155684414,Columbus
8172,5/10/2020,0.81,1.144811096,Dallas/FtWorth
8260,5/10/2020,1.04,1.182808437,Denver
8213,5/10/2020,1.03,1.146180515,Detroit
8192,5/10/2020,1.25,1.174432783,GrandRapids
8270,5/10/2020,1.09,1.201712589,GreatLakes
8220,5/10/2020,1.16,1.129203663,Harrisburg/Scranton
8363,5/10/2020,1.46,1.155503139,Hartford/Springfield
8329,5/10/2020,0.8,1.176403723,Houston
8217,5/10/2020,1,1.189818764,Indianapolis
8327,5/10/2020,1.2,1.173715658,Jacksonville
8393,5/10/2020,1,1.185165005,LasVegas
8211,5/10/2020,1.17,1.166451464,LosAngeles
8207,5/10/2020,0.96,1.179502068,Louisville
8286,5/10/2020,1.24,1.202709913,Miami/FtLauderdale
8347,5/10/2020,0.95,1.185055223,Nashville
8212,5/10/2020,0.95,1.184050083,NewOrleans/Mobile
8164,5/10/2020,1.5,1.175311408,NewYork
8275,5/10/2020,1.09,1.22304265,NorthernNewEngland
8163,5/10/2020,1.12,1.197955656,Orlando
8292,5/10/2020,1.24,1.179661312,Philadelphia
8346,5/10/2020,0.74,1.174486599,Phoenix/Tucson
8320,5/10/2020,1.05,1.167975039,Pittsburgh
8371,5/10/2020,1.04,1.170692792,Plains
8221,5/10/2020,1.21,1.191439638,Portland
8290,5/10/2020,1.09,1.20423564,Raleigh/Greensboro
8257,5/10/2020,0.98,1.210977621,Richmond/Norfolk
8165,5/10/2020,0.98,1.176787148,Roanoke
8181,5/10/2020,1.37,1.185294876,Sacramento
8289,5/10/2020,1.16,1.181266451,SanDiego
8288,5/10/2020,1.57,1.209431124,SanFrancisco
8279,5/10/2020,1.48,1.125957875,Seattle
8194,5/10/2020,1.15,1.193621645,SouthCarolina
8173,5/10/2020,0.84,1.147891502,SouthCentral
8269,5/10/2020,1.26,1.174639497,Spokane
8167,5/10/2020,1.04,1.142882853,StLouis
8263,5/10/2020,1.13,1.176687069,Syracuse
8180,5/10/2020,1.1,1.183373451,Tampa
8291,5/10/2020,0.85,1.1456283,WestTex/NewMexico
8331,5/17/2020,1.46,1.172471547,Albany
8328,5/17/2020,1.02,1.199032917,Atlanta
8336,5/17/2020,1.31,1.170830898,Baltimore/Washington
8312,5/17/2020,1.25,1.192567883,Boise
8349,5/17/2020,1.5,1.217169065,Boston
8368,5/17/2020,1.17,1.194153194,Buffalo/Rochester
8333,5/17/2020,1.19,1.194941339,Charlotte
8375,5/17/2020,1.52,1.191743965,Chicago
8232,5/17/2020,1.23,1.186268177,Cincinnati/Dayton
8222,5/17/2020,1.15,1.127120633,Columbus
8208,5/17/2020,0.88,1.176686649,Dallas/FtWorth
8228,5/17/2020,1.14,1.157984858,Denver
8385,5/17/2020,1.29,1.131611633,Detroit
8394,5/17/2020,1.41,1.171081305,GrandRapids
8256,5/17/2020,1.24,1.176272593,GreatLakes
8161,5/17/2020,1.18,1.191517792,Harrisburg/Scranton
8330,5/17/2020,1.52,1.157635107,Hartford/Springfield
8175,5/17/2020,0.94,1.175296669,Houston
8277,5/17/2020,1.15,1.168908529,Indianapolis
8254,5/17/2020,1.22,1.146941805,Jacksonville
8370,5/17/2020,1.01,1.221896257,LasVegas
8196,5/17/2020,1.22,1.2028016,LosAngeles
8268,5/17/2020,1.06,1.148999186,Louisville
8386,5/17/2020,1.24,1.169544353,Miami/FtLauderdale
8274,5/17/2020,0.99,1.173804512,Nashville
8325,5/17/2020,1.03,1.166528463,NewOrleans/Mobile
8255,5/17/2020,1.52,1.196850333,NewYork
8398,5/17/2020,1.33,1.166134443,NorthernNewEngland
8303,5/17/2020,1.14,1.178017044,Orlando
8382,5/17/2020,1.29,1.17061039,Philadelphia
8374,5/17/2020,0.92,1.200251799,Phoenix/Tucson
8171,5/17/2020,0.93,1.160151863,Pittsburgh
8186,5/17/2020,1.09,1.161364136,Plains
8278,5/17/2020,1.15,1.177529345,Portland
8299,5/17/2020,1.09,1.230342355,Raleigh/Greensboro
8318,5/17/2020,0.99,1.19991941,Richmond/Norfolk
8340,5/17/2020,0.94,1.16081769,Roanoke
8169,5/17/2020,1.36,1.190935364,Sacramento
8190,5/17/2020,1.19,1.167774305,SanDiego
8182,5/17/2020,1.59,1.170702233,SanFrancisco
8247,5/17/2020,1.51,1.188458261,Seattle
8226,5/17/2020,1.16,1.168851933,SouthCarolina
8295,5/17/2020,0.94,1.155444498,SouthCentral
8373,5/17/2020,1.3,1.187593327,Spokane
8294,5/17/2020,1.04,1.166654925,StLouis
8174,5/17/2020,1.31,1.228174772,Syracuse
8361,5/17/2020,1.12,1.165213385,Tampa
8259,5/17/2020,0.89,1.241211529,WestTex/NewMexico
8191,5/24/2020,1.4,1.20954998,Albany
8376,5/24/2020,0.96,1.187319002,Atlanta
8282,5/24/2020,1.28,1.187570353,Baltimore/Washington
8399,5/24/2020,1.28,1.16001895,Boise
8326,5/24/2020,1.48,1.144641466,Boston
8359,5/24/2020,1.16,1.134547901,Buffalo/Rochester
8202,5/24/2020,1.17,1.195940552,Charlotte
8367,5/24/2020,1.39,1.166886501,Chicago
8322,5/24/2020,1.21,1.185374289,Cincinnati/Dayton
8389,5/24/2020,1.07,1.184920578,Columbus
8360,5/24/2020,0.85,1.190662928,Dallas/FtWorth
8348,5/24/2020,1.12,1.221747608,Denver
8392,5/24/2020,1.12,1.165510578,Detroit
8209,5/24/2020,1.31,1.149689035,GrandRapids
8298,5/24/2020,1.16,1.201904459,GreatLakes
8239,5/24/2020,1.11,1.22954288,Harrisburg/Scranton
8245,5/24/2020,1.51,1.171703281,Hartford/Springfield
8396,5/24/2020,0.92,1.194002342,Houston
8311,5/24/2020,1.12,1.198152561,Indianapolis
8337,5/24/2020,1.06,1.167360144,Jacksonville
8377,5/24/2020,0.92,1.195239058,LasVegas
8218,5/24/2020,1.2,1.176861629,LosAngeles
8216,5/24/2020,0.82,1.16690486,Louisville
8276,5/24/2020,1.07,1.154771485,Miami/FtLauderdale
8258,5/24/2020,0.9,1.168860798,Nashville
8250,5/24/2020,0.93,1.234392967,NewOrleans/Mobile
8201,5/24/2020,1.5,1.182540355,NewYork
8262,5/24/2020,1.31,1.231436768,NorthernNewEngland
8355,5/24/2020,1.03,1.144158278,Orlando
8365,5/24/2020,1.23,1.194040947,Philadelphia
8203,5/24/2020,0.76,1.21628315,Phoenix/Tucson
8236,5/24/2020,1.29,1.181971931,Pittsburgh
8272,5/24/2020,1.08,1.187826843,Plains
8354,5/24/2020,1.17,1.161577826,Portland
8344,5/24/2020,1.1,1.160513887,Raleigh/Greensboro
8388,5/24/2020,1.01,1.147734671,Richmond/Norfolk
8341,5/24/2020,0.95,1.173774614,Roanoke
8242,5/24/2020,1.4,1.212048693,Sacramento
8261,5/24/2020,1.18,1.197279129,SanDiego
8241,5/24/2020,1.48,1.176394176,SanFrancisco
8223,5/24/2020,1.46,1.197435436,Seattle
8306,5/24/2020,1.09,1.149963255,SouthCarolina
8249,5/24/2020,0.89,1.184448824,SouthCentral
8378,5/24/2020,1.33,1.18805501,Spokane
8240,5/24/2020,1.03,1.209104662,StLouis
8307,5/24/2020,1.27,1.19982295,Syracuse
8383,5/24/2020,1.03,1.1912677,Tampa
8285,5/24/2020,0.84,1.173760924,WestTex/NewMexico
8267,5/31/2020,1.47,1.153445444,Albany
8178,5/31/2020,1.04,1.15622509,Atlanta
8314,5/31/2020,1.31,1.188444624,Baltimore/Washington
8338,5/31/2020,1.26,1.216388159,Boise
8197,5/31/2020,1.49,1.178290949,Boston
8229,5/31/2020,1.15,1.199913483,Buffalo/Rochester
8246,5/31/2020,1.2,1.189583464,Charlotte
8304,5/31/2020,1.06,1.172493525,Chicago
8205,5/31/2020,1.06,1.199000082,Cincinnati/Dayton
8179,5/31/2020,0.91,1.170519753,Columbus
8323,5/31/2020,0.75,1.205617647,Dallas/FtWorth
8372,5/31/2020,1.01,1.188173027,Denver
8177,5/31/2020,1.06,1.174308577,Detroit
8387,5/31/2020,1.53,1.154648275,GrandRapids
8283,5/31/2020,1.06,1.184982314,GreatLakes
8252,5/31/2020,1.1,1.149511328,Harrisburg/Scranton
8227,5/31/2020,1.4,1.1768503,Hartford/Springfield
8253,5/31/2020,0.81,1.176786833,Houston
8397,5/31/2020,1.04,1.178657169,Indianapolis
8231,5/31/2020,1.18,1.184756351,Jacksonville
8353,5/31/2020,1.04,1.175614529,LasVegas
8265,5/31/2020,1.09,1.182161074,LosAngeles
8185,5/31/2020,0.86,1.138558598,Louisville
8166,5/31/2020,1.19,1.17167181,Miami/FtLauderdale
8380,5/31/2020,0.94,1.182491469,Nashville
8384,5/31/2020,0.89,1.199515843,NewOrleans/Mobile
8362,5/31/2020,1.25,1.184518952,NewYork
8251,5/31/2020,1.34,1.161413021,NorthernNewEngland
8324,5/31/2020,1.12,1.13431365,Orlando
8206,5/31/2020,1.11,1.174246159,Philadelphia
8244,5/31/2020,0.76,1.159492855,Phoenix/Tucson
8184,5/31/2020,1.01,1.230073485,Pittsburgh
8391,5/31/2020,1.06,1.180675735,Plains
8351,5/31/2020,1.07,1.188349895,Portland
8280,5/31/2020,1.12,1.12653018,Raleigh/Greensboro
8343,5/31/2020,1.01,1.156409197,Richmond/Norfolk
8339,5/31/2020,0.98,1.179950008,Roanoke
8215,5/31/2020,1.45,1.181586723,Sacramento
8356,5/31/2020,1,1.189600248,SanDiego
8352,5/31/2020,1.4,1.114532709,SanFrancisco
8315,5/31/2020,1.3,1.159043341,Seattle
8381,5/31/2020,1.17,1.212586641,SouthCarolina
8350,5/31/2020,0.8,1.156497893,SouthCentral
8168,5/31/2020,1.19,1.158774104,Spokane
8233,5/31/2020,0.96,1.187689314,StLouis
8210,5/31/2020,1.32,1.174154158,Syracuse
8284,5/31/2020,1.13,1.203230238,Tampa
8319,5/31/2020,0.84,1.166768694,WestTex/NewMexico
8424,6/7/2020,1.22,1.223091011,Albany
8573,6/7/2020,1.01,1.248364525,Atlanta
8527,6/7/2020,1.31,1.252771235,Baltimore/Washington
8471,6/7/2020,1.24,1.244460516,Boise
8476,6/7/2020,1.43,1.241621389,Boston
8512,6/7/2020,0.91,1.245307617,Buffalo/Rochester
8534,6/7/2020,1.23,1.225341415,Charlotte
8491,6/7/2020,1.21,1.234950953,Chicago
8451,6/7/2020,0.97,1.276294107,Cincinnati/Dayton
8576,6/7/2020,0.9,1.221572208,Columbus
8569,6/7/2020,0.72,1.200648441,Dallas/FtWorth
8519,6/7/2020,1.1,1.235644264,Denver
8463,6/7/2020,0.98,1.223900242,Detroit
8477,6/7/2020,1.26,1.200730476,GrandRapids
8479,6/7/2020,1.04,1.237320318,GreatLakes
8546,6/7/2020,1.07,1.268966761,Harrisburg/Scranton
8575,6/7/2020,1.44,1.202196827,Hartford/Springfield
8444,6/7/2020,0.75,1.22734498,Houston
8418,6/7/2020,0.95,1.247012415,Indianapolis
8555,6/7/2020,1.14,1.214023724,Jacksonville
8483,6/7/2020,1.03,1.20195219,LasVegas
8582,6/7/2020,1.13,1.208393307,LosAngeles
8524,6/7/2020,1.02,1.230950642,Louisville
8482,6/7/2020,1.18,1.224846687,Miami/FtLauderdale
8580,6/7/2020,0.97,1.205057878,Nashville
8558,6/7/2020,0.9,1.242441478,NewOrleans/Mobile
8523,6/7/2020,1.48,1.241857529,NewYork
8467,6/7/2020,1.29,1.257273827,NorthernNewEngland
8538,6/7/2020,1.11,1.250369768,Orlando
8511,6/7/2020,1.2,1.2468923,Philadelphia
8403,6/7/2020,0.88,1.212406416,Phoenix/Tucson
8487,6/7/2020,1.28,1.234457221,Pittsburgh
8513,6/7/2020,1.06,1.212914939,Plains
8434,6/7/2020,1.13,1.284861526,Portland
8408,6/7/2020,1.15,1.232183371,Raleigh/Greensboro
8404,6/7/2020,1,1.241913548,Richmond/Norfolk
8423,6/7/2020,0.95,1.209811139,Roanoke
8533,6/7/2020,1.51,1.2327808,Sacramento
8549,6/7/2020,1.14,1.249450703,SanDiego
8427,6/7/2020,1.56,1.227468348,SanFrancisco
8452,6/7/2020,1.45,1.235317383,Seattle
8530,6/7/2020,1.15,1.249591169,SouthCarolina
8461,6/7/2020,0.76,1.226850777,SouthCentral
8496,6/7/2020,1.34,1.239894667,Spokane
8578,6/7/2020,0.97,1.233767319,StLouis
8588,6/7/2020,1.07,1.241602139,Syracuse
8439,6/7/2020,1.06,1.235909986,Tampa
8442,6/7/2020,0.82,1.220861063,WestTex/NewMexico
8464,6/14/2020,0.97,1.215250368,Albany
8435,6/14/2020,0.91,1.170153637,Atlanta
8462,6/14/2020,1.31,1.239807281,Baltimore/Washington
8537,6/14/2020,1.17,1.255327435,Boise
8568,6/14/2020,1.1,1.22582922,Boston
8540,6/14/2020,1.06,1.249225473,Buffalo/Rochester
8466,6/14/2020,1.22,1.222469769,Charlotte
8480,6/14/2020,1.43,1.285151377,Chicago
8525,6/14/2020,1.06,1.228629217,Cincinnati/Dayton
8536,6/14/2020,0.99,1.207589688,Columbus
8422,6/14/2020,0.78,1.304304571,Dallas/FtWorth
8448,6/14/2020,1.02,1.212551603,Denver
8459,6/14/2020,1.11,1.220600061,Detroit
8409,6/14/2020,1.49,1.202096696,GrandRapids
8410,6/14/2020,1.15,1.222653823,GreatLakes
8529,6/14/2020,1.06,1.172146816,Harrisburg/Scranton
8517,6/14/2020,1.35,1.23075489,Hartford/Springfield
8465,6/14/2020,0.82,1.207781243,Houston
8407,6/14/2020,1.02,1.237555881,Indianapolis
8545,6/14/2020,1.18,1.223887496,Jacksonville
8411,6/14/2020,0.95,1.296231775,LasVegas
8421,6/14/2020,1.17,1.222703915,LosAngeles
8438,6/14/2020,0.91,1.295249453,Louisville
8503,6/14/2020,1.2,1.244718685,Miami/FtLauderdale
8542,6/14/2020,0.87,1.251152878,Nashville
8472,6/14/2020,0.98,1.238853807,NewOrleans/Mobile
8490,6/14/2020,1.22,1.2078477,NewYork
8469,6/14/2020,0.89,1.212290497,NorthernNewEngland
8516,6/14/2020,1.1,1.215812287,Orlando
8498,6/14/2020,1.09,1.203862128,Philadelphia
8504,6/14/2020,0.79,1.216232271,Phoenix/Tucson
8402,6/14/2020,1.2,1.263002434,Pittsburgh
8589,6/14/2020,1.08,1.222526102,Plains
8416,6/14/2020,1.04,1.234162073,Portland
8458,6/14/2020,1.16,1.226995544,Raleigh/Greensboro
8481,6/14/2020,0.95,1.252820854,Richmond/Norfolk
8495,6/14/2020,0.88,1.215643654,Roanoke
8531,6/14/2020,1.16,1.22996748,Sacramento
8412,6/14/2020,1.18,1.234591236,SanDiego
8478,6/14/2020,1.39,1.205976944,SanFrancisco
8508,6/14/2020,1.35,1.232078152,Seattle
8429,6/14/2020,1.14,1.214450054,SouthCarolina
8526,6/14/2020,0.82,1.245697336,SouthCentral
8559,6/14/2020,1.22,1.188751049,Spokane
8551,6/14/2020,1,1.256365671,StLouis
8532,6/14/2020,1.05,1.22378233,Syracuse
8502,6/14/2020,1.12,1.281124945,Tampa
8454,6/14/2020,0.77,1.240309772,WestTex/NewMexico
8579,6/21/2020,1.28,1.201944742,Albany
8460,6/21/2020,0.91,1.22757472,Atlanta
8552,6/21/2020,1.33,1.213193722,Baltimore/Washington
8453,6/21/2020,1.21,1.171521482,Boise
8430,6/21/2020,1.42,1.238707886,Boston
8446,6/21/2020,1.09,1.229015579,Buffalo/Rochester
8566,6/21/2020,1.24,1.249565048,Charlotte
8521,6/21/2020,1.49,1.261862965,Chicago
8455,6/21/2020,1.07,1.249255266,Cincinnati/Dayton
8510,6/21/2020,0.99,1.241774969,Columbus
8574,6/21/2020,0.79,1.226273384,Dallas/FtWorth
8436,6/21/2020,0.99,1.233395119,Denver
8400,6/21/2020,1.1,1.205838575,Detroit
8554,6/21/2020,1.35,1.222034731,GrandRapids
8492,6/21/2020,1.15,1.23475646,GreatLakes
8417,6/21/2020,1.12,1.180104847,Harrisburg/Scranton
8567,6/21/2020,1.48,1.25171999,Hartford/Springfield
8428,6/21/2020,0.84,1.237562437,Houston
8505,6/21/2020,1.02,1.246561537,Indianapolis
8401,6/21/2020,1.22,1.220315247,Jacksonville
8571,6/21/2020,0.97,1.258355913,LasVegas
8437,6/21/2020,1.15,1.246651964,LosAngeles
8443,6/21/2020,0.92,1.240270748,Louisville
8489,6/21/2020,1.17,1.207810669,Miami/FtLauderdale
8450,6/21/2020,0.86,1.209990053,Nashville
8484,6/21/2020,0.93,1.225701237,NewOrleans/Mobile
8415,6/21/2020,1.48,1.22097436,NewYork
8488,6/21/2020,1.27,1.202353764,NorthernNewEngland
8562,6/21/2020,1.11,1.227539577,Orlando
8565,6/21/2020,1.22,1.217499723,Philadelphia
8587,6/21/2020,0.76,1.23715992,Phoenix/Tucson
8497,6/21/2020,1.24,1.250722456,Pittsburgh
8456,6/21/2020,0.89,1.238145599,Plains
8583,6/21/2020,0.94,1.253932209,Portland
8419,6/21/2020,1.17,1.218388367,Raleigh/Greensboro
8494,6/21/2020,0.99,1.249193687,Richmond/Norfolk
8457,6/21/2020,0.91,1.235128293,Roanoke
8544,6/21/2020,1.34,1.216240034,Sacramento
8501,6/21/2020,1.17,1.224043961,SanDiego
8431,6/21/2020,1.5,1.203746524,SanFrancisco
8528,6/21/2020,1.4,1.216352963,Seattle
8518,6/21/2020,1.14,1.23194293,SouthCarolina
8539,6/21/2020,0.85,1.220917029,SouthCentral
8547,6/21/2020,1.29,1.240286064,Spokane
8514,6/21/2020,0.94,1.241136942,StLouis
8426,6/21/2020,1.17,1.176800785,Syracuse
8406,6/21/2020,1.12,1.228253136,Tampa
8485,6/21/2020,0.87,1.1916292,WestTex/NewMexico
8535,6/28/2020,1.09,1.248447714,Albany
8560,6/28/2020,0.95,1.257731419,Atlanta
8420,6/28/2020,1.35,1.209370384,Baltimore/Washington
8585,6/28/2020,1.17,1.179927087,Boise
8449,6/28/2020,1.42,1.256081905,Boston
8445,6/28/2020,1.08,1.206491656,Buffalo/Rochester
8550,6/28/2020,1.2,1.261432228,Charlotte
8440,6/28/2020,0.84,1.231759558,Chicago
8475,6/28/2020,0.84,1.256540337,Cincinnati/Dayton
8572,6/28/2020,0.81,1.23108408,Columbus
8563,6/28/2020,0.74,1.225656705,Dallas/FtWorth
8474,6/28/2020,1.08,1.23269866,Denver
8414,6/28/2020,0.87,1.201607161,Detroit
8564,6/28/2020,1.29,1.201811514,GrandRapids
8506,6/28/2020,0.9,1.222261534,GreatLakes
8493,6/28/2020,1.1,1.29011775,Harrisburg/Scranton
8405,6/28/2020,1.47,1.212966919,Hartford/Springfield
8543,6/28/2020,0.8,1.288047571,Houston
8500,6/28/2020,0.85,1.292689896,Indianapolis
8520,6/28/2020,1.1,1.245870638,Jacksonville
8507,6/28/2020,0.88,1.308150358,LasVegas
8499,6/28/2020,1.17,1.254633703,LosAngeles
8577,6/28/2020,1,1.242657948,Louisville
8581,6/28/2020,1.05,1.275895052,Miami/FtLauderdale
8433,6/28/2020,0.91,1.195557337,Nashville
8432,6/28/2020,0.9,1.246846247,NewOrleans/Mobile
8586,6/28/2020,1.47,1.246538248,NewYork
8447,6/28/2020,1.25,1.221383905,NorthernNewEngland
8561,6/28/2020,1,1.235333118,Orlando
8556,6/28/2020,1.22,1.254946213,Philadelphia
8548,6/28/2020,0.85,1.252339029,Phoenix/Tucson
8413,6/28/2020,0.96,1.283324471,Pittsburgh
8557,6/28/2020,1,1.253800344,Plains
8584,6/28/2020,1.16,1.170463943,Portland
8515,6/28/2020,1.15,1.207049589,Raleigh/Greensboro
8441,6/28/2020,1.03,1.253403702,Richmond/Norfolk
8486,6/28/2020,0.9,1.246409531,Roanoke
8553,6/28/2020,1.18,1.217970533,Sacramento
8591,6/28/2020,1.19,1.231181746,SanDiego
8473,6/28/2020,1.05,1.202573853,SanFrancisco
8425,6/28/2020,1.37,1.202629557,Seattle
8522,6/28/2020,1.1,1.254517889,SouthCarolina
8470,6/28/2020,0.82,1.20408164,SouthCentral
8570,6/28/2020,1.3,1.197563105,Spokane
8468,6/28/2020,0.96,1.205027876,StLouis
8590,6/28/2020,1.08,1.24832655,Syracuse
8509,6/28/2020,1,1.179428163,Tampa
8541,6/28/2020,0.86,1.230348806,WestTex/NewMexico
8762,7/5/2020,1.41,1.222334862,Albany
8741,7/5/2020,0.94,1.300710344,Atlanta
8671,7/5/2020,1.29,1.269197025,Baltimore/Washington
8713,7/5/2020,1.2,1.310963049,Boise
8746,7/5/2020,1.45,1.300091515,Boston
8658,7/5/2020,1.05,1.280673647,Buffalo/Rochester
8661,7/5/2020,1.22,1.285564175,Charlotte
8606,7/5/2020,1.26,1.22452033,Chicago
8753,7/5/2020,0.9,1.280043173,Cincinnati/Dayton
8755,7/5/2020,0.86,1.336904173,Columbus
8670,7/5/2020,0.75,1.29325491,Dallas/FtWorth
8628,7/5/2020,1.07,1.285281668,Denver
8649,7/5/2020,0.93,1.233531599,Detroit
8751,7/5/2020,1.4,1.270991096,GrandRapids
8686,7/5/2020,1.04,1.276295471,GreatLakes
8705,7/5/2020,1.09,1.295450869,Harrisburg/Scranton
8596,7/5/2020,1.41,1.304247189,Hartford/Springfield
8678,7/5/2020,0.77,1.347131281,Houston
8642,7/5/2020,0.91,1.307428198,Indianapolis
8754,7/5/2020,1.08,1.296076937,Jacksonville
8745,7/5/2020,1.01,1.250167303,LasVegas
8612,7/5/2020,1.08,1.273776617,LosAngeles
8621,7/5/2020,1,1.267836733,Louisville
8715,7/5/2020,1.03,1.299183254,Miami/FtLauderdale
8765,7/5/2020,0.89,1.293267393,Nashville
8747,7/5/2020,0.9,1.26456624,NewOrleans/Mobile
8668,7/5/2020,1.2,1.283281775,NewYork
8748,7/5/2020,1.3,1.250202971,NorthernNewEngland
8657,7/5/2020,0.98,1.292212267,Orlando
8629,7/5/2020,1.05,1.303153353,Philadelphia
8759,7/5/2020,0.93,1.294289999,Phoenix/Tucson
8651,7/5/2020,1.19,1.279810705,Pittsburgh
8731,7/5/2020,1,1.269648323,Plains
8655,7/5/2020,1.14,1.310559273,Portland
8627,7/5/2020,1.15,1.283970261,Raleigh/Greensboro
8685,7/5/2020,1.03,1.340442696,Richmond/Norfolk
8602,7/5/2020,0.95,1.252875719,Roanoke
8707,7/5/2020,1.54,1.305237379,Sacramento
8677,7/5/2020,1.15,1.289507103,SanDiego
8691,7/5/2020,1.66,1.316821842,SanFrancisco
8648,7/5/2020,1.36,1.298335209,Seattle
8676,7/5/2020,1.08,1.282075062,SouthCarolina
8679,7/5/2020,0.81,1.271624193,SouthCentral
8768,7/5/2020,1.23,1.279405985,Spokane
8737,7/5/2020,0.99,1.328832531,StLouis
8756,7/5/2020,1.21,1.304835491,Syracuse
8764,7/5/2020,0.98,1.271642551,Tampa
8779,7/5/2020,0.87,1.259168081,WestTex/NewMexico
8632,7/12/2020,1.48,1.300108929,Albany
8634,7/12/2020,0.87,1.331859856,Atlanta
8719,7/12/2020,1.28,1.286032991,Baltimore/Washington
8714,7/12/2020,1.03,1.305700846,Boise
8598,7/12/2020,1.42,1.301680813,Boston
8650,7/12/2020,0.99,1.280617523,Buffalo/Rochester
8708,7/12/2020,1.19,1.288245735,Charlotte
8740,7/12/2020,1.2,1.312455416,Chicago
8637,7/12/2020,1.04,1.29873888,Cincinnati/Dayton
8712,7/12/2020,0.94,1.310106087,Columbus
8735,7/12/2020,0.73,1.280211229,Dallas/FtWorth
8706,7/12/2020,0.96,1.310033913,Denver
8682,7/12/2020,1.07,1.296777382,Detroit
8608,7/12/2020,1.4,1.281729088,GrandRapids
8633,7/12/2020,1.07,1.274409609,GreatLakes
8654,7/12/2020,1.05,1.251418705,Harrisburg/Scranton
8660,7/12/2020,1.4,1.29691082,Hartford/Springfield
8617,7/12/2020,0.81,1.278625498,Houston
8688,7/12/2020,0.95,1.29207715,Indianapolis
8720,7/12/2020,1.2,1.276397333,Jacksonville
8636,7/12/2020,1,1.314324913,LasVegas
8770,7/12/2020,1.08,1.26057086,LosAngeles
8700,7/12/2020,0.87,1.270858707,Louisville
8780,7/12/2020,1.17,1.320474291,Miami/FtLauderdale
8613,7/12/2020,0.85,1.399932699,Nashville
8773,7/12/2020,0.88,1.277647266,NewOrleans/Mobile
8704,7/12/2020,1.19,1.343939152,NewYork
8782,7/12/2020,1.28,1.286135588,NorthernNewEngland
8639,7/12/2020,1.06,1.276391144,Orlando
8739,7/12/2020,1.04,1.249950047,Philadelphia
8711,7/12/2020,0.81,1.261695328,Phoenix/Tucson
8733,7/12/2020,0.91,1.304708557,Pittsburgh
8694,7/12/2020,1.03,1.25853981,Plains
8695,7/12/2020,1.18,1.313938026,Portland
8646,7/12/2020,1.1,1.293633614,Raleigh/Greensboro
8742,7/12/2020,0.97,1.288244896,Richmond/Norfolk
8681,7/12/2020,0.88,1.2924611,Roanoke
8716,7/12/2020,1.13,1.270812654,Sacramento
8672,7/12/2020,1.01,1.271243496,SanDiego
8692,7/12/2020,1.58,1.28646121,SanFrancisco
8615,7/12/2020,1.31,1.269138803,Seattle
8604,7/12/2020,1.08,1.34518919,SouthCarolina
8641,7/12/2020,0.8,1.2585952,SouthCentral
8783,7/12/2020,1.15,1.269330254,Spokane
8652,7/12/2020,0.9,1.260078754,StLouis
8709,7/12/2020,1.2,1.31738822,Syracuse
8728,7/12/2020,1.03,1.268936338,Tampa
8722,7/12/2020,0.85,1.261980667,WestTex/NewMexico
8778,7/19/2020,1.17,1.244328651,Albany
8767,7/19/2020,0.87,1.300213833,Atlanta
8663,7/19/2020,1.25,1.222823296,Baltimore/Washington
8647,7/19/2020,1.18,1.279470186,Boise
8725,7/19/2020,1.4,1.281959982,Boston
8594,7/19/2020,1.04,1.28995389,Buffalo/Rochester
8624,7/19/2020,1.07,1.292032986,Charlotte
8771,7/19/2020,1.21,1.342251139,Chicago
8758,7/19/2020,1.01,1.271213598,Cincinnati/Dayton
8597,7/19/2020,0.89,1.284875059,Columbus
8710,7/19/2020,0.73,1.296221914,Dallas/FtWorth
8610,7/19/2020,1.01,1.282031841,Denver
8667,7/19/2020,0.93,1.316863384,Detroit
8763,7/19/2020,0.95,1.272571163,GrandRapids
8703,7/19/2020,0.99,1.261391001,GreatLakes
8599,7/19/2020,1.01,1.266102142,Harrisburg/Scranton
8752,7/19/2020,1.34,1.280299664,Hartford/Springfield
8730,7/19/2020,0.84,1.243488264,Houston
8620,7/19/2020,0.91,1.215723696,Indianapolis
8736,7/19/2020,1.18,1.269253778,Jacksonville
8593,7/19/2020,0.93,1.26679944,LasVegas
8665,7/19/2020,1.2,1.294188557,LosAngeles
8673,7/19/2020,0.88,1.336382589,Louisville
8750,7/19/2020,1.14,1.266048117,Miami/FtLauderdale
8684,7/19/2020,0.85,1.270802689,Nashville
8618,7/19/2020,0.85,1.27383893,NewOrleans/Mobile
8781,7/19/2020,1.13,1.272023563,NewYork
8701,7/19/2020,1.22,1.287861261,NorthernNewEngland
8734,7/19/2020,1.05,1.258001547,Orlando
8689,7/19/2020,1.01,1.279391298,Philadelphia
8743,7/19/2020,0.79,1.276904545,Phoenix/Tucson
8738,7/19/2020,0.9,1.268543472,Pittsburgh
8635,7/19/2020,1.03,1.288163595,Plains
8662,7/19/2020,1.02,1.317720766,Portland
8600,7/19/2020,1.02,1.301031771,Raleigh/Greensboro
8592,7/19/2020,0.95,1.279337797,Richmond/Norfolk
8664,7/19/2020,0.89,1.267294903,Roanoke
8611,7/19/2020,1.2,1.298420601,Sacramento
8666,7/19/2020,1.19,1.295246096,SanDiego
8772,7/19/2020,1.13,1.274458809,SanFrancisco
8605,7/19/2020,1.31,1.293271799,Seattle
8607,7/19/2020,0.96,1.334595442,SouthCarolina
8726,7/19/2020,0.78,1.258826199,SouthCentral
8723,7/19/2020,1.2,1.321018114,Spokane
8643,7/19/2020,0.94,1.275391617,StLouis
8674,7/19/2020,1.09,1.282005091,Syracuse
8680,7/19/2020,1.01,1.301691933,Tampa
8644,7/19/2020,0.75,1.261652317,WestTex/NewMexico
8702,7/26/2020,1.45,1.258812876,Albany
8683,7/26/2020,0.86,1.284689169,Atlanta
8749,7/26/2020,1.2,1.266827345,Baltimore/Washington
8776,7/26/2020,1.02,1.262270937,Boise
8601,7/26/2020,1.4,1.273004417,Boston
8614,7/26/2020,1.06,1.348524513,Buffalo/Rochester
8766,7/26/2020,1.05,1.347676153,Charlotte
8656,7/26/2020,1.29,1.228854237,Chicago
8675,7/26/2020,0.85,1.286584263,Cincinnati/Dayton
8669,7/26/2020,0.79,1.294555511,Columbus
8630,7/26/2020,0.75,1.315720768,Dallas/FtWorth
8645,7/26/2020,1.08,1.322002115,Denver
8727,7/26/2020,0.8,1.307435226,Detroit
8693,7/26/2020,0.91,1.27601737,GrandRapids
8603,7/26/2020,0.92,1.298961592,GreatLakes
8623,7/26/2020,1.04,1.260486937,Harrisburg/Scranton
8717,7/26/2020,1.4,1.274559727,Hartford/Springfield
8640,7/26/2020,0.8,1.283899136,Houston
8775,7/26/2020,0.83,1.277906904,Indianapolis
8698,7/26/2020,1.01,1.264254885,Jacksonville
8724,7/26/2020,0.94,1.300497704,LasVegas
8616,7/26/2020,1.13,1.235819769,LosAngeles
8638,7/26/2020,0.86,1.30010232,Louisville
8769,7/26/2020,0.99,1.306226311,Miami/FtLauderdale
8696,7/26/2020,0.81,1.231162443,Nashville
8729,7/26/2020,0.85,1.295352783,NewOrleans/Mobile
8774,7/26/2020,1.13,1.25646533,NewYork
8653,7/26/2020,1.21,1.269085617,NorthernNewEngland
8699,7/26/2020,0.91,1.320337391,Orlando
8631,7/26/2020,1.01,1.257273722,Philadelphia
8760,7/26/2020,0.72,1.310380726,Phoenix/Tucson
8777,7/26/2020,0.9,1.285378284,Pittsburgh
8732,7/26/2020,0.85,1.315171909,Plains
8619,7/26/2020,1.03,1.24649765,Portland
8697,7/26/2020,1.02,1.334480467,Raleigh/Greensboro
8622,7/26/2020,0.93,1.291333065,Richmond/Norfolk
8718,7/26/2020,0.85,1.274531507,Roanoke
8625,7/26/2020,1.4,1.307997093,Sacramento
8595,7/26/2020,1.09,1.277373466,SanDiego
8721,7/26/2020,1.38,1.334893789,SanFrancisco
8761,7/26/2020,1.31,1.294147434,Seattle
8757,7/26/2020,0.94,1.295835867,SouthCarolina
8659,7/26/2020,0.8,1.279597855,SouthCentral
8687,7/26/2020,1.21,1.364190588,Spokane
8744,7/26/2020,0.89,1.303869114,StLouis
8626,7/26/2020,1.24,1.271090021,Syracuse
8609,7/26/2020,0.88,1.281192398,Tampa
8690,7/26/2020,0.84,1.306635437,WestTex/NewMexico
8795,8/2/2020,1.04,1.270029335,Albany
8942,8/2/2020,0.85,1.27627533,Atlanta
8811,8/2/2020,1.13,1.320177937,Baltimore/Washington
8793,8/2/2020,1.13,1.312632284,Boise
8803,8/2/2020,1.36,1.279769058,Boston
8928,8/2/2020,1.04,1.308052168,Buffalo/Rochester
8964,8/2/2020,0.89,1.336463051,Charlotte
8945,8/2/2020,1.07,1.345061836,Chicago
8914,8/2/2020,0.86,1.296229048,Cincinnati/Dayton
8901,8/2/2020,0.84,1.357829933,Columbus
8844,8/2/2020,0.72,1.335253086,Dallas/FtWorth
8935,8/2/2020,1.03,1.232947702,Denver
9018,8/2/2020,0.91,1.354495239,Detroit
8954,8/2/2020,1.16,1.307652168,GrandRapids
8890,8/2/2020,0.96,1.284766903,GreatLakes
8869,8/2/2020,1.02,1.284205456,Harrisburg/Scranton
8836,8/2/2020,1.26,1.26673996,Hartford/Springfield
8848,8/2/2020,0.81,1.292835503,Houston
8826,8/2/2020,0.85,1.294756823,Indianapolis
8944,8/2/2020,0.98,1.30062789,Jacksonville
8863,8/2/2020,0.94,1.33687994,LasVegas
8998,8/2/2020,1.2,1.296440535,LosAngeles
9004,8/2/2020,0.88,1.235990133,Louisville
8868,8/2/2020,0.99,1.305124083,Miami/FtLauderdale
9017,8/2/2020,0.8,1.29388402,Nashville
9021,8/2/2020,0.85,1.320980978,NewOrleans/Mobile
8883,8/2/2020,1.19,1.30977354,NewYork
8798,8/2/2020,1.1,1.292025328,NorthernNewEngland
9010,8/2/2020,0.91,1.335224447,Orlando
8981,8/2/2020,1.04,1.278786526,Philadelphia
8859,8/2/2020,0.79,1.30341341,Phoenix/Tucson
8820,8/2/2020,1.14,1.280615215,Pittsburgh
8862,8/2/2020,0.99,1.303053169,Plains
8814,8/2/2020,1,1.271689339,Portland
8951,8/2/2020,0.89,1.265067682,Raleigh/Greensboro
8873,8/2/2020,0.91,1.269813232,Richmond/Norfolk
8917,8/2/2020,0.88,1.283327198,Roanoke
8916,8/2/2020,1.35,1.257885313,Sacramento
8853,8/2/2020,1.22,1.336548548,SanDiego
8993,8/2/2020,1.53,1.292447462,SanFrancisco
8991,8/2/2020,1.36,1.301105938,Seattle
8789,8/2/2020,0.89,1.268231487,SouthCarolina
8949,8/2/2020,0.79,1.30349576,SouthCentral
9015,8/2/2020,1.18,1.329278688,Spokane
8950,8/2/2020,0.89,1.308772964,StLouis
8911,8/2/2020,1.05,1.317236004,Syracuse
8974,8/2/2020,0.89,1.27994257,Tampa
8839,8/2/2020,0.82,1.302715273,WestTex/NewMexico
8939,8/9/2020,1.04,1.269557686,Albany
8965,8/9/2020,0.86,1.31728447,Atlanta
8829,8/9/2020,1.11,1.297956924,Baltimore/Washington
8909,8/9/2020,1.14,1.291366215,Boise
8872,8/9/2020,1.34,1.307137089,Boston
8932,8/9/2020,0.96,1.248092194,Buffalo/Rochester
8874,8/9/2020,1.12,1.277625027,Charlotte
8927,8/9/2020,1.27,1.357598829,Chicago
8858,8/9/2020,0.92,1.302913752,Cincinnati/Dayton
8946,8/9/2020,0.88,1.324247484,Columbus
8975,8/9/2020,0.77,1.297065763,Dallas/FtWorth
8861,8/9/2020,1.05,1.319404898,Denver
8870,8/9/2020,1.01,1.310185394,Detroit
8827,8/9/2020,1.31,1.278336277,GrandRapids
9014,8/9/2020,1.03,1.314775791,GreatLakes
8791,8/9/2020,1.01,1.306121302,Harrisburg/Scranton
8821,8/9/2020,1.33,1.2669205,Hartford/Springfield
8941,8/9/2020,0.84,1.278209133,Houston
8930,8/9/2020,0.86,1.318361101,Indianapolis
8852,8/9/2020,0.98,1.312869997,Jacksonville
8854,8/9/2020,0.94,1.324858027,LasVegas
8807,8/9/2020,1.15,1.312656097,LosAngeles
8966,8/9/2020,0.94,1.285025597,Louisville
8878,8/9/2020,1.03,1.292092571,Miami/FtLauderdale
8978,8/9/2020,0.81,1.306116581,Nashville
8987,8/9/2020,0.8,1.368499527,NewOrleans/Mobile
8913,8/9/2020,1.13,1.298609114,NewYork
8903,8/9/2020,0.98,1.310330057,NorthernNewEngland
8920,8/9/2020,0.94,1.288305111,Orlando
8893,8/9/2020,1.02,1.295807648,Philadelphia
8956,8/9/2020,0.81,1.320576992,Phoenix/Tucson
8915,8/9/2020,0.91,1.302085114,Pittsburgh
8841,8/9/2020,1.01,1.305451488,Plains
8934,8/9/2020,1.1,1.270606728,Portland
9023,8/9/2020,1.09,1.281029167,Raleigh/Greensboro
8812,8/9/2020,0.97,1.278071499,Richmond/Norfolk
8972,8/9/2020,0.89,1.270625086,Roanoke
9012,8/9/2020,1.35,1.295099545,Sacramento
8888,8/9/2020,1.05,1.344144239,SanDiego
8957,8/9/2020,1.5,1.306611624,SanFrancisco
8982,8/9/2020,1.36,1.319558687,Seattle
8879,8/9/2020,0.94,1.279968796,SouthCarolina
8996,8/9/2020,0.8,1.267213392,SouthCentral
9001,8/9/2020,1.15,1.28533349,Spokane
8895,8/9/2020,0.97,1.259907551,StLouis
8958,8/9/2020,0.98,1.268564243,Syracuse
8828,8/9/2020,0.93,1.281033468,Tampa
8885,8/9/2020,0.77,1.302916374,WestTex/NewMexico
8985,8/16/2020,0.92,1.260920086,Albany
8784,8/16/2020,0.82,1.30963685,Atlanta
8834,8/16/2020,1.22,1.304416084,Baltimore/Washington
8823,8/16/2020,1.14,1.253891506,Boise
8906,8/16/2020,1.32,1.313962154,Boston
8908,8/16/2020,1.03,1.259679804,Buffalo/Rochester
8824,8/16/2020,1.18,1.304606066,Charlotte
8994,8/16/2020,1.25,1.271765604,Chicago
8977,8/16/2020,0.74,1.25719861,Cincinnati/Dayton
8905,8/16/2020,0.71,1.258304405,Columbus
8830,8/16/2020,0.75,1.279186106,Dallas/FtWorth
8882,8/16/2020,1.06,1.284266615,Denver
8988,8/16/2020,0.76,1.253388281,Detroit
8881,8/16/2020,1.07,1.32493083,GrandRapids
9020,8/16/2020,0.9,1.292561283,GreatLakes
8910,8/16/2020,0.94,1.298566628,Harrisburg/Scranton
8999,8/16/2020,1.33,1.300442419,Hartford/Springfield
8889,8/16/2020,0.8,1.323012028,Houston
8897,8/16/2020,0.73,1.324387846,Indianapolis
8887,8/16/2020,0.97,1.278532763,Jacksonville
8867,8/16/2020,0.91,1.271136179,LasVegas
8907,8/16/2020,1.16,1.269978876,LosAngeles
8856,8/16/2020,0.95,1.284584475,Louisville
8855,8/16/2020,1,1.297390862,Miami/FtLauderdale
8926,8/16/2020,0.8,1.275385323,Nashville
8984,8/16/2020,0.85,1.332377348,NewOrleans/Mobile
8943,8/16/2020,1.13,1.28757267,NewYork
9005,8/16/2020,1.04,1.295818558,NorthernNewEngland
8959,8/16/2020,0.93,1.294323149,Orlando
8880,8/16/2020,1.02,1.282681198,Philadelphia
8815,8/16/2020,0.81,1.234969101,Phoenix/Tucson
8788,8/16/2020,1.12,1.343564749,Pittsburgh
8843,8/16/2020,0.96,1.300965996,Plains
8947,8/16/2020,1.06,1.308845978,Portland
8825,8/16/2020,1.09,1.326688499,Raleigh/Greensboro
8970,8/16/2020,0.98,1.28937314,Richmond/Norfolk
8806,8/16/2020,0.92,1.249170713,Roanoke
8886,8/16/2020,1.01,1.319604635,Sacramento
8979,8/16/2020,1.15,1.350374393,SanDiego
8995,8/16/2020,1.15,1.301134052,SanFrancisco
8931,8/16/2020,1.41,1.279295521,Seattle
9011,8/16/2020,0.98,1.285883188,SouthCarolina
8902,8/16/2020,0.79,1.311721506,SouthCentral
9008,8/16/2020,1.18,1.301474361,Spokane
8971,8/16/2020,0.91,1.283654709,StLouis
8857,8/16/2020,0.98,1.303726549,Syracuse
8899,8/16/2020,0.91,1.270262222,Tampa
8850,8/16/2020,0.8,1.294083023,WestTex/NewMexico
9000,8/23/2020,1.08,1.291452656,Albany
8948,8/23/2020,0.81,1.239007964,Atlanta
9007,8/23/2020,1.21,1.337571154,Baltimore/Washington
8936,8/23/2020,1.15,1.307359591,Boise
8819,8/23/2020,1.26,1.247651491,Boston
8875,8/23/2020,0.94,1.321467314,Buffalo/Rochester
9006,8/23/2020,1.15,1.26921895,Charlotte
8953,8/23/2020,1.01,1.343013897,Chicago
8865,8/23/2020,0.76,1.225804358,Cincinnati/Dayton
8896,8/23/2020,0.74,1.265282211,Columbus
8837,8/23/2020,0.71,1.288082399,Dallas/FtWorth
8860,8/23/2020,1.09,1.313137398,Denver
8846,8/23/2020,0.78,1.276482306,Detroit
8990,8/23/2020,1.1,1.299761381,GrandRapids
8924,8/23/2020,0.87,1.290535688,GreatLakes
8918,8/23/2020,1.01,1.312159271,Harrisburg/Scranton
8876,8/23/2020,1.37,1.301795473,Hartford/Springfield
8969,8/23/2020,0.73,1.281277266,Houston
8877,8/23/2020,0.74,1.302834024,Indianapolis
8900,8/23/2020,0.99,1.301826105,Jacksonville
8955,8/23/2020,1,1.284123001,LasVegas
8835,8/23/2020,0.99,1.294695768,LosAngeles
8871,8/23/2020,0.73,1.284236193,Louisville
8849,8/23/2020,0.98,1.278630743,Miami/FtLauderdale
8986,8/23/2020,0.83,1.272739325,Nashville
8967,8/23/2020,0.82,1.291726875,NewOrleans/Mobile
8801,8/23/2020,1.1,1.336416473,NewYork
9022,8/23/2020,1.05,1.258424101,NorthernNewEngland
8842,8/23/2020,0.9,1.329133606,Orlando
8800,8/23/2020,0.97,1.345832882,Philadelphia
8983,8/23/2020,0.9,1.242904367,Phoenix/Tucson
8940,8/23/2020,1.14,1.263746309,Pittsburgh
8799,8/23/2020,0.84,1.265550766,Plains
8805,8/23/2020,1.12,1.27887517,Portland
8833,8/23/2020,1.01,1.258679857,Raleigh/Greensboro
8937,8/23/2020,0.89,1.313318253,Richmond/Norfolk
8810,8/23/2020,0.82,1.300200615,Roanoke
8809,8/23/2020,1.35,1.267718716,Sacramento
8963,8/23/2020,0.94,1.259677286,SanDiego
8997,8/23/2020,1.4,1.313315945,SanFrancisco
8894,8/23/2020,1.3,1.318364458,Seattle
8790,8/23/2020,0.98,1.285230055,SouthCarolina
8929,8/23/2020,0.74,1.28744647,SouthCentral
8831,8/23/2020,1.17,1.283952742,Spokane
8786,8/23/2020,0.9,1.288988771,StLouis
9013,8/23/2020,0.99,1.278191195,Syracuse
8851,8/23/2020,0.87,1.328011551,Tampa
8952,8/23/2020,0.78,1.292516174,WestTex/NewMexico
8962,8/30/2020,0.99,1.320270147,Albany
8980,8/30/2020,0.8,1.329557524,Atlanta
8921,8/30/2020,1.21,1.286459637,Baltimore/Washington
9019,8/30/2020,1.14,1.283788357,Boise
8832,8/30/2020,1.18,1.324852152,Boston
8804,8/30/2020,1.02,1.264485149,Buffalo/Rochester
8922,8/30/2020,1.04,1.275421095,Charlotte
8973,8/30/2020,1.29,1.301370506,Chicago
8892,8/30/2020,0.92,1.268680162,Cincinnati/Dayton
8840,8/30/2020,0.91,1.339927406,Columbus
8938,8/30/2020,0.71,1.293675365,Dallas/FtWorth
8912,8/30/2020,1.09,1.30182621,Denver
8925,8/30/2020,0.75,1.330425396,Detroit
8813,8/30/2020,1.01,1.278226967,GrandRapids
8992,8/30/2020,0.93,1.24693017,GreatLakes
8884,8/30/2020,1.01,1.301029882,Harrisburg/Scranton
8968,8/30/2020,1.34,1.272534761,Hartford/Springfield
8891,8/30/2020,0.73,1.357682753,Houston
8933,8/30/2020,0.71,1.282045059,Indianapolis
9009,8/30/2020,1.02,1.312791739,Jacksonville
8847,8/30/2020,0.93,1.297168465,LasVegas
8817,8/30/2020,1.11,1.279369373,LosAngeles
8919,8/30/2020,0.76,1.329421988,Louisville
8866,8/30/2020,0.95,1.319221315,Miami/FtLauderdale
8787,8/30/2020,0.83,1.28302927,Nashville
8818,8/30/2020,0.84,1.241041164,NewOrleans/Mobile
8785,8/30/2020,1.11,1.293484964,NewYork
8822,8/30/2020,0.88,1.284440126,NorthernNewEngland
8816,8/30/2020,0.89,1.316554127,Orlando
9002,8/30/2020,1.01,1.308053951,Philadelphia
8838,8/30/2020,0.74,1.290571146,Phoenix/Tucson
8904,8/30/2020,1.15,1.263344526,Pittsburgh
8961,8/30/2020,0.96,1.316533146,Plains
8864,8/30/2020,1.04,1.300746746,Portland
8802,8/30/2020,0.93,1.319218483,Raleigh/Greensboro
8898,8/30/2020,0.81,1.280345926,Richmond/Norfolk
8796,8/30/2020,0.78,1.272313833,Roanoke
8794,8/30/2020,1.04,1.302525606,Sacramento
8960,8/30/2020,1.1,1.292170095,SanDiego
8808,8/30/2020,1.21,1.267733402,SanFrancisco
9003,8/30/2020,1.21,1.310851851,Seattle
8845,8/30/2020,0.95,1.278821459,SouthCarolina
9016,8/30/2020,0.73,1.304567986,SouthCentral
8989,8/30/2020,1.09,1.287918329,Spokane
8976,8/30/2020,0.92,1.276054506,StLouis
8797,8/30/2020,1.03,1.30004179,Syracuse
8923,8/30/2020,0.86,1.315022631,Tampa
8792,8/30/2020,0.74,1.311326647,WestTex/NewMexico
9067,9/6/2020,1.3,1.278708162,Albany
9035,9/6/2020,0.81,1.295112238,Atlanta
9069,9/6/2020,1,1.277976351,Baltimore/Washington
9043,9/6/2020,1.09,1.260898371,Boise
9047,9/6/2020,1.3,1.309977579,Boston
9032,9/6/2020,1,1.283862944,Buffalo/Rochester
9064,9/6/2020,1.13,1.269959154,Charlotte
9044,9/6/2020,1.33,1.271489916,Chicago
9055,9/6/2020,0.97,1.248728018,Cincinnati/Dayton
9031,9/6/2020,0.89,1.291793175,Columbus
9039,9/6/2020,0.72,1.257866011,Dallas/FtWorth
9058,9/6/2020,0.99,1.24308239,Denver
9037,9/6/2020,0.86,1.284060478,Detroit
9041,9/6/2020,1.37,1.222414484,GrandRapids
9024,9/6/2020,1.01,1.284130344,GreatLakes
9034,9/6/2020,1.02,1.293599834,Harrisburg/Scranton
9053,9/6/2020,1.19,1.298255587,Hartford/Springfield
9048,9/6/2020,0.77,1.257673197,Houston
9071,9/6/2020,0.76,1.233701439,Indianapolis
9046,9/6/2020,0.91,1.283546343,Jacksonville
9027,9/6/2020,0.93,1.2675772,LasVegas
9040,9/6/2020,1,1.254542646,LosAngeles
9042,9/6/2020,0.96,1.265095587,Louisville
9059,9/6/2020,0.89,1.285729713,Miami/FtLauderdale
9061,9/6/2020,0.86,1.222934074,Nashville
9060,9/6/2020,0.78,1.24753274,NewOrleans/Mobile
9068,9/6/2020,1.09,1.237251344,NewYork
9070,9/6/2020,1.14,1.231032991,NorthernNewEngland
9026,9/6/2020,0.86,1.237484493,Orlando
9030,9/6/2020,1,1.317598133,Philadelphia
9049,9/6/2020,0.75,1.247463293,Phoenix/Tucson
9056,9/6/2020,0.93,1.298918791,Pittsburgh
9033,9/6/2020,0.97,1.244898176,Plains
9051,9/6/2020,1.03,1.24523025,Portland
9054,9/6/2020,1.03,1.254598351,Raleigh/Greensboro
9038,9/6/2020,0.96,1.254492817,Richmond/Norfolk
9063,9/6/2020,0.89,1.201470942,Roanoke
9050,9/6/2020,1.35,1.264781713,Sacramento
9029,9/6/2020,1.05,1.258037214,SanDiego
9028,9/6/2020,1.45,1.270466261,SanFrancisco
9062,9/6/2020,1.3,1.342341566,Seattle
9057,9/6/2020,0.97,1.231341043,SouthCarolina
9045,9/6/2020,0.75,1.28532279,SouthCentral
9052,9/6/2020,1.14,1.193730326,Spokane
9025,9/6/2020,0.96,1.298134212,StLouis
9065,9/6/2020,1.17,1.308949518,Syracuse
9066,9/6/2020,0.83,1.273619785,Tampa
9036,9/6/2020,0.75,1.25496583,WestTex/NewMexico
