,date,avg_price,org_pred,geography
7356,1/6/2020,1.47,1.590495741,Albany
7374,1/6/2020,1.33,1.34292241,Atlanta
7527,1/6/2020,1.36,1.571177298,Baltimore/Washington
7446,1/6/2020,1.95,1.544493873,Boise
7517,1/6/2020,1.7,1.309850652,Boston
7430,1/6/2020,1.13,1.532489399,Buffalo/Rochester
7371,1/6/2020,1.5,1.487520156,Charlotte
7474,1/6/2020,1.11,1.492448558,Chicago
7410,1/6/2020,1.2,1.521730307,Cincinnati/Dayton
7462,1/6/2020,1.19,1.401490301,Columbus
7365,1/6/2020,1.25,1.576464174,Dallas/FtWorth
7445,1/6/2020,1.5,1.421442135,Denver
7478,1/6/2020,1.31,1.349216771,Detroit
7399,1/6/2020,1.26,1.59564699,GrandRapids
7434,1/6/2020,1.17,1.482613313,GreatLakes
7435,1/6/2020,1.21,1.605778305,Harrisburg/Scranton
7487,1/6/2020,2,1.653933538,Hartford/Springfield
7459,1/6/2020,1.59,1.585125633,Houston
7397,1/6/2020,1.23,1.286943974,Indianapolis
7522,1/6/2020,1.21,1.356524231,Jacksonville
7364,1/6/2020,1.3,1.413360938,LasVegas
7511,1/6/2020,1.56,1.510403158,LosAngeles
7386,1/6/2020,0.92,1.589969828,Louisville
7382,1/6/2020,1.19,1.470725185,Miami/FtLauderdale
7414,1/6/2020,1.14,1.380107258,Nashville
7417,1/6/2020,1.35,1.56209602,NewOrleans/Mobile
7363,1/6/2020,1.56,1.526479636,NewYork
7532,1/6/2020,1.56,1.488172747,NorthernNewEngland
7458,1/6/2020,1.14,1.555905393,Orlando
7499,1/6/2020,1.45,1.455436763,Philadelphia
7451,1/6/2020,1.35,1.55814329,Phoenix/Tucson
7375,1/6/2020,1.23,1.490070884,Pittsburgh
7436,1/6/2020,1.35,1.552478739,Plains
7424,1/6/2020,1.6,1.479888556,Portland
7380,1/6/2020,1.87,1.550898315,Raleigh/Greensboro
7398,1/6/2020,0.94,1.511362885,Richmond/Norfolk
7419,1/6/2020,0.87,1.363006535,Roanoke
7393,1/6/2020,1.75,1.315340441,Sacramento
7408,1/6/2020,1.63,1.54703321,SanDiego
7456,1/6/2020,1.98,1.326007514,SanFrancisco
7425,1/6/2020,1.59,1.485726974,Seattle
7350,1/6/2020,1.55,1.557007825,SouthCarolina
7519,1/6/2020,1.34,1.483803859,SouthCentral
7383,1/6/2020,1.73,1.514834286,Spokane
7433,1/6/2020,2.07,1.532506973,StLouis
7472,1/6/2020,1.17,1.604709881,Syracuse
7457,1/6/2020,1.15,1.550932486,Tampa
7346,1/6/2020,1.29,1.574171196,WestTex/NewMexico
7426,1/12/2020,1.48,1.579180715,Albany
7423,1/12/2020,1.23,1.342419033,Atlanta
7353,1/12/2020,1.24,1.306892634,Baltimore/Washington
7452,1/12/2020,1.62,1.498917682,Boise
7502,1/12/2020,1.61,1.372556368,Boston
7441,1/12/2020,1.13,1.450931678,Buffalo/Rochester
7366,1/12/2020,1.66,1.520961778,Charlotte
7412,1/12/2020,1.54,1.535142803,Chicago
7469,1/12/2020,1.08,1.378074145,Cincinnati/Dayton
7344,1/12/2020,1.17,1.322376564,Columbus
7470,1/12/2020,1.29,1.546545781,Dallas/FtWorth
7391,1/12/2020,1.05,1.58866668,Denver
7439,1/12/2020,1.35,1.347398286,Detroit
7485,1/12/2020,1.24,1.616663342,GrandRapids
7471,1/12/2020,1.34,1.520184461,GreatLakes
7497,1/12/2020,1.06,1.353720229,Harrisburg/Scranton
7358,1/12/2020,2.04,1.532358327,Hartford/Springfield
7460,1/12/2020,1.53,1.545045089,Houston
7394,1/12/2020,1.13,1.551382083,Indianapolis
7361,1/12/2020,1.2,1.306153882,Jacksonville
7347,1/12/2020,1.36,1.570954615,LasVegas
7440,1/12/2020,1.78,1.563804099,LosAngeles
7518,1/12/2020,1.05,1.506385666,Louisville
7492,1/12/2020,1.18,1.607322524,Miami/FtLauderdale
7428,1/12/2020,1.22,1.539165096,Nashville
7362,1/12/2020,1.28,1.512752845,NewOrleans/Mobile
7444,1/12/2020,1.59,1.603306903,NewYork
7377,1/12/2020,1.5,1.520422847,NorthernNewEngland
7520,1/12/2020,1.13,1.524444814,Orlando
7349,1/12/2020,1.37,1.279223935,Philadelphia
7370,1/12/2020,1.39,1.545189422,Phoenix/Tucson
7453,1/12/2020,1.19,1.464270543,Pittsburgh
7488,1/12/2020,1.29,1.592915723,Plains
7381,1/12/2020,1.59,1.560443998,Portland
7450,1/12/2020,2.08,1.310623982,Raleigh/Greensboro
7530,1/12/2020,1.21,1.433339132,Richmond/Norfolk
7475,1/12/2020,1.05,1.594497043,Roanoke
7427,1/12/2020,1.73,1.507969589,Sacramento
7402,1/12/2020,1.8,1.55597463,SanDiego
7407,1/12/2020,2.03,1.322839017,SanFrancisco
7431,1/12/2020,1.81,1.583159154,Seattle
7483,1/12/2020,1.51,1.307392512,SouthCarolina
7466,1/12/2020,1.35,1.35679451,SouthCentral
7357,1/12/2020,1.37,1.520127834,Spokane
7531,1/12/2020,1.95,1.588593374,StLouis
7504,1/12/2020,1.2,1.545056073,Syracuse
7359,1/12/2020,1.15,1.598120182,Tampa
7447,1/12/2020,1.34,1.48382241,WestTex/NewMexico
7406,1/19/2020,1.51,1.38330952,Albany
7348,1/19/2020,1.17,1.569840385,Atlanta
7415,1/19/2020,1.12,1.486419187,Baltimore/Washington
7516,1/19/2020,1.75,1.358526835,Boston
7463,1/19/2020,1.24,1.57485926,Buffalo/Rochester
7418,1/19/2020,1.6,1.538960637,Charlotte
7442,1/19/2020,1.51,1.582215862,Chicago
7465,1/19/2020,1.09,1.354339218,Cincinnati/Dayton
7480,1/19/2020,0.96,1.291299274,Columbus
7514,1/19/2020,0.94,1.51973584,Denver
7496,1/19/2020,0.98,1.281467121,Detroit
7422,1/19/2020,1.26,1.550657651,GrandRapids
7529,1/19/2020,1.18,1.587569373,GreatLakes
7477,1/19/2020,0.92,1.345670274,Harrisburg/Scranton
7461,1/19/2020,1.82,1.537764478,Hartford/Springfield
7476,1/19/2020,1.53,1.566479145,Houston
7505,1/19/2020,1.08,1.529571817,Indianapolis
7449,1/19/2020,1.2,1.618671315,Jacksonville
7490,1/19/2020,1.34,1.600422191,LasVegas
7495,1/19/2020,1.8,1.601331962,LosAngeles
7479,1/19/2020,1.12,1.561133283,Louisville
7372,1/19/2020,1.18,1.550362394,Miami/FtLauderdale
7396,1/19/2020,1.26,1.583781967,Nashville
7455,1/19/2020,1.26,1.543976746,NewOrleans/Mobile
7437,1/19/2020,1.39,1.549724366,NewYork
7405,1/19/2020,1.57,1.565156714,NorthernNewEngland
7384,1/19/2020,1.14,1.55115761,Orlando
7464,1/19/2020,1.23,1.386918258,Philadelphia
7482,1/19/2020,1.37,1.352828763,Phoenix/Tucson
7500,1/19/2020,1.1,1.556116116,Pittsburgh
7413,1/19/2020,1.21,1.595291608,Plains
7524,1/19/2020,1.58,1.339691591,Portland
7521,1/19/2020,1.97,1.58008056,Raleigh/Greensboro
7387,1/19/2020,1.54,1.487646508,Richmond/Norfolk
7501,1/19/2020,1.08,1.317646762,Roanoke
7373,1/19/2020,1.73,1.313040791,Sacramento
7392,1/19/2020,1.79,1.589080966,SanDiego
7515,1/19/2020,2.03,1.376024515,SanFrancisco
7507,1/19/2020,1.49,1.547584915,Seattle
7360,1/19/2020,1.61,1.547613066,SouthCarolina
7352,1/19/2020,1.33,1.527058352,SouthCentral
7438,1/19/2020,1.62,1.261253389,Spokane
7420,1/19/2020,1.3,1.580388997,StLouis
7523,1/19/2020,1.27,1.521687675,Syracuse
7481,1/19/2020,1.15,1.371118405,Tampa
7468,1/19/2020,1.32,1.564734861,WestTex/NewMexico
7503,1/26/2020,1.55,1.501334897,Albany
7513,1/26/2020,1.3,1.569761221,Atlanta
7400,1/26/2020,1.18,1.548832901,Baltimore/Washington
7473,1/26/2020,1.62,1.532866341,Boise
7411,1/26/2020,1.7,1.565038335,Boston
7493,1/26/2020,1.31,1.516459134,Buffalo/Rochester
7345,1/26/2020,1.68,1.568807922,Charlotte
7385,1/26/2020,1.52,1.381098309,Chicago
7509,1/26/2020,1.26,1.57927013,Cincinnati/Dayton
7494,1/26/2020,1.07,1.613526982,Columbus
7369,1/26/2020,1.23,1.564985695,Dallas/FtWorth
7508,1/26/2020,1.22,1.365133132,Denver
7355,1/26/2020,1.15,1.534249386,Detroit
7467,1/26/2020,0.85,1.501014744,GrandRapids
7486,1/26/2020,1.16,1.53479393,GreatLakes
7512,1/26/2020,1.01,1.451207165,Harrisburg/Scranton
7484,1/26/2020,2.06,1.497105461,Hartford/Springfield
7416,1/26/2020,1.61,1.307562555,Houston
7454,1/26/2020,1.32,1.526787992,Indianapolis
7506,1/26/2020,1.19,1.31083796,Jacksonville
7491,1/26/2020,1.51,1.376070158,LasVegas
7533,1/26/2020,1.64,1.573208622,LosAngeles
7376,1/26/2020,1.29,1.526388187,Louisville
7367,1/26/2020,1.18,1.551288926,Miami/FtLauderdale
7409,1/26/2020,1.46,1.502567018,Nashville
7401,1/26/2020,1.14,1.530268099,NewOrleans/Mobile
7498,1/26/2020,1.66,1.544410153,NewYork
7525,1/26/2020,1.45,1.280401707,NorthernNewEngland
7443,1/26/2020,1.13,1.393793613,Orlando
7395,1/26/2020,1.36,1.511711432,Philadelphia
7351,1/26/2020,1.44,1.506530813,Phoenix/Tucson
7379,1/26/2020,1.14,1.576254183,Pittsburgh
7378,1/26/2020,1.39,1.574409338,Plains
7421,1/26/2020,1.86,1.309788249,Portland
7528,1/26/2020,1.86,1.508182346,Raleigh/Greensboro
7448,1/26/2020,1.24,1.563431631,Richmond/Norfolk
7388,1/26/2020,1.13,1.413260214,Roanoke
7526,1/26/2020,1.69,1.604205935,Sacramento
7429,1/26/2020,1.72,1.475990175,SanDiego
7403,1/26/2020,2,1.496862601,SanFrancisco
7489,1/26/2020,1.48,1.545639589,Seattle
7354,1/26/2020,1.53,1.507350844,SouthCarolina
7432,1/26/2020,1.34,1.577216432,SouthCentral
7368,1/26/2020,1.63,1.542378585,Spokane
7510,1/26/2020,2.09,1.592582553,StLouis
7404,1/26/2020,1.43,1.573834445,Syracuse
7389,1/26/2020,1.15,1.614029789,Tampa
7390,1/26/2020,1.4,1.576724772,WestTex/NewMexico
7656,2/2/2020,1.58,1.409163232,Albany
7540,2/2/2020,1.5,1.548505833,Atlanta
7551,2/2/2020,1.1,1.569829401,Baltimore/Washington
7575,2/2/2020,1.43,1.520056725,Boise
7591,2/2/2020,1.73,1.265772223,Boston
7593,2/2/2020,1.19,1.459384204,Buffalo/Rochester
7720,2/2/2020,1.53,1.608058428,Charlotte
7724,2/2/2020,1.02,1.50976391,Chicago
7682,2/2/2020,1.2,1.404196835,Cincinnati/Dayton
7587,2/2/2020,0.91,1.484403973,Columbus
7675,2/2/2020,1.23,1.307107425,Dallas/FtWorth
7649,2/2/2020,1.3,1.570681651,Denver
7599,2/2/2020,0.79,1.512229616,Detroit
7696,2/2/2020,1.05,1.450194961,GrandRapids
7719,2/2/2020,0.98,1.592251172,GreatLakes
7712,2/2/2020,1.01,1.546065511,Harrisburg/Scranton
7686,2/2/2020,1.9,1.454697198,Hartford/Springfield
7706,2/2/2020,1.46,1.374295933,Houston
7697,2/2/2020,0.95,1.419345154,Indianapolis
7594,2/2/2020,1.21,1.529275177,Jacksonville
7613,2/2/2020,1.5,1.609551798,LasVegas
7722,2/2/2020,1.63,1.424236863,LosAngeles
7628,2/2/2020,1.2,1.433659855,Louisville
7702,2/2/2020,1.15,1.382620072,Miami/FtLauderdale
7608,2/2/2020,1.52,1.231553935,Nashville
7602,2/2/2020,1.18,1.39005055,NewOrleans/Mobile
7710,2/2/2020,1.56,1.323680608,NewYork
7560,2/2/2020,1.62,1.411940061,NorthernNewEngland
7566,2/2/2020,1.12,1.491362804,Orlando
7640,2/2/2020,1.34,1.447992536,Philadelphia
7583,2/2/2020,1.47,1.486885952,Phoenix/Tucson
7581,2/2/2020,1.1,1.430817775,Pittsburgh
7614,2/2/2020,1.35,1.48935654,Plains
7633,2/2/2020,1.43,1.336964718,Portland
7657,2/2/2020,1.88,1.461183732,Raleigh/Greensboro
7553,2/2/2020,1.61,1.417302033,Richmond/Norfolk
7707,2/2/2020,1.28,1.469514706,Roanoke
7667,2/2/2020,1.7,1.443920207,Sacramento
7549,2/2/2020,1.81,1.545081701,SanDiego
7642,2/2/2020,1.85,1.373261681,SanFrancisco
7659,2/2/2020,1.37,1.402730559,Seattle
7556,2/2/2020,1.64,1.414419924,SouthCarolina
7543,2/2/2020,1.33,1.382115638,SouthCentral
7670,2/2/2020,1.56,1.325531149,Spokane
7604,2/2/2020,2.11,1.460615105,StLouis
7568,2/2/2020,1.3,1.347040626,Syracuse
7630,2/2/2020,1.15,1.369505762,Tampa
7638,2/2/2020,1.45,1.415833804,WestTex/NewMexico
7725,2/9/2020,1.48,1.550547326,Albany
7674,2/9/2020,1.34,1.543111479,Atlanta
7646,2/9/2020,1.26,1.350422369,Baltimore/Washington
7595,2/9/2020,1.47,1.423665876,Boise
7632,2/9/2020,1.71,1.475886685,Boston
7623,2/9/2020,1.27,1.331171373,Buffalo/Rochester
7619,2/9/2020,1.62,1.442469878,Charlotte
7589,2/9/2020,1.15,1.672606224,Chicago
7596,2/9/2020,1.15,1.344434898,Cincinnati/Dayton
7585,2/9/2020,0.92,1.385193337,Columbus
7655,2/9/2020,1.23,1.414041354,Dallas/FtWorth
7645,2/9/2020,1.42,1.492016372,Denver
7701,2/9/2020,1.1,1.457426023,Detroit
7641,2/9/2020,1.21,1.521563275,GrandRapids
7718,2/9/2020,1.12,1.3826863,GreatLakes
7666,2/9/2020,1.06,1.334612021,Harrisburg/Scranton
7715,2/9/2020,2.08,1.436137928,Hartford/Springfield
7609,2/9/2020,1.43,1.348265018,Houston
7621,2/9/2020,1.23,1.360420171,Indianapolis
7564,2/9/2020,1.21,1.354153879,Jacksonville
7534,2/9/2020,1.51,1.479623158,LasVegas
7663,2/9/2020,1.57,1.419869846,LosAngeles
7709,2/9/2020,1.11,1.467578655,Louisville
7563,2/9/2020,1.15,1.414082441,Miami/FtLauderdale
7679,2/9/2020,1.45,1.438601926,Nashville
7717,2/9/2020,1.09,1.371528949,NewOrleans/Mobile
7607,2/9/2020,1.67,1.381251429,NewYork
7660,2/9/2020,1.45,1.393380303,NorthernNewEngland
7723,2/9/2020,1.1,1.319911427,Orlando
7582,2/9/2020,1.42,1.412809477,Philadelphia
7692,2/9/2020,1.41,1.370985951,Phoenix/Tucson
7694,2/9/2020,1.14,1.516246051,Pittsburgh
7678,2/9/2020,1.27,1.2894563,Plains
7677,2/9/2020,1.61,1.345717137,Portland
7538,2/9/2020,1.88,1.514931186,Raleigh/Greensboro
7546,2/9/2020,1.5,1.36975985,Richmond/Norfolk
7639,2/9/2020,1.22,1.535428134,Roanoke
7637,2/9/2020,1.73,1.477242555,Sacramento
7681,2/9/2020,1.65,1.498617299,SanDiego
7542,2/9/2020,1.96,1.33967239,SanFrancisco
7597,2/9/2020,1.37,1.435488021,Seattle
7567,2/9/2020,1.61,1.544019542,SouthCarolina
7669,2/9/2020,1.3,1.408365413,SouthCentral
7554,2/9/2020,1.5,1.527229371,Spokane
7698,2/9/2020,1.82,1.400313261,StLouis
7557,2/9/2020,1.47,1.391448402,Syracuse
7685,2/9/2020,1.13,1.467459869,Tampa
7547,2/9/2020,1.44,1.490082925,WestTex/NewMexico
7624,2/16/2020,1.5,1.489273145,Albany
7572,2/16/2020,1.1,1.392769693,Atlanta
7662,2/16/2020,1.2,1.381289912,Baltimore/Washington
7691,2/16/2020,1.64,1.363380955,Boise
7545,2/16/2020,1.77,1.515612498,Boston
7653,2/16/2020,1.44,1.457212209,Buffalo/Rochester
7625,2/16/2020,1.59,1.442620232,Charlotte
7683,2/16/2020,1.48,1.480483381,Chicago
7708,2/16/2020,1.21,1.50715265,Cincinnati/Dayton
7565,2/16/2020,1.02,1.371916713,Columbus
7580,2/16/2020,1.25,1.444157128,Dallas/FtWorth
7601,2/16/2020,1.66,1.480086912,Denver
7654,2/16/2020,1.09,1.514658385,Detroit
7573,2/16/2020,1.22,1.320821606,GrandRapids
7612,2/16/2020,1.21,1.455701754,GreatLakes
7610,2/16/2020,1.04,1.429690934,Harrisburg/Scranton
7574,2/16/2020,2.07,1.413678487,Hartford/Springfield
7700,2/16/2020,1.46,1.485766759,Houston
7571,2/16/2020,1.12,1.525659442,Indianapolis
7536,2/16/2020,1.21,1.50821066,Jacksonville
7631,2/16/2020,1.52,1.492286488,LasVegas
7665,2/16/2020,1.58,1.422646024,LosAngeles
7541,2/16/2020,0.95,1.353468663,Louisville
7584,2/16/2020,1.16,1.391708999,Miami/FtLauderdale
7622,2/16/2020,1.16,1.35800979,Nashville
7555,2/16/2020,1.17,1.425151841,NewOrleans/Mobile
7590,2/16/2020,1.69,1.537404051,NewYork
7647,2/16/2020,1.59,1.396091311,NorthernNewEngland
7570,2/16/2020,1.13,1.516260289,Orlando
7537,2/16/2020,1.46,1.405406175,Philadelphia
7661,2/16/2020,1.45,1.498029878,Phoenix/Tucson
7576,2/16/2020,1.14,1.385678489,Pittsburgh
7603,2/16/2020,1.26,1.428088624,Plains
7676,2/16/2020,1.81,1.456391934,Portland
7695,2/16/2020,1.83,1.365389742,Raleigh/Greensboro
7544,2/16/2020,1.44,1.380769613,Richmond/Norfolk
7600,2/16/2020,1.07,1.412344422,Roanoke
7713,2/16/2020,1.79,1.483848363,Sacramento
7618,2/16/2020,1.61,1.369883599,SanDiego
7552,2/16/2020,2.07,1.437153061,SanFrancisco
7611,2/16/2020,1.49,1.469155174,Seattle
7716,2/16/2020,1.52,1.492805893,SouthCarolina
7620,2/16/2020,1.25,1.438082765,SouthCentral
7615,2/16/2020,1.82,1.477811101,Spokane
7689,2/16/2020,1.79,1.30319204,StLouis
7650,2/16/2020,1.45,1.404172426,Syracuse
7578,2/16/2020,1.15,1.473956492,Tampa
7672,2/16/2020,1.4,1.491510229,WestTex/NewMexico
7699,2/23/2020,1.5,1.376732106,Albany
7617,2/23/2020,1.3,1.40536224,Atlanta
7652,2/23/2020,1.28,1.492447419,Baltimore/Washington
7616,2/23/2020,1.66,1.460132394,Boise
7558,2/23/2020,1.65,1.433863174,Boston
7711,2/23/2020,1.1,1.312479242,Buffalo/Rochester
7671,2/23/2020,1.51,1.468850561,Charlotte
7648,2/23/2020,1.48,1.531540086,Chicago
7634,2/23/2020,1.06,1.333588589,Cincinnati/Dayton
7704,2/23/2020,1.02,1.56506079,Columbus
7592,2/23/2020,1.26,1.384620072,Dallas/FtWorth
7664,2/23/2020,1.57,1.281632364,Denver
7626,2/23/2020,0.85,1.454534965,Detroit
7687,2/23/2020,1.2,1.53006185,GrandRapids
7588,2/23/2020,1.04,1.510109122,GreatLakes
7680,2/23/2020,1,1.312057063,Harrisburg/Scranton
7561,2/23/2020,2.11,1.553508192,Hartford/Springfield
7586,2/23/2020,1.37,1.468905886,Houston
7562,2/23/2020,0.84,1.560246943,Indianapolis
7627,2/23/2020,1.2,1.456421956,Jacksonville
7693,2/23/2020,1.56,1.35073105,LasVegas
7635,2/23/2020,1.55,1.504180638,LosAngeles
7606,2/23/2020,1.13,1.447601518,Louisville
7559,2/23/2020,1.16,1.399801749,Miami/FtLauderdale
7705,2/23/2020,1.43,1.539471906,Nashville
7579,2/23/2020,1.2,1.483828918,NewOrleans/Mobile
7688,2/23/2020,1.73,1.439956169,NewYork
7550,2/23/2020,1.58,1.452702812,NorthernNewEngland
7703,2/23/2020,1.13,1.397918664,Orlando
7548,2/23/2020,1.46,1.494874561,Philadelphia
7668,2/23/2020,1.47,1.450733322,Phoenix/Tucson
7714,2/23/2020,1.22,1.436408939,Pittsburgh
7535,2/23/2020,1.23,1.450087321,Plains
7629,2/23/2020,1.66,1.377806469,Portland
7651,2/23/2020,1.85,1.447030531,Raleigh/Greensboro
7673,2/23/2020,1.31,1.51895413,Richmond/Norfolk
7598,2/23/2020,1.13,1.387266968,Roanoke
7636,2/23/2020,1.74,1.355941854,Sacramento
7684,2/23/2020,1.62,1.53539201,SanDiego
7605,2/23/2020,2.03,1.42789881,SanFrancisco
7643,2/23/2020,1.55,1.421978706,Seattle
7658,2/23/2020,1.65,1.467166646,SouthCarolina
7690,2/23/2020,1.32,1.402264852,SouthCentral
7644,2/23/2020,1.81,1.457134103,Spokane
7721,2/23/2020,1.24,1.475527479,StLouis
7577,2/23/2020,1.21,1.38635801,Syracuse
7569,2/23/2020,1.14,1.459312607,Tampa
7539,2/23/2020,1.5,1.434155664,WestTex/NewMexico
7909,3/1/2020,1.38,1.372496812,Albany
7779,3/1/2020,1.44,1.48303118,Atlanta
7759,3/1/2020,1.42,1.486413574,Baltimore/Washington
7916,3/1/2020,1.77,1.429267779,Boise
7917,3/1/2020,1.71,1.41442448,Boston
7768,3/1/2020,1.33,1.483158021,Buffalo/Rochester
7758,3/1/2020,1.45,1.450381601,Charlotte
7733,3/1/2020,1.55,1.415526994,Chicago
7753,3/1/2020,1.02,1.459922321,Cincinnati/Dayton
7863,3/1/2020,0.96,1.421552785,Columbus
7899,3/1/2020,1.29,1.453475979,Dallas/FtWorth
7764,3/1/2020,1.53,1.47283258,Denver
7907,3/1/2020,1.5,1.378961786,Detroit
7873,3/1/2020,1.03,1.443469308,GrandRapids
7770,3/1/2020,1.18,1.427149237,GreatLakes
7820,3/1/2020,1.2,1.403494858,Harrisburg/Scranton
7800,3/1/2020,1.9,1.379108153,Hartford/Springfield
7864,3/1/2020,1.54,1.518576292,Houston
7836,3/1/2020,0.9,1.435160953,Indianapolis
7944,3/1/2020,1.15,1.494161519,Jacksonville
7741,3/1/2020,1.65,1.424411787,LasVegas
7912,3/1/2020,1.69,1.465808742,LosAngeles
7938,3/1/2020,1.07,1.463422606,Louisville
7905,3/1/2020,1.11,1.4660263,Miami/FtLauderdale
7819,3/1/2020,1.21,1.456000428,Nashville
7882,3/1/2020,1.21,1.525524791,NewOrleans/Mobile
7796,3/1/2020,1.69,1.475967394,NewYork
7853,3/1/2020,1.51,1.393621943,NorthernNewEngland
7750,3/1/2020,1.11,1.421975208,Orlando
7881,3/1/2020,1.63,1.515527883,Philadelphia
7734,3/1/2020,1.55,1.527250932,Phoenix/Tucson
7727,3/1/2020,1.18,1.444547495,Pittsburgh
7755,3/1/2020,1.48,1.510522595,Plains
7829,3/1/2020,1.89,1.468130115,Portland
7949,3/1/2020,1.87,1.413688332,Raleigh/Greensboro
7844,3/1/2020,1.49,1.483395675,Richmond/Norfolk
7878,3/1/2020,1.15,1.490893762,Roanoke
7795,3/1/2020,1.79,1.419470774,Sacramento
7923,3/1/2020,1.82,1.444149643,SanDiego
7767,3/1/2020,2.03,1.518455065,SanFrancisco
7879,3/1/2020,1.98,1.51776033,Seattle
7862,3/1/2020,1.59,1.403636994,SouthCarolina
7936,3/1/2020,1.4,1.384769775,SouthCentral
7744,3/1/2020,1.82,1.453282179,Spokane
7928,3/1/2020,1.98,1.449438879,StLouis
7746,3/1/2020,1.46,1.48414061,Syracuse
7958,3/1/2020,1.09,1.467512997,Tampa
7754,3/1/2020,1.6,1.501589474,WestTex/NewMexico
7915,3/8/2020,1.59,1.431456128,Albany
7813,3/8/2020,1.4,1.441039237,Atlanta
7866,3/8/2020,1.39,1.473157777,Baltimore/Washington
7870,3/8/2020,1.71,1.425241663,Boise
7956,3/8/2020,1.84,1.486928259,Boston
7893,3/8/2020,1.33,1.404464266,Buffalo/Rochester
7874,3/8/2020,1.55,1.468486311,Charlotte
7843,3/8/2020,1.7,1.49702825,Chicago
7946,3/8/2020,1.43,1.429507223,Cincinnati/Dayton
7778,3/8/2020,1.19,1.388193256,Columbus
7900,3/8/2020,1.3,1.473343198,Dallas/FtWorth
7892,3/8/2020,1.45,1.387294305,Denver
7926,3/8/2020,1.57,1.485818992,Detroit
7960,3/8/2020,0.9,1.323120605,GrandRapids
7731,3/8/2020,1.34,1.425044364,GreatLakes
7814,3/8/2020,1.32,1.362153309,Harrisburg/Scranton
7798,3/8/2020,2.06,1.382776121,Hartford/Springfield
7851,3/8/2020,1.61,1.385116045,Houston
7839,3/8/2020,1.33,1.449383391,Indianapolis
7953,3/8/2020,1.11,1.564571733,Jacksonville
7809,3/8/2020,1.65,1.38818097,LasVegas
7931,3/8/2020,1.94,1.334479322,LosAngeles
7906,3/8/2020,1.06,1.437942093,Louisville
7859,3/8/2020,1.18,1.464413005,Miami/FtLauderdale
7784,3/8/2020,1.19,1.428825586,Nashville
7801,3/8/2020,1.19,1.541691904,NewOrleans/Mobile
7959,3/8/2020,1.87,1.507319845,NewYork
7854,3/8/2020,1.64,1.531731283,NorthernNewEngland
7847,3/8/2020,1.14,1.425882701,Orlando
7883,3/8/2020,1.69,1.448850155,Philadelphia
7773,3/8/2020,1.6,1.389302116,Phoenix/Tucson
7861,3/8/2020,1.1,1.437960481,Pittsburgh
7927,3/8/2020,1.53,1.417535049,Plains
7935,3/8/2020,2.08,1.498293648,Portland
7821,3/8/2020,2.05,1.497862763,Raleigh/Greensboro
7811,3/8/2020,1.36,1.458275995,Richmond/Norfolk
7735,3/8/2020,1.05,1.429397224,Roanoke
7910,3/8/2020,1.77,1.463738121,Sacramento
7740,3/8/2020,2.12,1.439606156,SanDiego
7837,3/8/2020,2.08,1.448616895,SanFrancisco
7943,3/8/2020,1.95,1.389226369,Seattle
7891,3/8/2020,1.54,1.440084718,SouthCarolina
7751,3/8/2020,1.42,1.53075382,SouthCentral
7824,3/8/2020,1.61,1.445025813,Spokane
7782,3/8/2020,1.89,1.50781712,StLouis
7812,3/8/2020,1.46,1.489968614,Syracuse
7898,3/8/2020,1.12,1.37335915,Tampa
7876,3/8/2020,1.59,1.434700941,WestTex/NewMexico
7738,3/15/2020,1.54,1.41946817,Albany
7772,3/15/2020,1.49,1.470869681,Atlanta
7860,3/15/2020,1.46,1.398317655,Baltimore/Washington
7924,3/15/2020,1.94,1.44899579,Boise
7730,3/15/2020,1.86,1.474833556,Boston
7826,3/15/2020,1.34,1.519151185,Buffalo/Rochester
7937,3/15/2020,1.46,1.448084229,Charlotte
7903,3/15/2020,1.99,1.41686944,Chicago
7775,3/15/2020,1.48,1.457827293,Cincinnati/Dayton
7845,3/15/2020,1.31,1.535207078,Columbus
7818,3/15/2020,1.37,1.434893928,Dallas/FtWorth
7739,3/15/2020,1.52,1.442905806,Denver
7828,3/15/2020,1.33,1.484240683,Detroit
7757,3/15/2020,0.9,1.488474268,GrandRapids
7952,3/15/2020,1.4,1.355157947,GreatLakes
7827,3/15/2020,1.38,1.516971378,Harrisburg/Scranton
7792,3/15/2020,2.13,1.414592815,Hartford/Springfield
7728,3/15/2020,1.63,1.461610386,Houston
7922,3/15/2020,1.4,1.423757813,Indianapolis
7803,3/15/2020,1.17,1.449123038,Jacksonville
7877,3/15/2020,1.59,1.480455068,LasVegas
7951,3/15/2020,2.1,1.383267213,LosAngeles
7940,3/15/2020,1.13,1.474007586,Louisville
7945,3/15/2020,1.21,1.44823621,Miami/FtLauderdale
7888,3/15/2020,1.51,1.289671498,Nashville
7726,3/15/2020,1.33,1.422265339,NewOrleans/Mobile
7855,3/15/2020,1.92,1.488919635,NewYork
7766,3/15/2020,1.69,1.439866672,NorthernNewEngland
7816,3/15/2020,1.16,1.442282261,Orlando
7896,3/15/2020,1.76,1.328957802,Philadelphia
7948,3/15/2020,1.6,1.391183899,Phoenix/Tucson
7760,3/15/2020,1.23,1.442213023,Pittsburgh
7807,3/15/2020,1.6,1.493083576,Plains
7932,3/15/2020,2.05,1.347833808,Portland
7884,3/15/2020,2.07,1.477894007,Raleigh/Greensboro
7880,3/15/2020,1.4,1.483280956,Richmond/Norfolk
7841,3/15/2020,1.14,1.492175025,Roanoke
7933,3/15/2020,1.75,1.412050874,Sacramento
7961,3/15/2020,2.34,1.417874077,SanDiego
7771,3/15/2020,1.98,1.577642353,SanFrancisco
7911,3/15/2020,1.93,1.433726407,Seattle
7804,3/15/2020,1.68,1.43583185,SouthCarolina
7890,3/15/2020,1.48,1.464983016,SouthCentral
7964,3/15/2020,2.08,1.371767986,Spokane
7787,3/15/2020,2.06,1.498075683,StLouis
7790,3/15/2020,1.47,1.417864802,Syracuse
7925,3/15/2020,1.16,1.404532527,Tampa
7934,3/15/2020,1.62,1.457494692,WestTex/NewMexico
7769,3/22/2020,1.51,1.54281126,Albany
7799,3/22/2020,1.44,1.500829487,Atlanta
7954,3/22/2020,1.46,1.402662785,Baltimore/Washington
7850,3/22/2020,1.88,1.330813632,Boise
7789,3/22/2020,1.93,1.486124744,Boston
7748,3/22/2020,1.37,1.489230269,Buffalo/Rochester
7838,3/22/2020,1.5,1.441314154,Charlotte
7736,3/22/2020,1.79,1.469841042,Chicago
7965,3/22/2020,1.2,1.4815252,Cincinnati/Dayton
7840,3/22/2020,1.14,1.404967805,Columbus
7823,3/22/2020,1.39,1.411965283,Dallas/FtWorth
7885,3/22/2020,1.5,1.467316431,Denver
7765,3/22/2020,1.21,1.453463694,Detroit
7914,3/22/2020,0.97,1.420896695,GrandRapids
7761,3/22/2020,1.23,1.445336365,GreatLakes
7857,3/22/2020,1.43,1.490224167,Harrisburg/Scranton
7831,3/22/2020,2.04,1.451681983,Hartford/Springfield
7752,3/22/2020,1.63,1.411848449,Houston
7776,3/22/2020,1.13,1.489130358,Indianapolis
7822,3/22/2020,1.04,1.444844135,Jacksonville
7729,3/22/2020,1.54,1.472460275,LasVegas
7930,3/22/2020,1.98,1.450944045,LosAngeles
7797,3/22/2020,1.02,1.430393725,Louisville
7901,3/22/2020,1.14,1.427145007,Miami/FtLauderdale
7963,3/22/2020,1.47,1.386804109,Nashville
7737,3/22/2020,1.29,1.495890589,NewOrleans/Mobile
7895,3/22/2020,1.91,1.378624303,NewYork
7832,3/22/2020,1.7,1.513028982,NorthernNewEngland
7955,3/22/2020,1.11,1.423487697,Orlando
7788,3/22/2020,1.71,1.422594848,Philadelphia
7852,3/22/2020,1.53,1.443006937,Phoenix/Tucson
7902,3/22/2020,1.2,1.404734138,Pittsburgh
7763,3/22/2020,1.53,1.439686866,Plains
7942,3/22/2020,2.06,1.442510802,Portland
7872,3/22/2020,1.92,1.413312447,Raleigh/Greensboro
7785,3/22/2020,1.72,1.349581672,Richmond/Norfolk
7747,3/22/2020,1.27,1.479807277,Roanoke
7875,3/22/2020,1.69,1.444306669,Sacramento
7921,3/22/2020,1.99,1.478267939,SanDiego
7762,3/22/2020,1.91,1.56237118,SanFrancisco
7920,3/22/2020,1.96,1.450977566,Seattle
7950,3/22/2020,1.5,1.484471258,SouthCarolina
7929,3/22/2020,1.46,1.430842021,SouthCentral
7858,3/22/2020,1.97,1.472519994,Spokane
7732,3/22/2020,2.15,1.505362641,StLouis
7834,3/22/2020,1.55,1.410558888,Syracuse
7889,3/22/2020,1.07,1.393727223,Tampa
7868,3/22/2020,1.61,1.422762288,WestTex/NewMexico
7835,3/29/2020,1.49,1.450011737,Albany
7897,3/29/2020,1.6,1.503018975,Atlanta
7794,3/29/2020,1.39,1.45122067,Baltimore/Washington
7808,3/29/2020,1.86,1.475981388,Boise
7833,3/29/2020,1.86,1.510378994,Boston
7781,3/29/2020,1.39,1.465863986,Buffalo/Rochester
7810,3/29/2020,1.62,1.475673683,Charlotte
7918,3/29/2020,1.94,1.432297557,Chicago
7865,3/29/2020,1.42,1.484505348,Cincinnati/Dayton
7842,3/29/2020,1.25,1.505914508,Columbus
7846,3/29/2020,1.22,1.498991882,Dallas/FtWorth
7894,3/29/2020,1.22,1.490395186,Denver
7815,3/29/2020,1.43,1.461105626,Detroit
7817,3/29/2020,1.24,1.509631618,GrandRapids
7745,3/29/2020,1.5,1.48736313,GreatLakes
7780,3/29/2020,1.15,1.416814522,Harrisburg/Scranton
7742,3/29/2020,1.98,1.508747801,Hartford/Springfield
7793,3/29/2020,1.41,1.53007381,Houston
7749,3/29/2020,1.47,1.502516168,Indianapolis
7913,3/29/2020,1.22,1.38280655,Jacksonville
7957,3/29/2020,1.4,1.397237108,LasVegas
7887,3/29/2020,1.7,1.457502665,LosAngeles
7962,3/29/2020,1.18,1.444985783,Louisville
7791,3/29/2020,1.21,1.457322045,Miami/FtLauderdale
7805,3/29/2020,1.61,1.410217337,Nashville
7869,3/29/2020,1.33,1.493693615,NewOrleans/Mobile
7849,3/29/2020,1.78,1.383903288,NewYork
7825,3/29/2020,1.69,1.4412607,NorthernNewEngland
7786,3/29/2020,1.16,1.501663349,Orlando
7904,3/29/2020,1.62,1.516045579,Philadelphia
7777,3/29/2020,1.48,1.415601846,Phoenix/Tucson
7783,3/29/2020,1.25,1.39539926,Pittsburgh
7886,3/29/2020,1.5,1.400857806,Plains
7947,3/29/2020,1.85,1.468027439,Portland
7830,3/29/2020,1.57,1.421329776,Raleigh/Greensboro
7856,3/29/2020,1.38,1.348087327,Richmond/Norfolk
7756,3/29/2020,1.35,1.492438714,Roanoke
7802,3/29/2020,1.82,1.408577113,Sacramento
7867,3/29/2020,2.1,1.40513199,SanDiego
7919,3/29/2020,1.95,1.49745287,SanFrancisco
7941,3/29/2020,1.95,1.400097982,Seattle
7848,3/29/2020,1.52,1.478838112,SouthCarolina
7908,3/29/2020,1.35,1.482936395,SouthCentral
7774,3/29/2020,1.87,1.389241014,Spokane
7871,3/29/2020,2.25,1.373546523,StLouis
7743,3/29/2020,1.5,1.520901001,Syracuse
7939,3/29/2020,1.15,1.411698909,Tampa
7806,3/29/2020,1.6,1.37259599,WestTex/NewMexico
8065,4/5/2020,1.58,1.511257604,Albany
8099,4/5/2020,1.54,1.494553025,Atlanta
8144,4/5/2020,1.61,1.531951932,Baltimore/Washington
7970,4/5/2020,1.73,1.472537161,Boise
8016,4/5/2020,1.87,1.531307477,Boston
8113,4/5/2020,1.49,1.379996039,Buffalo/Rochester
8087,4/5/2020,1.61,1.497390873,Charlotte
8132,4/5/2020,1.89,1.467547494,Chicago
8042,4/5/2020,1.39,1.524432772,Cincinnati/Dayton
7995,4/5/2020,1.23,1.491623483,Columbus
8093,4/5/2020,1.26,1.545557659,Dallas/FtWorth
8073,4/5/2020,1.34,1.558583938,Denver
8142,4/5/2020,1.45,1.546113269,Detroit
8003,4/5/2020,1.49,1.557575558,GrandRapids
8044,4/5/2020,1.51,1.469339211,GreatLakes
8007,4/5/2020,1.43,1.496278515,Harrisburg/Scranton
7968,4/5/2020,2.05,1.592884481,Hartford/Springfield
8018,4/5/2020,1.23,1.503677424,Houston
8035,4/5/2020,1.47,1.531848117,Indianapolis
8066,4/5/2020,1.34,1.496287709,Jacksonville
8062,4/5/2020,1.49,1.462331727,LasVegas
8151,4/5/2020,1.63,1.528331072,LosAngeles
8139,4/5/2020,1.19,1.538908241,Louisville
8115,4/5/2020,1.26,1.432255575,Miami/FtLauderdale
8106,4/5/2020,1.57,1.533832983,Nashville
7978,4/5/2020,1.29,1.510818421,NewOrleans/Mobile
7974,4/5/2020,1.88,1.544160377,NewYork
8071,4/5/2020,1.75,1.543192514,NorthernNewEngland
8092,4/5/2020,1.17,1.487025647,Orlando
7989,4/5/2020,1.76,1.530804426,Philadelphia
8094,4/5/2020,1.51,1.509366871,Phoenix/Tucson
8021,4/5/2020,1.21,1.463562383,Pittsburgh
8037,4/5/2020,1.46,1.500660095,Plains
8047,4/5/2020,1.83,1.513661314,Portland
8145,4/5/2020,1.57,1.497324483,Raleigh/Greensboro
8022,4/5/2020,1.54,1.512303736,Richmond/Norfolk
8013,4/5/2020,1.32,1.538455715,Roanoke
7973,4/5/2020,1.85,1.533649028,Sacramento
8031,4/5/2020,1.92,1.527482646,SanDiego
7979,4/5/2020,2.05,1.512778066,SanFrancisco
8072,4/5/2020,2.04,1.548803611,Seattle
8107,4/5/2020,1.52,1.471072268,SouthCarolina
7966,4/5/2020,1.33,1.471139634,SouthCentral
8030,4/5/2020,1.89,1.445036796,Spokane
8067,4/5/2020,2.21,1.515683119,StLouis
8104,4/5/2020,1.62,1.55238371,Syracuse
8041,4/5/2020,1.18,1.4514318,Tampa
8117,4/5/2020,1.67,1.503429519,WestTex/NewMexico
7985,4/12/2020,1.64,1.53542488,Albany
8029,4/12/2020,1.57,1.507600701,Atlanta
7992,4/12/2020,1.59,1.504592321,Baltimore/Washington
8040,4/12/2020,1.72,1.522873013,Boise
8006,4/12/2020,1.91,1.526077716,Boston
8056,4/12/2020,1.54,1.53673234,Buffalo/Rochester
8116,4/12/2020,1.59,1.507480857,Charlotte
8033,4/12/2020,1.83,1.528299585,Chicago
7996,4/12/2020,1.58,1.545045089,Cincinnati/Dayton
8034,4/12/2020,1.32,1.475849096,Columbus
8004,4/12/2020,1.27,1.550779854,Dallas/FtWorth
7987,4/12/2020,1.34,1.502282257,Denver
8143,4/12/2020,1.46,1.538472638,Detroit
7972,4/12/2020,1.58,1.41558419,GrandRapids
8156,4/12/2020,1.55,1.56492858,GreatLakes
8077,4/12/2020,1.42,1.477076661,Harrisburg/Scranton
8149,4/12/2020,1.98,1.496360038,Hartford/Springfield
8089,4/12/2020,1.31,1.511318055,Houston
7986,4/12/2020,1.47,1.477677588,Indianapolis
8098,4/12/2020,1.41,1.559278755,Jacksonville
8153,4/12/2020,1.49,1.515157043,LasVegas
8112,4/12/2020,1.58,1.511906697,LosAngeles
8052,4/12/2020,1.21,1.477424476,Louisville
8122,4/12/2020,1.38,1.502306096,Miami/FtLauderdale
8127,4/12/2020,1.34,1.488586708,Nashville
7999,4/12/2020,1.31,1.48191093,NewOrleans/Mobile
8114,4/12/2020,1.85,1.559633649,NewYork
8055,4/12/2020,1.74,1.500424475,NorthernNewEngland
8039,4/12/2020,1.18,1.503205371,Orlando
8064,4/12/2020,1.77,1.541995378,Philadelphia
8061,4/12/2020,1.47,1.576312844,Phoenix/Tucson
8009,4/12/2020,1.22,1.470318058,Pittsburgh
8015,4/12/2020,1.51,1.585877566,Plains
8057,4/12/2020,1.84,1.547065836,Portland
8121,4/12/2020,1.51,1.559502089,Raleigh/Greensboro
7997,4/12/2020,1.44,1.539400227,Richmond/Norfolk
8060,4/12/2020,1.36,1.536248084,Roanoke
8048,4/12/2020,1.99,1.519379156,Sacramento
8049,4/12/2020,1.95,1.519530405,SanDiego
8012,4/12/2020,2.12,1.504507788,SanFrancisco
8017,4/12/2020,2.17,1.514799545,Seattle
8075,4/12/2020,1.52,1.448613153,SouthCarolina
8130,4/12/2020,1.35,1.471625762,SouthCentral
8111,4/12/2020,1.84,1.504509252,Spokane
7969,4/12/2020,2.1,1.571730223,StLouis
8038,4/12/2020,1.66,1.52739494,Syracuse
8053,4/12/2020,1.19,1.46855384,Tampa
8032,4/12/2020,1.72,1.486379158,WestTex/NewMexico
8083,4/19/2020,1.63,1.474666361,Albany
8045,4/19/2020,1.51,1.534540656,Atlanta
7994,4/19/2020,1.56,1.537204719,Baltimore/Washington
8020,4/19/2020,1.7,1.462052661,Boise
8108,4/19/2020,1.9,1.484359713,Boston
8103,4/19/2020,1.53,1.492751381,Buffalo/Rochester
8101,4/19/2020,1.64,1.521321065,Charlotte
8001,4/19/2020,1.76,1.532857473,Chicago
8137,4/19/2020,1.65,1.49328836,Cincinnati/Dayton
7980,4/19/2020,1.3,1.555191537,Columbus
8148,4/19/2020,1.18,1.470696139,Dallas/FtWorth
8011,4/19/2020,1.38,1.521912799,Denver
8105,4/19/2020,1.5,1.524545863,Detroit
8157,4/19/2020,1.62,1.477102778,GrandRapids
8058,4/19/2020,1.58,1.383793777,GreatLakes
8133,4/19/2020,1.38,1.516405599,Harrisburg/Scranton
8085,4/19/2020,2.05,1.51385186,Hartford/Springfield
8126,4/19/2020,1.23,1.557189259,Houston
7976,4/19/2020,1.51,1.496478905,Indianapolis
8096,4/19/2020,1.53,1.492203826,Jacksonville
7983,4/19/2020,1.42,1.53100262,LasVegas
8080,4/19/2020,1.59,1.575403642,LosAngeles
8008,4/19/2020,1.22,1.538430982,Louisville
7981,4/19/2020,1.28,1.534293402,Miami/FtLauderdale
8019,4/19/2020,1.47,1.496516819,Nashville
8124,4/19/2020,1.4,1.534508356,NewOrleans/Mobile
8023,4/19/2020,1.84,1.574014577,NewYork
8070,4/19/2020,1.74,1.477708017,NorthernNewEngland
8123,4/19/2020,1.2,1.492630073,Orlando
8025,4/19/2020,1.73,1.5398089,Philadelphia
8051,4/19/2020,1.49,1.518370776,Phoenix/Tucson
7975,4/19/2020,1.13,1.457774083,Pittsburgh
8150,4/19/2020,1.65,1.559999445,Plains
8068,4/19/2020,1.84,1.488021905,Portland
8084,4/19/2020,1.53,1.487678808,Raleigh/Greensboro
8119,4/19/2020,1.33,1.576901161,Richmond/Norfolk
8079,4/19/2020,1.28,1.522023611,Roanoke
8026,4/19/2020,1.89,1.530432609,Sacramento
8043,4/19/2020,1.75,1.552322121,SanDiego
7984,4/19/2020,1.96,1.548601838,SanFrancisco
7977,4/19/2020,2.02,1.511621285,Seattle
8131,4/19/2020,1.52,1.470292348,SouthCarolina
8147,4/19/2020,1.28,1.542079261,SouthCentral
8046,4/19/2020,1.89,1.457385262,Spokane
8069,4/19/2020,2.12,1.492538624,StLouis
8100,4/19/2020,1.67,1.467243288,Syracuse
8078,4/19/2020,1.19,1.524329607,Tampa
8059,4/19/2020,1.63,1.476927283,WestTex/NewMexico
8081,4/26/2020,1.59,1.394268432,Albany
8082,4/26/2020,1.65,1.50112694,Atlanta
8110,4/26/2020,1.48,1.531541958,Baltimore/Washington
8076,4/26/2020,1.55,1.4580909,Boise
8010,4/26/2020,2.01,1.504715663,Boston
8118,4/26/2020,1.38,1.528533984,Buffalo/Rochester
8134,4/26/2020,1.6,1.531827288,Charlotte
8086,4/26/2020,1.66,1.566969097,Chicago
8097,4/26/2020,1.7,1.508837297,Cincinnati/Dayton
8125,4/26/2020,1.34,1.504471013,Columbus
8028,4/26/2020,1.2,1.548892538,Dallas/FtWorth
8005,4/26/2020,1.43,1.493648786,Denver
8002,4/26/2020,1.61,1.468558477,Detroit
7990,4/26/2020,1.53,1.53050144,GrandRapids
7991,4/26/2020,1.56,1.557481505,GreatLakes
8141,4/26/2020,1.3,1.527336279,Harrisburg/Scranton
8014,4/26/2020,2.1,1.588159316,Hartford/Springfield
8054,4/26/2020,1.24,1.503992207,Houston
7982,4/26/2020,1.52,1.503935906,Indianapolis
8140,4/26/2020,1.42,1.486217658,Jacksonville
8155,4/26/2020,1.49,1.519563844,LasVegas
7971,4/26/2020,1.53,1.479313419,LosAngeles
8102,4/26/2020,1.35,1.506042732,Louisville
8050,4/26/2020,1.3,1.466282097,Miami/FtLauderdale
7998,4/26/2020,1.58,1.552420404,Nashville
8152,4/26/2020,1.37,1.409090008,NewOrleans/Mobile
8074,4/26/2020,1.85,1.509518202,NewYork
8120,4/26/2020,1.7,1.555756829,NorthernNewEngland
8027,4/26/2020,1.22,1.532216028,Orlando
8138,4/26/2020,1.65,1.542649027,Philadelphia
8136,4/26/2020,1.54,1.570854867,Phoenix/Tucson
8154,4/26/2020,1.09,1.543744544,Pittsburgh
8128,4/26/2020,1.71,1.449245241,Plains
8088,4/26/2020,1.85,1.516714524,Portland
8000,4/26/2020,1.55,1.494268264,Raleigh/Greensboro
8135,4/26/2020,1.42,1.523871386,Richmond/Norfolk
7967,4/26/2020,1.35,1.455843646,Roanoke
8024,4/26/2020,1.9,1.438702406,Sacramento
8095,4/26/2020,1.79,1.487094966,SanDiego
8146,4/26/2020,1.91,1.526378098,SanFrancisco
8090,4/26/2020,2.09,1.477028902,Seattle
8091,4/26/2020,1.52,1.55321684,SouthCarolina
8129,4/26/2020,1.32,1.54278018,SouthCentral
8109,4/26/2020,1.88,1.506060224,Spokane
8036,4/26/2020,2.21,1.519100904,StLouis
7988,4/26/2020,1.68,1.490291045,Syracuse
7993,4/26/2020,1.2,1.48337387,Tampa
8063,4/26/2020,1.73,1.567313007,WestTex/NewMexico
8293,5/3/2020,1.59,1.575128563,Albany
8232,5/3/2020,1.5,1.578674979,Atlanta
8201,5/3/2020,1.46,1.570150693,Baltimore/Washington
8327,5/3/2020,1.52,1.561929801,Boise
8193,5/3/2020,2.1,1.556289576,Boston
8168,5/3/2020,1.22,1.61330015,Buffalo/Rochester
8278,5/3/2020,1.37,1.5480996,Charlotte
8371,5/3/2020,1.72,1.58874983,Chicago
8212,5/3/2020,1.49,1.531256139,Cincinnati/Dayton
8180,5/3/2020,1.33,1.559639263,Columbus
8304,5/3/2020,1.17,1.612030684,Dallas/FtWorth
8281,5/3/2020,1.36,1.586258983,Denver
8216,5/3/2020,1.45,1.595278672,Detroit
8214,5/3/2020,1.54,1.584791242,GrandRapids
8355,5/3/2020,1.51,1.571077388,GreatLakes
8248,5/3/2020,1.24,1.565915318,Harrisburg/Scranton
8254,5/3/2020,2.17,1.577992203,Hartford/Springfield
8225,5/3/2020,1.21,1.539586217,Houston
8251,5/3/2020,1.35,1.641226029,Indianapolis
8330,5/3/2020,1.3,1.66959703,Jacksonville
8307,5/3/2020,1.5,1.578829645,LasVegas
8276,5/3/2020,1.73,1.634472958,LosAngeles
8182,5/3/2020,1.29,1.563253696,Louisville
8237,5/3/2020,1.3,1.611233597,Miami/FtLauderdale
8367,5/3/2020,1.5,1.617316747,Nashville
8347,5/3/2020,1.35,1.552423333,NewOrleans/Mobile
8308,5/3/2020,2,1.609548543,NewYork
8352,5/3/2020,1.77,1.536729656,NorthernNewEngland
8299,5/3/2020,1.2,1.572763093,Orlando
8344,5/3/2020,1.71,1.547789373,Philadelphia
8290,5/3/2020,1.5,1.535120185,Phoenix/Tucson
8273,5/3/2020,1.11,1.529501522,Pittsburgh
8219,5/3/2020,1.61,1.581266713,Plains
8279,5/3/2020,1.69,1.535532113,Portland
8335,5/3/2020,1.25,1.546400715,Raleigh/Greensboro
8287,5/3/2020,1.29,1.493992127,Richmond/Norfolk
8361,5/3/2020,1.27,1.550610299,Roanoke
8333,5/3/2020,1.96,1.558403643,Sacramento
8325,5/3/2020,1.93,1.53971859,SanDiego
8321,5/3/2020,2.26,1.600548788,SanFrancisco
8316,5/3/2020,1.72,1.509019463,Seattle
8177,5/3/2020,1.38,1.619098945,SouthCarolina
8339,5/3/2020,1.28,1.55505656,SouthCentral
8312,5/3/2020,1.8,1.585476866,Spokane
8226,5/3/2020,2.02,1.526032154,StLouis
8332,5/3/2020,1.62,1.545815327,Syracuse
8338,5/3/2020,1.22,1.570947455,Tampa
8188,5/3/2020,1.68,1.532540656,WestTex/NewMexico
8217,5/10/2020,1.52,1.594464173,Albany
8277,5/10/2020,1.52,1.501006283,Atlanta
8245,5/10/2020,1.56,1.558207158,Baltimore/Washington
8346,5/10/2020,1.66,1.598074945,Boise
8305,5/10/2020,2.11,1.531343357,Boston
8204,5/10/2020,1.11,1.563105132,Buffalo/Rochester
8296,5/10/2020,1.57,1.596192348,Charlotte
8194,5/10/2020,1.64,1.57134425,Chicago
8349,5/10/2020,1.5,1.569327896,Cincinnati/Dayton
8320,5/10/2020,1.26,1.550432283,Columbus
8348,5/10/2020,1.18,1.54867376,Dallas/FtWorth
8393,5/10/2020,1.38,1.54173714,Denver
8170,5/10/2020,1.52,1.549769521,Detroit
8250,5/10/2020,1.56,1.619529179,GrandRapids
8388,5/10/2020,1.5,1.542977316,GreatLakes
8288,5/10/2020,1.28,1.599997815,Harrisburg/Scranton
8313,5/10/2020,2.12,1.556827612,Hartford/Springfield
8242,5/10/2020,1.26,1.531965275,Houston
8362,5/10/2020,1.41,1.650554643,Indianapolis
8160,5/10/2020,1.28,1.588340506,Jacksonville
8379,5/10/2020,1.49,1.484838844,LasVegas
8378,5/10/2020,1.47,1.580265492,LosAngeles
8265,5/10/2020,1.25,1.585369714,Louisville
8215,5/10/2020,1.23,1.606812476,Miami/FtLauderdale
8353,5/10/2020,1.55,1.567358,Nashville
8356,5/10/2020,1.32,1.548993262,NewOrleans/Mobile
8210,5/10/2020,1.98,1.564973491,NewYork
8271,5/10/2020,1.77,1.553966169,NorthernNewEngland
8259,5/10/2020,1.21,1.581130678,Orlando
8239,5/10/2020,1.79,1.648604842,Philadelphia
8247,5/10/2020,1.42,1.560263703,Phoenix/Tucson
8229,5/10/2020,1.07,1.579388346,Pittsburgh
8164,5/10/2020,1.54,1.559722169,Plains
8291,5/10/2020,1.68,1.538264518,Portland
8191,5/10/2020,1.48,1.544061443,Raleigh/Greensboro
8275,5/10/2020,1.43,1.634192183,Richmond/Norfolk
8382,5/10/2020,1.32,1.614794983,Roanoke
8366,5/10/2020,1.97,1.571595897,Sacramento
8289,5/10/2020,1.67,1.608068354,SanDiego
8174,5/10/2020,2.15,1.597578728,SanFrancisco
8243,5/10/2020,1.73,1.556386395,Seattle
8380,5/10/2020,1.5,1.636096748,SouthCarolina
8292,5/10/2020,1.3,1.589447495,SouthCentral
8230,5/10/2020,1.85,1.595726154,Spokane
8310,5/10/2020,2.06,1.531966903,StLouis
8364,5/10/2020,1.51,1.555186167,Syracuse
8280,5/10/2020,1.2,1.573420159,Tampa
8374,5/10/2020,1.59,1.631074699,WestTex/NewMexico
8197,5/17/2020,1.57,1.585289656,Albany
8317,5/17/2020,1.49,1.549958766,Atlanta
8392,5/17/2020,1.61,1.586522021,Baltimore/Washington
8252,5/17/2020,1.79,1.574887411,Boise
8165,5/17/2020,2.04,1.592901241,Boston
8370,5/17/2020,1.14,1.531948027,Buffalo/Rochester
8270,5/17/2020,1.57,1.55952308,Charlotte
8384,5/17/2020,1.58,1.549335383,Chicago
8261,5/17/2020,1.63,1.573859342,Cincinnati/Dayton
8298,5/17/2020,1.28,1.535715743,Columbus
8169,5/17/2020,1.22,1.585251823,Dallas/FtWorth
8253,5/17/2020,1.4,1.536379806,Denver
8268,5/17/2020,1.57,1.542998958,Detroit
8301,5/17/2020,1.61,1.571618922,GrandRapids
8166,5/17/2020,1.51,1.578141174,GreatLakes
8184,5/17/2020,1.28,1.587533981,Harrisburg/Scranton
8282,5/17/2020,2.03,1.571427481,Hartford/Springfield
8233,5/17/2020,1.29,1.524732423,Houston
8258,5/17/2020,1.5,1.590911493,Indianapolis
8200,5/17/2020,1.29,1.569979837,Jacksonville
8236,5/17/2020,1.47,1.571605742,LasVegas
8342,5/17/2020,1.59,1.647761624,LosAngeles
8263,5/17/2020,1.24,1.562826229,Louisville
8199,5/17/2020,1.24,1.609965678,Miami/FtLauderdale
8211,5/17/2020,1.54,1.574034592,Nashville
8163,5/17/2020,1.37,1.5254117,NewOrleans/Mobile
8192,5/17/2020,1.79,1.59660216,NewYork
8337,5/17/2020,1.75,1.589341808,NorthernNewEngland
8203,5/17/2020,1.19,1.531897177,Orlando
8171,5/17/2020,1.74,1.630883909,Philadelphia
8297,5/17/2020,1.42,1.569930939,Phoenix/Tucson
8175,5/17/2020,1.1,1.640354171,Pittsburgh
8205,5/17/2020,1.53,1.614491184,Plains
8196,5/17/2020,1.89,1.569292993,Portland
8354,5/17/2020,1.46,1.552427238,Raleigh/Greensboro
8285,5/17/2020,1.41,1.54015159,Richmond/Norfolk
8341,5/17/2020,1.27,1.579009289,Roanoke
8357,5/17/2020,1.87,1.581046389,Sacramento
8315,5/17/2020,1.81,1.575812722,SanDiego
8176,5/17/2020,1.95,1.571531216,SanFrancisco
8266,5/17/2020,2.07,1.572615179,Seattle
8369,5/17/2020,1.49,1.57372526,SouthCarolina
8324,5/17/2020,1.33,1.569408443,SouthCentral
8181,5/17/2020,1.85,1.57136939,Spokane
8241,5/17/2020,2.02,1.554405189,StLouis
8262,5/17/2020,1.63,1.603809547,Syracuse
8158,5/17/2020,1.19,1.541291774,Tampa
8195,5/17/2020,1.58,1.537246701,WestTex/NewMexico
8207,5/24/2020,1.64,1.577276964,Albany
8178,5/24/2020,1.49,1.520117013,Atlanta
8189,5/24/2020,1.38,1.568619248,Baltimore/Washington
8351,5/24/2020,1.78,1.599360927,Boise
8306,5/24/2020,2.03,1.601650163,Boston
8218,5/24/2020,1.2,1.552921909,Buffalo/Rochester
8334,5/24/2020,1.54,1.584992691,Charlotte
8221,5/24/2020,1.55,1.625368004,Chicago
8223,5/24/2020,1.62,1.614602485,Cincinnati/Dayton
8300,5/24/2020,1.3,1.555309672,Columbus
8331,5/24/2020,1.2,1.56756197,Dallas/FtWorth
8235,5/24/2020,1.35,1.617396806,Denver
8385,5/24/2020,1.5,1.498204884,Detroit
8381,5/24/2020,1.53,1.550119615,GrandRapids
8302,5/24/2020,1.48,1.611056069,GreatLakes
8231,5/24/2020,1.28,1.584294294,Harrisburg/Scranton
8198,5/24/2020,2.11,1.524438793,Hartford/Springfield
8162,5/24/2020,1.28,1.595580274,Houston
8391,5/24/2020,1.53,1.574151588,Indianapolis
8365,5/24/2020,1.31,1.588340099,Jacksonville
8167,5/24/2020,1.5,1.514299017,LasVegas
8283,5/24/2020,1.69,1.61165724,LosAngeles
8343,5/24/2020,1.2,1.461731287,Louisville
8260,5/24/2020,1.34,1.591523078,Miami/FtLauderdale
8272,5/24/2020,1.43,1.598696538,Nashville
8269,5/24/2020,1.37,1.612148413,NewOrleans/Mobile
8319,5/24/2020,1.83,1.564543339,NewYork
8323,5/24/2020,1.78,1.549449124,NorthernNewEngland
8179,5/24/2020,1.18,1.525312278,Orlando
8185,5/24/2020,1.75,1.578224812,Philadelphia
8284,5/24/2020,1.47,1.47003053,Phoenix/Tucson
8209,5/24/2020,1.15,1.58487602,Pittsburgh
8314,5/24/2020,1.43,1.641224239,Plains
8264,5/24/2020,1.85,1.551318948,Portland
8397,5/24/2020,1.5,1.544808656,Raleigh/Greensboro
8222,5/24/2020,1.42,1.49791817,Richmond/Norfolk
8238,5/24/2020,1.26,1.560563842,Roanoke
8257,5/24/2020,1.91,1.551616564,Sacramento
8294,5/24/2020,1.98,1.528401855,SanDiego
8220,5/24/2020,2.01,1.563672051,SanFrancisco
8240,5/24/2020,1.97,1.588506481,Seattle
8309,5/24/2020,1.49,1.527706631,SouthCarolina
8383,5/24/2020,1.31,1.680787006,SouthCentral
8318,5/24/2020,1.99,1.527687593,Spokane
8202,5/24/2020,2.03,1.532110504,StLouis
8246,5/24/2020,1.67,1.562329361,Syracuse
8255,5/24/2020,1.23,1.609082837,Tampa
8227,5/24/2020,1.61,1.52873885,WestTex/NewMexico
8386,5/31/2020,1.57,1.59788985,Albany
8190,5/31/2020,1.61,1.534251338,Atlanta
8244,5/31/2020,1.63,1.555195524,Baltimore/Washington
8376,5/31/2020,1.76,1.594640725,Boise
8173,5/31/2020,2.02,1.599039716,Boston
8186,5/31/2020,1.17,1.553167292,Buffalo/Rochester
8389,5/31/2020,1.57,1.539371589,Charlotte
8387,5/31/2020,1.76,1.546958684,Chicago
8234,5/31/2020,1.55,1.529743813,Cincinnati/Dayton
8295,5/31/2020,1.29,1.513254838,Columbus
8390,5/31/2020,1.26,1.564507784,Dallas/FtWorth
8345,5/31/2020,1.46,1.558535773,Denver
8249,5/31/2020,1.46,1.578979185,Detroit
8359,5/31/2020,1.57,1.581228066,GrandRapids
8187,5/31/2020,1.5,1.611730546,GreatLakes
8172,5/31/2020,1.25,1.556830134,Harrisburg/Scranton
8274,5/31/2020,2.16,1.565542118,Hartford/Springfield
8360,5/31/2020,1.24,1.630545532,Houston
8350,5/31/2020,1.47,1.620501516,Indianapolis
8159,5/31/2020,1.35,1.551057618,Jacksonville
8373,5/31/2020,1.48,1.59429291,LasVegas
8286,5/31/2020,1.64,1.614539837,LosAngeles
8326,5/31/2020,1.2,1.520472802,Louisville
8208,5/31/2020,1.37,1.526408283,Miami/FtLauderdale
8396,5/31/2020,1.42,1.626621116,Nashville
8377,5/31/2020,1.42,1.551010511,NewOrleans/Mobile
8363,5/31/2020,1.86,1.610312761,NewYork
8375,5/31/2020,1.77,1.604023932,NorthernNewEngland
8336,5/31/2020,1.18,1.554478088,Orlando
8206,5/31/2020,1.78,1.572933298,Philadelphia
8256,5/31/2020,1.44,1.553127019,Phoenix/Tucson
8161,5/31/2020,1.18,1.597477272,Pittsburgh
8183,5/31/2020,1.51,1.547399006,Plains
8328,5/31/2020,1.83,1.526508356,Portland
8311,5/31/2020,1.53,1.553212203,Raleigh/Greensboro
8395,5/31/2020,1.44,1.637855189,Richmond/Norfolk
8329,5/31/2020,1.29,1.596725177,Roanoke
8303,5/31/2020,1.89,1.512753333,Sacramento
8224,5/31/2020,1.88,1.602666272,SanDiego
8394,5/31/2020,1.97,1.605998791,SanFrancisco
8228,5/31/2020,1.98,1.569064289,Seattle
8267,5/31/2020,1.56,1.554388836,SouthCarolina
8358,5/31/2020,1.33,1.587080641,SouthCentral
8213,5/31/2020,1.91,1.597240188,Spokane
8322,5/31/2020,2.03,1.610603949,StLouis
8340,5/31/2020,1.66,1.528975934,Syracuse
8368,5/31/2020,1.21,1.523553104,Tampa
8372,5/31/2020,1.61,1.537267691,WestTex/NewMexico
8499,6/7/2020,1.65,1.547976177,Albany
8539,6/7/2020,1.61,1.599718831,Atlanta
8457,6/7/2020,1.65,1.616652765,Baltimore/Washington
8498,6/7/2020,1.79,1.490046313,Boise
8475,6/7/2020,2.02,1.528559043,Boston
8425,6/7/2020,1.19,1.625508513,Buffalo/Rochester
8464,6/7/2020,1.56,1.573058431,Charlotte
8436,6/7/2020,1.81,1.55831911,Chicago
8493,6/7/2020,1.47,1.539272248,Cincinnati/Dayton
8459,6/7/2020,1.27,1.580637878,Columbus
8412,6/7/2020,1.28,1.596324477,Dallas/FtWorth
8445,6/7/2020,1.33,1.547064778,Denver
8437,6/7/2020,1.44,1.531919225,Detroit
8524,6/7/2020,1.55,1.590420727,GrandRapids
8413,6/7/2020,1.5,1.562188852,GreatLakes
8586,6/7/2020,1.26,1.613028813,Harrisburg/Scranton
8456,6/7/2020,2.13,1.712668543,Hartford/Springfield
8426,6/7/2020,1.28,1.583062498,Houston
8491,6/7/2020,1.45,1.540522024,Indianapolis
8462,6/7/2020,1.26,1.676465958,Jacksonville
8536,6/7/2020,1.48,1.562905148,LasVegas
8568,6/7/2020,1.68,1.600337495,LosAngeles
8444,6/7/2020,1.25,1.57319593,Louisville
8581,6/7/2020,1.26,1.560836724,Miami/FtLauderdale
8421,6/7/2020,1.45,1.563493465,Nashville
8535,6/7/2020,1.42,1.582510224,NewOrleans/Mobile
8561,6/7/2020,1.86,1.645489473,NewYork
8448,6/7/2020,1.76,1.575393391,NorthernNewEngland
8463,6/7/2020,1.19,1.570304871,Orlando
8485,6/7/2020,1.78,1.647046629,Philadelphia
8549,6/7/2020,1.45,1.613564815,Phoenix/Tucson
8587,6/7/2020,1.19,1.581447333,Pittsburgh
8553,6/7/2020,1.51,1.586925568,Plains
8545,6/7/2020,1.83,1.537364673,Portland
8489,6/7/2020,1.49,1.689227897,Raleigh/Greensboro
8450,6/7/2020,1.42,1.543573606,Richmond/Norfolk
8405,6/7/2020,1.26,1.553497696,Roanoke
8460,6/7/2020,1.91,1.569546756,Sacramento
8504,6/7/2020,1.97,1.56343155,SanDiego
8502,6/7/2020,1.97,1.633059891,SanFrancisco
8469,6/7/2020,1.96,1.558958033,Seattle
8474,6/7/2020,1.53,1.586689542,SouthCarolina
8494,6/7/2020,1.36,1.597007498,SouthCentral
8468,6/7/2020,1.88,1.591715414,Spokane
8544,6/7/2020,2.09,1.575745925,StLouis
8406,6/7/2020,1.68,1.666651786,Syracuse
8482,6/7/2020,1.2,1.618267931,Tampa
8534,6/7/2020,1.67,1.616593372,WestTex/NewMexico
8570,6/14/2020,1.58,1.608000581,Albany
8490,6/14/2020,1.5,1.56635442,Atlanta
8542,6/14/2020,1.79,1.612035566,Baltimore/Washington
8503,6/14/2020,1.7,1.623856654,Boise
8529,6/14/2020,1.98,1.55085316,Boston
8530,6/14/2020,1.59,1.598587678,Buffalo/Rochester
8558,6/14/2020,1.55,1.556856902,Charlotte
8402,6/14/2020,1.76,1.555178601,Chicago
8432,6/14/2020,1.52,1.602285099,Cincinnati/Dayton
8407,6/14/2020,1.3,1.568001804,Columbus
8446,6/14/2020,1.24,1.57214394,Dallas/FtWorth
8554,6/14/2020,1.27,1.572879356,Denver
8410,6/14/2020,1.49,1.584066973,Detroit
8429,6/14/2020,1.54,1.593985124,GrandRapids
8483,6/14/2020,1.55,1.556160213,GreatLakes
8431,6/14/2020,1.45,1.574029954,Harrisburg/Scranton
8563,6/14/2020,2.08,1.574312763,Hartford/Springfield
8566,6/14/2020,1.31,1.656542601,Houston
8569,6/14/2020,1.48,1.473250447,Indianapolis
8525,6/14/2020,1.27,1.617556597,Jacksonville
8484,6/14/2020,1.5,1.551332453,LasVegas
8497,6/14/2020,1.73,1.624306902,LosAngeles
8420,6/14/2020,1.2,1.606420726,Louisville
8473,6/14/2020,1.23,1.609163221,Miami/FtLauderdale
8588,6/14/2020,1.36,1.566536016,Nashville
8520,6/14/2020,1.43,1.571873743,NewOrleans/Mobile
8471,6/14/2020,1.92,1.598242385,NewYork
8540,6/14/2020,1.73,1.522331886,NorthernNewEngland
8454,6/14/2020,1.19,1.593387044,Orlando
8589,6/14/2020,1.77,1.544345146,Philadelphia
8547,6/14/2020,1.47,1.649747955,Phoenix/Tucson
8417,6/14/2020,1.39,1.585287703,Pittsburgh
8442,6/14/2020,1.52,1.637064285,Plains
8516,6/14/2020,1.7,1.599017423,Portland
8521,6/14/2020,1.51,1.582542117,Raleigh/Greensboro
8532,6/14/2020,1.37,1.571061848,Richmond/Norfolk
8461,6/14/2020,1.2,1.600671316,Roanoke
8481,6/14/2020,1.84,1.587874148,Sacramento
8576,6/14/2020,1.85,1.667384436,SanDiego
8560,6/14/2020,1.96,1.592645688,SanFrancisco
8487,6/14/2020,1.92,1.59055904,Seattle
8477,6/14/2020,1.5,1.506139388,SouthCarolina
8574,6/14/2020,1.34,1.648185511,SouthCentral
8443,6/14/2020,1.73,1.584631532,Spokane
8557,6/14/2020,1.96,1.641048582,StLouis
8486,6/14/2020,1.63,1.56673958,Syracuse
8537,6/14/2020,1.2,1.626513964,Tampa
8538,6/14/2020,1.65,1.569133933,WestTex/NewMexico
8404,6/21/2020,1.54,1.662227736,Albany
8452,6/21/2020,1.49,1.610781559,Atlanta
8434,6/21/2020,1.8,1.613110255,Baltimore/Washington
8507,6/21/2020,1.72,1.570897256,Boise
8440,6/21/2020,1.94,1.598223021,Boston
8438,6/21/2020,1.74,1.59419845,Buffalo/Rochester
8531,6/21/2020,1.66,1.613946395,Charlotte
8492,6/21/2020,1.78,1.588008312,Chicago
8424,6/21/2020,1.56,1.581486711,Cincinnati/Dayton
8470,6/21/2020,1.38,1.548739174,Columbus
8409,6/21/2020,1.27,1.619840626,Dallas/FtWorth
8515,6/21/2020,1.31,1.638954448,Denver
8408,6/21/2020,1.48,1.591309019,Detroit
8514,6/21/2020,1.51,1.594748284,GrandRapids
8550,6/21/2020,1.56,1.547752761,GreatLakes
8451,6/21/2020,1.6,1.616342294,Harrisburg/Scranton
8522,6/21/2020,2.1,1.591104805,Hartford/Springfield
8528,6/21/2020,1.3,1.592814918,Houston
8578,6/21/2020,1.45,1.619742099,Indianapolis
8411,6/21/2020,1.29,1.625884886,Jacksonville
8573,6/21/2020,1.43,1.593251091,LasVegas
8479,6/21/2020,1.66,1.599802225,LosAngeles
8508,6/21/2020,1.36,1.568640157,Louisville
8453,6/21/2020,1.21,1.546408038,Miami/FtLauderdale
8449,6/21/2020,1.37,1.574301617,Nashville
8458,6/21/2020,1.4,1.54592313,NewOrleans/Mobile
8414,6/21/2020,1.89,1.525745115,NewYork
8523,6/21/2020,1.67,1.632679288,NorthernNewEngland
8552,6/21/2020,1.19,1.578153296,Orlando
8555,6/21/2020,1.74,1.593269478,Philadelphia
8506,6/21/2020,1.39,1.66459402,Phoenix/Tucson
8572,6/21/2020,1.46,1.608036705,Pittsburgh
8466,6/21/2020,1.49,1.589563515,Plains
8571,6/21/2020,1.65,1.552815652,Portland
8512,6/21/2020,1.58,1.624814102,Raleigh/Greensboro
8518,6/21/2020,1.39,1.652389481,Richmond/Norfolk
8488,6/21/2020,1.32,1.577390136,Roanoke
8541,6/21/2020,1.46,1.593537642,Sacramento
8526,6/21/2020,1.78,1.590337821,SanDiego
8546,6/21/2020,1.94,1.58316192,SanFrancisco
8480,6/21/2020,2.04,1.473453766,Seattle
8435,6/21/2020,1.49,1.568931671,SouthCarolina
8416,6/21/2020,1.32,1.672601342,SouthCentral
8551,6/21/2020,1.74,1.545338393,Spokane
8580,6/21/2020,1.95,1.592259308,StLouis
8465,6/21/2020,1.66,1.545229777,Syracuse
8427,6/21/2020,1.19,1.534226767,Tampa
8510,6/21/2020,1.44,1.583996189,WestTex/NewMexico
8562,6/28/2020,1.57,1.558301373,Albany
8519,6/28/2020,1.59,1.646803606,Atlanta
8509,6/28/2020,1.8,1.571153297,Baltimore/Washington
8423,6/28/2020,1.77,1.580696214,Boise
8511,6/28/2020,1.96,1.605895952,Boston
8441,6/28/2020,1.73,1.596423168,Buffalo/Rochester
8467,6/28/2020,1.59,1.592940294,Charlotte
8500,6/28/2020,1.85,1.5368041,Chicago
8495,6/28/2020,1.34,1.560363939,Cincinnati/Dayton
8400,6/28/2020,1.44,1.618076409,Columbus
8513,6/28/2020,1.25,1.594489558,Dallas/FtWorth
8583,6/28/2020,1.38,1.604292828,Denver
8517,6/28/2020,1.39,1.6048809,Detroit
8505,6/28/2020,1.58,1.523289741,GrandRapids
8564,6/28/2020,1.52,1.639144994,GreatLakes
8584,6/28/2020,1.58,1.64276081,Harrisburg/Scranton
8565,6/28/2020,1.96,1.577623234,Hartford/Springfield
8543,6/28/2020,1.26,1.568971538,Houston
8501,6/28/2020,1.38,1.571275744,Indianapolis
8533,6/28/2020,1.28,1.637868532,Jacksonville
8575,6/28/2020,1.47,1.57019772,LasVegas
8476,6/28/2020,1.58,1.577534226,LosAngeles
8559,6/28/2020,1.49,1.570601674,Louisville
8548,6/28/2020,1.22,1.566725504,Miami/FtLauderdale
8430,6/28/2020,1.43,1.635219764,Nashville
8439,6/28/2020,1.35,1.615405349,NewOrleans/Mobile
8428,6/28/2020,1.89,1.573044681,NewYork
8585,6/28/2020,1.72,1.627870159,NorthernNewEngland
8398,6/28/2020,1.18,1.565901731,Orlando
8582,6/28/2020,1.76,1.570173556,Philadelphia
8579,6/28/2020,1.37,1.608137348,Phoenix/Tucson
8496,6/28/2020,1.5,1.641536744,Pittsburgh
8472,6/28/2020,1.44,1.56172103,Plains
8418,6/28/2020,1.86,1.596117253,Portland
8399,6/28/2020,1.5,1.608922719,Raleigh/Greensboro
8403,6/28/2020,1.41,1.54265521,Richmond/Norfolk
8455,6/28/2020,1.46,1.586795229,Roanoke
8556,6/28/2020,1.79,1.585227171,Sacramento
8401,6/28/2020,1.58,1.612498018,SanDiego
8415,6/28/2020,2.03,1.570907263,SanFrancisco
8419,6/28/2020,2.07,1.63612083,Seattle
8422,6/28/2020,1.53,1.5227574,SouthCarolina
8527,6/28/2020,1.31,1.531835018,SouthCentral
8567,6/28/2020,1.95,1.550854543,Spokane
8447,6/28/2020,1.93,1.579091381,StLouis
8433,6/28/2020,1.64,1.624516974,Syracuse
8478,6/28/2020,1.19,1.552031176,Tampa
8577,6/28/2020,1.47,1.538251582,WestTex/NewMexico
8765,7/5/2020,1.53,1.66190978,Albany
8649,7/5/2020,1.64,1.741821987,Atlanta
8699,7/5/2020,1.8,1.613660739,Baltimore/Washington
8645,7/5/2020,1.82,1.692650808,Boise
8714,7/5/2020,1.95,1.636982924,Boston
8689,7/5/2020,1.73,1.626251333,Buffalo/Rochester
8635,7/5/2020,1.72,1.41310807,Charlotte
8698,7/5/2020,1.87,1.629269964,Chicago
8652,7/5/2020,1.46,1.603417879,Cincinnati/Dayton
8747,7/5/2020,1.44,1.623096341,Columbus
8660,7/5/2020,1.28,1.696822966,Dallas/FtWorth
8679,7/5/2020,1.35,1.620108302,Denver
8731,7/5/2020,1.44,1.718502812,Detroit
8730,7/5/2020,1.58,1.690583116,GrandRapids
8629,7/5/2020,1.56,1.632836964,GreatLakes
8664,7/5/2020,1.61,1.780843301,Harrisburg/Scranton
8763,7/5/2020,1.99,1.756870477,Hartford/Springfield
8611,7/5/2020,1.31,1.707288835,Houston
8661,7/5/2020,1.42,1.659968929,Indianapolis
8596,7/5/2020,1.22,1.620556272,Jacksonville
8650,7/5/2020,1.48,1.608730139,LasVegas
8623,7/5/2020,1.78,1.653407543,LosAngeles
8601,7/5/2020,1.5,1.646309748,Louisville
8620,7/5/2020,1.15,1.657676601,Miami/FtLauderdale
8656,7/5/2020,1.48,1.652336597,Nashville
8685,7/5/2020,1.31,1.659299333,NewOrleans/Mobile
8603,7/5/2020,1.91,1.649035564,NewYork
8709,7/5/2020,1.74,1.657332122,NorthernNewEngland
8761,7/5/2020,1.17,1.698462784,Orlando
8702,7/5/2020,1.75,1.619337494,Philadelphia
8743,7/5/2020,1.36,1.594686124,Phoenix/Tucson
8733,7/5/2020,1.49,1.659652844,Pittsburgh
8756,7/5/2020,1.45,1.57400278,Plains
8674,7/5/2020,1.85,1.780604427,Portland
8768,7/5/2020,1.52,1.687169481,Raleigh/Greensboro
8613,7/5/2020,1.47,1.676521527,Richmond/Norfolk
8673,7/5/2020,1.49,1.602171601,Roanoke
8683,7/5/2020,1.83,1.643026045,Sacramento
8618,7/5/2020,1.99,1.619469786,SanDiego
8737,7/5/2020,2.01,1.544090081,SanFrancisco
8634,7/5/2020,2.02,1.669397047,Seattle
8638,7/5/2020,1.51,1.604287214,SouthCarolina
8624,7/5/2020,1.32,1.548790106,SouthCentral
8626,7/5/2020,1.9,1.679315686,Spokane
8750,7/5/2020,2.02,1.660419258,StLouis
8640,7/5/2020,1.61,1.643131163,Syracuse
8718,7/5/2020,1.16,1.705416245,Tampa
8767,7/5/2020,1.47,1.656261826,WestTex/NewMexico
8678,7/12/2020,1.52,1.640246938,Albany
8775,7/12/2020,1.63,1.668400545,Atlanta
8703,7/12/2020,1.7,1.660716793,Baltimore/Washington
8617,7/12/2020,1.67,1.673203897,Boise
8780,7/12/2020,1.96,1.673654715,Boston
8676,7/12/2020,1.73,1.673473281,Buffalo/Rochester
8744,7/12/2020,1.68,1.641840869,Charlotte
8606,7/12/2020,1.79,1.59107698,Chicago
8668,7/12/2020,1.59,1.611985123,Cincinnati/Dayton
8708,7/12/2020,1.38,1.611838349,Columbus
8766,7/12/2020,1.23,1.629121726,Dallas/FtWorth
8642,7/12/2020,1.41,1.729084457,Denver
8594,7/12/2020,1.52,1.724410875,Detroit
8590,7/12/2020,1.63,1.577754224,GrandRapids
8647,7/12/2020,1.59,1.578843476,GreatLakes
8695,7/12/2020,1.62,1.620862512,Harrisburg/Scranton
8659,7/12/2020,2.05,1.763962902,Hartford/Springfield
8745,7/12/2020,1.28,1.62879962,Houston
8627,7/12/2020,1.54,1.572886272,Indianapolis
8633,7/12/2020,1.38,1.632832408,Jacksonville
8641,7/12/2020,1.46,1.661728346,LasVegas
8604,7/12/2020,1.74,1.657178676,LosAngeles
8776,7/12/2020,1.57,1.601804991,Louisville
8710,7/12/2020,1.46,1.666759426,Miami/FtLauderdale
8724,7/12/2020,1.58,1.708094791,Nashville
8639,7/12/2020,1.46,1.625607691,NewOrleans/Mobile
8592,7/12/2020,1.93,1.686923122,NewYork
8619,7/12/2020,1.7,1.609421702,NorthernNewEngland
8655,7/12/2020,1.32,1.639997325,Orlando
8772,7/12/2020,1.77,1.684344406,Philadelphia
8752,7/12/2020,1.37,1.685386387,Phoenix/Tucson
8749,7/12/2020,1.51,1.593117416,Pittsburgh
8726,7/12/2020,1.41,1.665923855,Plains
8651,7/12/2020,1.71,1.730396555,Portland
8764,7/12/2020,1.53,1.700181196,Raleigh/Greensboro
8723,7/12/2020,1.45,1.673429997,Richmond/Norfolk
8663,7/12/2020,1.56,1.67678245,Roanoke
8729,7/12/2020,1.65,1.625665376,Sacramento
8690,7/12/2020,1.98,1.680149304,SanDiego
8759,7/12/2020,2.01,1.650440738,SanFrancisco
8778,7/12/2020,2.09,1.66968311,Seattle
8757,7/12/2020,1.64,1.666420234,SouthCarolina
8608,7/12/2020,1.29,1.644231968,SouthCentral
8631,7/12/2020,1.79,1.684355959,Spokane
8680,7/12/2020,1.99,1.682623553,StLouis
8598,7/12/2020,1.65,1.626654066,Syracuse
8713,7/12/2020,1.16,1.670967789,Tampa
8625,7/12/2020,1.5,1.657436751,WestTex/NewMexico
8707,7/19/2020,1.58,1.73712953,Albany
8605,7/19/2020,1.54,1.561928987,Atlanta
8597,7/19/2020,1.7,1.666800106,Baltimore/Washington
8632,7/19/2020,1.69,1.626178841,Boise
8622,7/19/2020,1.88,1.644612002,Boston
8711,7/19/2020,1.76,1.664828501,Buffalo/Rochester
8595,7/19/2020,1.52,1.685980725,Charlotte
8646,7/19/2020,1.67,1.647455302,Chicago
8669,7/19/2020,1.63,1.698155893,Cincinnati/Dayton
8600,7/19/2020,1.44,1.659758775,Columbus
8696,7/19/2020,1.23,1.682624611,Dallas/FtWorth
8671,7/19/2020,1.36,1.668780661,Denver
8616,7/19/2020,1.51,1.695630631,Detroit
8687,7/19/2020,1.71,1.716623632,GrandRapids
8742,7/19/2020,1.56,1.689081449,GreatLakes
8670,7/19/2020,1.56,1.689826303,Harrisburg/Scranton
8591,7/19/2020,2.05,1.714020427,Hartford/Springfield
8740,7/19/2020,1.32,1.63177269,Houston
8779,7/19/2020,1.51,1.556945503,Indianapolis
8602,7/19/2020,0.96,1.643759183,Jacksonville
8681,7/19/2020,1.42,1.633116844,LasVegas
8736,7/19/2020,1.82,1.646112531,LosAngeles
8688,7/19/2020,1.24,1.707841109,Louisville
8722,7/19/2020,2.13,1.657683924,Miami/FtLauderdale
8748,7/19/2020,1.24,1.659230665,Nashville
8700,7/19/2020,1.4,1.641281679,NewOrleans/Mobile
8654,7/19/2020,1.86,1.660299659,NewYork
8704,7/19/2020,1.7,1.631969744,NorthernNewEngland
8665,7/19/2020,1.92,1.685046952,Orlando
8753,7/19/2020,1.71,1.63817225,Philadelphia
8697,7/19/2020,1.35,1.648225133,Phoenix/Tucson
8621,7/19/2020,1.43,1.66670467,Pittsburgh
8609,7/19/2020,1.31,1.651106429,Plains
8653,7/19/2020,1.71,1.694722975,Portland
8705,7/19/2020,1.58,1.64586609,Raleigh/Greensboro
8615,7/19/2020,1.35,1.722338464,Richmond/Norfolk
8658,7/19/2020,1.32,1.635076814,Roanoke
8741,7/19/2020,1.9,1.612461081,Sacramento
8637,7/19/2020,2.03,1.690287941,SanDiego
8719,7/19/2020,2.13,1.642542927,SanFrancisco
8738,7/19/2020,2.03,1.721276386,Seattle
8667,7/19/2020,1.31,1.669486543,SouthCarolina
8607,7/19/2020,1.29,1.598998304,SouthCentral
8628,7/19/2020,1.74,1.687756821,Spokane
8694,7/19/2020,1.77,1.635045084,StLouis
8715,7/19/2020,1.78,1.666886104,Syracuse
8657,7/19/2020,1.9,1.610850959,Tampa
8666,7/19/2020,1.53,1.653416167,WestTex/NewMexico
8739,7/26/2020,1.19,1.617228959,Albany
8754,7/26/2020,1.59,1.646371094,Atlanta
8758,7/26/2020,1.56,1.630569451,Baltimore/Washington
8599,7/26/2020,1.75,1.657388749,Boise
8630,7/26/2020,1.8,1.628728511,Boston
8771,7/26/2020,1.46,1.672254991,Buffalo/Rochester
8682,7/26/2020,1.7,1.718133355,Charlotte
8672,7/26/2020,1.6,1.688958839,Chicago
8643,7/26/2020,1.49,1.693343998,Cincinnati/Dayton
8773,7/26/2020,1.39,1.654323254,Columbus
8716,7/26/2020,1.16,1.655340746,Dallas/FtWorth
8762,7/26/2020,0.98,1.656264511,Denver
8610,7/26/2020,1.45,1.648746653,Detroit
8706,7/26/2020,1.66,1.655016851,GrandRapids
8746,7/26/2020,1.5,1.616790346,GreatLakes
8644,7/26/2020,1.32,1.711779926,Harrisburg/Scranton
8691,7/26/2020,1.9,1.612083975,Hartford/Springfield
8693,7/26/2020,1.22,1.795416077,Houston
8769,7/26/2020,1.43,1.672003995,Indianapolis
8636,7/26/2020,1.45,1.636000905,Jacksonville
8781,7/26/2020,1.39,1.665261826,LasVegas
8755,7/26/2020,1.58,1.621620872,LosAngeles
8727,7/26/2020,1.43,1.655456034,Louisville
8686,7/26/2020,2.62,1.64362803,Miami/FtLauderdale
8728,7/26/2020,1.35,1.659892043,Nashville
8725,7/26/2020,1.33,1.609470763,NewOrleans/Mobile
8712,7/26/2020,1.77,1.665390131,NewYork
8675,7/26/2020,1.57,1.548994157,NorthernNewEngland
8751,7/26/2020,2.22,1.636152398,Orlando
8770,7/26/2020,1.59,1.700738351,Philadelphia
8684,7/26/2020,1.26,1.702524374,Phoenix/Tucson
8662,7/26/2020,1.41,1.687373695,Pittsburgh
8777,7/26/2020,1.31,1.643671395,Plains
8717,7/26/2020,1.77,1.670424465,Portland
8720,7/26/2020,1.66,1.702971286,Raleigh/Greensboro
8593,7/26/2020,1.17,1.652938175,Richmond/Norfolk
8692,7/26/2020,1.35,1.711124406,Roanoke
8614,7/26/2020,1.87,1.717890657,Sacramento
8701,7/26/2020,1.61,1.640448061,SanDiego
8648,7/26/2020,2.09,1.618312353,SanFrancisco
8721,7/26/2020,2.18,1.684143771,Seattle
8735,7/26/2020,1.6,1.678539671,SouthCarolina
8734,7/26/2020,1.22,1.666255724,SouthCentral
8732,7/26/2020,1.87,1.686246041,Spokane
8677,7/26/2020,1.83,1.672810357,StLouis
8774,7/26/2020,1.21,1.671124896,Syracuse
8612,7/26/2020,2.28,1.622307472,Tampa
8760,7/26/2020,1.5,1.724639985,WestTex/NewMexico
8790,8/2/2020,1.25,1.689217402,Albany
8808,8/2/2020,1.59,1.582922884,Atlanta
8786,8/2/2020,1.82,1.659757148,Baltimore/Washington
8961,8/2/2020,1.82,1.687519411,Boise
8831,8/2/2020,1.91,1.657735832,Boston
8981,8/2/2020,1.36,1.755682128,Buffalo/Rochester
8855,8/2/2020,1.64,1.709439596,Charlotte
9007,8/2/2020,1.64,1.709683514,Chicago
8932,8/2/2020,1.45,1.685193726,Cincinnati/Dayton
8989,8/2/2020,1.32,1.693993986,Columbus
8985,8/2/2020,1.19,1.687981701,Dallas/FtWorth
8841,8/2/2020,0.95,1.746738674,Denver
8811,8/2/2020,1.41,1.759386953,Detroit
8899,8/2/2020,1.6,1.657022871,GrandRapids
8830,8/2/2020,1.51,1.700659513,GreatLakes
8896,8/2/2020,1.61,1.680919623,Harrisburg/Scranton
8857,8/2/2020,2.03,1.753210808,Hartford/Springfield
8867,8/2/2020,1.25,1.707039547,Houston
8992,8/2/2020,1.42,1.732285986,Indianapolis
8792,8/2/2020,1.57,1.662032634,Jacksonville
8783,8/2/2020,1.42,1.706421697,LasVegas
8809,8/2/2020,1.74,1.654058995,LosAngeles
8979,8/2/2020,1.44,1.72248174,Louisville
9015,8/2/2020,1.78,1.663973729,Miami/FtLauderdale
8974,8/2/2020,1.41,1.613825982,Nashville
8829,8/2/2020,1.33,1.728842328,NewOrleans/Mobile
8804,8/2/2020,1.85,1.763480029,NewYork
8836,8/2/2020,1.69,1.741902778,NorthernNewEngland
8872,8/2/2020,1.73,1.675432926,Orlando
8952,8/2/2020,1.71,1.651133928,Philadelphia
8887,8/2/2020,1.31,1.78833187,Phoenix/Tucson
9006,8/2/2020,1.5,1.706423161,Pittsburgh
8878,8/2/2020,1.28,1.729250757,Plains
8991,8/2/2020,1.76,1.636674243,Portland
8838,8/2/2020,1.57,1.698525838,Raleigh/Greensboro
8803,8/2/2020,1.45,1.674372394,Richmond/Norfolk
8944,8/2/2020,1.48,1.645772282,Roanoke
8980,8/2/2020,1.83,1.6908202,Sacramento
8888,8/2/2020,1.98,1.689334398,SanDiego
8910,8/2/2020,2.02,1.706982757,SanFrancisco
8919,8/2/2020,2.15,1.685518761,Seattle
8794,8/2/2020,1.6,1.6916539,SouthCarolina
9012,8/2/2020,1.25,1.63298504,SouthCentral
8845,8/2/2020,1.91,1.698647635,Spokane
8982,8/2/2020,1.93,1.715398996,StLouis
8812,8/2/2020,1.23,1.731973237,Syracuse
8844,8/2/2020,2,1.695823129,Tampa
8967,8/2/2020,1.32,1.647136858,WestTex/NewMexico
8895,8/9/2020,1.69,1.699583441,Albany
8797,8/9/2020,1.68,1.682710853,Atlanta
8972,8/9/2020,1.79,1.639896357,Baltimore/Washington
8805,8/9/2020,1.73,1.710505335,Boise
8798,8/9/2020,1.91,1.673654959,Boston
9013,8/9/2020,1.46,1.721302991,Buffalo/Rochester
8796,8/9/2020,1.65,1.76846937,Charlotte
8966,8/9/2020,1.69,1.74902555,Chicago
8863,8/9/2020,1.61,1.67668856,Cincinnati/Dayton
8909,8/9/2020,1.44,1.656450176,Columbus
8877,8/9/2020,1.24,1.682952005,Dallas/FtWorth
9008,8/9/2020,1.14,1.633393387,Denver
8947,8/9/2020,1.45,1.670210487,Detroit
8996,8/9/2020,1.6,1.606789289,GrandRapids
8800,8/9/2020,1.57,1.710187704,GreatLakes
8835,8/9/2020,1.63,1.754598978,Harrisburg/Scranton
8879,8/9/2020,2.05,1.704962662,Hartford/Springfield
8950,8/9/2020,1.31,1.654047117,Houston
8810,8/9/2020,1.49,1.618830782,Indianapolis
8875,8/9/2020,1.11,1.715078925,Jacksonville
8814,8/9/2020,1.4,1.649468482,LasVegas
8955,8/9/2020,1.6,1.699342371,LosAngeles
8850,8/9/2020,1.46,1.753929464,Louisville
8818,8/9/2020,1.68,1.735454239,Miami/FtLauderdale
8929,8/9/2020,1.44,1.787584087,Nashville
8851,8/9/2020,1.24,1.708124894,NewOrleans/Mobile
8948,8/9/2020,1.88,1.752560901,NewYork
8978,8/9/2020,1.75,1.624710042,NorthernNewEngland
8994,8/9/2020,1.1,1.65233741,Orlando
8853,8/9/2020,1.73,1.766902044,Philadelphia
8799,8/9/2020,1.31,1.731802787,Phoenix/Tucson
8939,8/9/2020,1.55,1.703979747,Pittsburgh
8916,8/9/2020,1.26,1.727648853,Plains
8852,8/9/2020,1.7,1.709226838,Portland
8833,8/9/2020,1.52,1.754845174,Raleigh/Greensboro
8925,8/9/2020,1.47,1.660257351,Richmond/Norfolk
8859,8/9/2020,1.43,1.659933212,Roanoke
8795,8/9/2020,1.81,1.67827525,Sacramento
8897,8/9/2020,1.6,1.729304943,SanDiego
8886,8/9/2020,2,1.665770816,SanFrancisco
8848,8/9/2020,2.08,1.642813694,Seattle
8816,8/9/2020,1.59,1.636481012,SouthCarolina
8917,8/9/2020,1.3,1.716653898,SouthCentral
8884,8/9/2020,1.65,1.757221222,Spokane
8843,8/9/2020,1.96,1.72772159,StLouis
9019,8/9/2020,1.44,1.673461646,Syracuse
8988,8/9/2020,1.17,1.804991132,Tampa
8856,8/9/2020,1.45,1.674286315,WestTex/NewMexico
8990,8/16/2020,1.79,1.698310396,Albany
8977,8/16/2020,1.73,1.644928412,Atlanta
8976,8/16/2020,1.76,1.783354,Baltimore/Washington
8791,8/16/2020,1.74,1.664699463,Boise
8935,8/16/2020,1.88,1.670809788,Boston
8862,8/16/2020,1.45,1.674002611,Buffalo/Rochester
8971,8/16/2020,1.66,1.653765691,Charlotte
8973,8/16/2020,1.72,1.694431705,Chicago
9001,8/16/2020,1.45,1.633081045,Cincinnati/Dayton
8881,8/16/2020,1.43,1.734205927,Columbus
8802,8/16/2020,1.23,1.698652923,Dallas/FtWorth
8784,8/16/2020,1.24,1.78685339,Denver
8891,8/16/2020,1.43,1.742848023,Detroit
8957,8/16/2020,1.61,1.727249944,GrandRapids
8823,8/16/2020,1.54,1.674571564,GreatLakes
8894,8/16/2020,1.61,1.679257025,Harrisburg/Scranton
9010,8/16/2020,1.98,1.679628842,Hartford/Springfield
8921,8/16/2020,1.32,1.655731682,Houston
8868,8/16/2020,1.4,1.667480278,Indianapolis
8870,8/16/2020,1.25,1.673879106,Jacksonville
8849,8/16/2020,1.43,1.707159553,LasVegas
8807,8/16/2020,1.72,1.679694906,LosAngeles
8898,8/16/2020,1.55,1.666449687,Louisville
8984,8/16/2020,1.55,1.71445066,Miami/FtLauderdale
9000,8/16/2020,1.55,1.656935083,Nashville
8908,8/16/2020,1.24,1.850896995,NewOrleans/Mobile
8889,8/16/2020,1.82,1.665092515,NewYork
8934,8/16/2020,1.73,1.766750226,NorthernNewEngland
8869,8/16/2020,1.43,1.702337896,Orlando
8861,8/16/2020,1.66,1.660302018,Philadelphia
8999,8/16/2020,1.32,1.731828741,Phoenix/Tucson
8822,8/16/2020,1.5,1.67706054,Pittsburgh
8946,8/16/2020,1.29,1.655612164,Plains
8905,8/16/2020,1.68,1.691288022,Portland
8936,8/16/2020,1.57,1.683550817,Raleigh/Greensboro
8842,8/16/2020,1.48,1.777233831,Richmond/Norfolk
8987,8/16/2020,1.48,1.711736154,Roanoke
8820,8/16/2020,1.82,1.704626887,Sacramento
9011,8/16/2020,1.97,1.709314708,SanDiego
8940,8/16/2020,1.99,1.725369381,SanFrancisco
8969,8/16/2020,2.1,1.68137996,Seattle
8815,8/16/2020,1.61,1.79142039,SouthCarolina
8837,8/16/2020,1.29,1.705469618,SouthCentral
8970,8/16/2020,1.7,1.645867067,Spokane
8937,8/16/2020,1.92,1.675454893,StLouis
8885,8/16/2020,1.4,1.701139132,Syracuse
8945,8/16/2020,1.45,1.834304855,Tampa
8874,8/16/2020,1.53,1.660524864,WestTex/NewMexico
8876,8/23/2020,1.76,1.733445696,Albany
9021,8/23/2020,1.62,1.689130834,Atlanta
8793,8/23/2020,1.72,1.727483041,Baltimore/Washington
8912,8/23/2020,1.79,1.717798313,Boise
8882,8/23/2020,1.89,1.659986991,Boston
8997,8/23/2020,1.51,1.790274185,Buffalo/Rochester
8931,8/23/2020,1.71,1.747570258,Charlotte
8785,8/23/2020,1.63,1.69484412,Chicago
8942,8/23/2020,1.47,1.742005048,Cincinnati/Dayton
8854,8/23/2020,1.42,1.717311209,Columbus
8915,8/23/2020,1.21,1.711693033,Dallas/FtWorth
8834,8/23/2020,1.26,1.72160435,Denver
9017,8/23/2020,1.43,1.71032862,Detroit
8975,8/23/2020,1.63,1.657776186,GrandRapids
8789,8/23/2020,1.5,1.650386471,GreatLakes
8824,8/23/2020,1.63,1.639692305,Harrisburg/Scranton
8832,8/23/2020,2.13,1.714133518,Hartford/Springfield
8968,8/23/2020,1.26,1.736884391,Houston
8827,8/23/2020,1.4,1.757061023,Indianapolis
8941,8/23/2020,1.44,1.737053865,Jacksonville
9002,8/23/2020,1.4,1.714966648,LasVegas
8813,8/23/2020,1.65,1.702148814,LosAngeles
9005,8/23/2020,1.57,1.684137181,Louisville
8825,8/23/2020,1.63,1.74080181,Miami/FtLauderdale
8806,8/23/2020,1.63,1.711180381,Nashville
8866,8/23/2020,1.24,1.822771051,NewOrleans/Mobile
8817,8/23/2020,1.71,1.689691407,NewYork
8953,8/23/2020,1.71,1.702949725,NorthernNewEngland
8900,8/23/2020,1.66,1.768764789,Orlando
8986,8/23/2020,1.59,1.714066802,Philadelphia
8819,8/23/2020,1.3,1.748019449,Phoenix/Tucson
8959,8/23/2020,1.51,1.728172814,Pittsburgh
8914,8/23/2020,1.26,1.632913687,Plains
8965,8/23/2020,1.74,1.721567087,Portland
8956,8/23/2020,1.55,1.622996594,Raleigh/Greensboro
8787,8/23/2020,1.51,1.687601748,Richmond/Norfolk
8907,8/23/2020,1.48,1.72001766,Roanoke
8933,8/23/2020,1.83,1.746434386,Sacramento
9009,8/23/2020,1.93,1.755777157,SanDiego
8928,8/23/2020,1.93,1.712239693,SanFrancisco
8858,8/23/2020,1.9,1.739387116,Seattle
8926,8/23/2020,1.71,1.769910262,SouthCarolina
8902,8/23/2020,1.25,1.676340419,SouthCentral
8846,8/23/2020,1.72,1.6889123,Spokane
8923,8/23/2020,1.79,1.692000414,StLouis
8911,8/23/2020,1.46,1.777332928,Syracuse
8938,8/23/2020,1.67,1.649785137,Tampa
8840,8/23/2020,1.47,1.66918372,WestTex/NewMexico
8949,8/30/2020,1.63,1.737010744,Albany
8847,8/30/2020,1.55,1.695216995,Atlanta
8924,8/30/2020,1.69,1.688581083,Baltimore/Washington
9018,8/30/2020,1.69,1.754982104,Boise
8903,8/30/2020,1.9,1.744117081,Boston
8864,8/30/2020,1.5,1.759141244,Buffalo/Rochester
8951,8/30/2020,1.62,1.681878292,Charlotte
8913,8/30/2020,1.62,1.706925073,Chicago
8958,8/30/2020,1.6,1.735178102,Cincinnati/Dayton
8893,8/30/2020,1.42,1.698538205,Columbus
8904,8/30/2020,1.2,1.698022299,Dallas/FtWorth
8927,8/30/2020,1.28,1.694446431,Denver
8906,8/30/2020,1.39,1.711415757,Detroit
8883,8/30/2020,1.67,1.727202999,GrandRapids
8860,8/30/2020,1.51,1.859949309,GreatLakes
8963,8/30/2020,1.62,1.675462948,Harrisburg/Scranton
8880,8/30/2020,2.18,1.753459852,Hartford/Springfield
8993,8/30/2020,1.26,1.733600118,Houston
8828,8/30/2020,1.41,1.755129529,Indianapolis
8782,8/30/2020,1.45,1.746092592,Jacksonville
8826,8/30/2020,1.34,1.742342287,LasVegas
8995,8/30/2020,1.71,1.711103008,LosAngeles
8901,8/30/2020,1.5,1.722018962,Louisville
9016,8/30/2020,1.56,1.731404691,Miami/FtLauderdale
8943,8/30/2020,1.55,1.760941423,Nashville
9003,8/30/2020,1.24,1.791499797,NewOrleans/Mobile
8954,8/30/2020,1.76,1.723126764,NewYork
8892,8/30/2020,1.75,1.708165167,NorthernNewEngland
9004,8/30/2020,1.3,1.675051427,Orlando
8960,8/30/2020,1.59,1.727993414,Philadelphia
8821,8/30/2020,1.3,1.716132867,Phoenix/Tucson
8801,8/30/2020,1.52,1.667906851,Pittsburgh
9020,8/30/2020,1.3,1.715585556,Plains
8871,8/30/2020,1.63,1.680690675,Portland
8922,8/30/2020,1.54,1.641015468,Raleigh/Greensboro
8890,8/30/2020,1.47,1.688533161,Richmond/Norfolk
8865,8/30/2020,1.48,1.698873979,Roanoke
8998,8/30/2020,1.81,1.7267342,Sacramento
8788,8/30/2020,1.99,1.765033197,SanDiego
8930,8/30/2020,1.97,1.674533732,SanFrancisco
8920,8/30/2020,1.95,1.681030924,Seattle
8873,8/30/2020,1.6,1.71320243,SouthCarolina
8983,8/30/2020,1.27,1.680132218,SouthCentral
8839,8/30/2020,1.69,1.716257429,Spokane
9014,8/30/2020,1.88,1.722031817,StLouis
8918,8/30/2020,1.47,1.747624281,Syracuse
8962,8/30/2020,1.35,1.698021567,Tampa
8964,8/30/2020,1.49,1.713571562,WestTex/NewMexico
9057,9/6/2020,1.66,1.621656263,Albany
9035,9/6/2020,1.7,1.632749909,Atlanta
9068,9/6/2020,1.69,1.651174934,Baltimore/Washington
9066,9/6/2020,1.76,1.650405753,Boise
9065,9/6/2020,1.93,1.670036946,Boston
9031,9/6/2020,1.54,1.659387609,Buffalo/Rochester
9069,9/6/2020,1.65,1.632395503,Charlotte
9060,9/6/2020,1.61,1.62963934,Chicago
9062,9/6/2020,1.63,1.668020755,Cincinnati/Dayton
9039,9/6/2020,1.46,1.697780578,Columbus
9024,9/6/2020,1.24,1.637642513,Dallas/FtWorth
9048,9/6/2020,1.28,1.620017015,Denver
9040,9/6/2020,1.38,1.657246856,Detroit
9027,9/6/2020,1.65,1.693148001,GrandRapids
9041,9/6/2020,1.51,1.660684656,GreatLakes
9036,9/6/2020,1.6,1.590896441,Harrisburg/Scranton
9038,9/6/2020,2.15,1.684419582,Hartford/Springfield
9047,9/6/2020,1.3,1.644588163,Houston
9061,9/6/2020,1.39,1.61014044,Indianapolis
9032,9/6/2020,1.49,1.674561638,Jacksonville
9058,9/6/2020,1.35,1.629246451,LasVegas
9053,9/6/2020,1.71,1.614248242,LosAngeles
9056,9/6/2020,1.52,1.658537557,Louisville
9055,9/6/2020,1.72,1.647955505,Miami/FtLauderdale
9043,9/6/2020,1.59,1.653236279,Nashville
9051,9/6/2020,1.44,1.616414217,NewOrleans/Mobile
9059,9/6/2020,1.8,1.72095786,NewYork
9037,9/6/2020,1.82,1.676239126,NorthernNewEngland
9049,9/6/2020,1.52,1.65519446,Orlando
9064,9/6/2020,1.59,1.708340987,Philadelphia
9022,9/6/2020,1.29,1.673894158,Phoenix/Tucson
9054,9/6/2020,1.55,1.535088292,Pittsburgh
9030,9/6/2020,1.37,1.62328347,Plains
9046,9/6/2020,1.61,1.773105526,Portland
9033,9/6/2020,1.51,1.660213417,Raleigh/Greensboro
9063,9/6/2020,1.43,1.69228729,Richmond/Norfolk
9045,9/6/2020,1.45,1.681081449,Roanoke
9028,9/6/2020,1.86,1.702116433,Sacramento
9050,9/6/2020,1.98,1.671453022,SanDiego
9044,9/6/2020,1.97,1.588945746,SanFrancisco
9023,9/6/2020,2.09,1.624721026,Seattle
9052,9/6/2020,1.62,1.638213581,SouthCarolina
9025,9/6/2020,1.3,1.65758141,SouthCentral
9034,9/6/2020,1.69,1.652541218,Spokane
9029,9/6/2020,1.8,1.686474338,StLouis
9042,9/6/2020,1.47,1.633180467,Syracuse
9067,9/6/2020,1.63,1.632777408,Tampa
9026,9/6/2020,1.56,1.632338225,WestTex/NewMexico
