year_month,geography,segment,variety,timeframe,period,date,units_prior_year,units_current_year,unit_variance,dollars_prior_year,dollars_current_year,dollar_variance,avg_price_prior_year,avg_price_current_year,avg_price_variance
2020-01-01,California,avocados,hass,last 04 wks,1,2020-01-26,29370491.67,28311217.04,-0.036065948,31421462.15,32580574.41,0.036889188999999996,1.069830989,1.1508009129999999,0.07568478099999999
2020-01-01,GreatLakes,avocados,hass,last 04 wks,1,2020-01-26,19014870.07,19696175.34,0.03583013,19467894.65,18625709.19,-0.043260223,1.023824753,0.945651065,-0.076354559
2020-01-01,Midsouth,avocados,hass,last 04 wks,1,2020-01-26,17984940.39,18155641.86,0.009491356,19227934.33,18535197.49,-0.036027627,1.0691130420000001,1.0209056570000001,-0.045091007999999995
2020-01-01,Northeast,avocados,hass,last 04 wks,1,2020-01-26,24394834.55,25000503.93,0.024827772,30086378.99,30089693.01,0.00011015,1.233309409,1.20356346,-0.024118805
2020-01-01,Plains,avocados,hass,last 04 wks,1,2020-01-26,9924781.46,9289036.12,-0.06405635700000001,10515116.45,9556103.56,-0.09120325900000001,1.059480906,1.028750824,-0.029004847
2020-01-01,SouthCentral,avocados,hass,last 04 wks,1,2020-01-26,32602631.47,31190787.75,-0.043304594,25576245.23,23493208.47,-0.081444197,0.7844840759999999,0.753209847,-0.039865983
2020-01-01,Southeast,avocados,hass,last 04 wks,1,2020-01-26,24333979.01,26813692.3,0.10190332199999999,24283644.32,24223711.27,-0.002468042,0.9979315059999999,0.9034082659999999,-0.094719166
2020-01-01,TotalUS,avocados,hass,last 04 wks,1,2020-01-26,190208128.3,192690835.6,0.013052582,193790991.3,189803849.8,-0.020574442,1.01883654,0.9850175240000001,-0.03319376
2020-01-01,West,avocados,hass,last 04 wks,1,2020-01-26,32581599.78,34233781.09,0.05070903,33212314.95,32699652.26,-0.015435922,1.019358017,0.955186696,-0.062952682
2020-01-01,Albany,avocados,hass,last 04 wks,1,2020-01-26,540678.15,608347.21,0.12515589900000001,619386.35,613600.07,-0.009341956,1.14557311,1.008634641,-0.119537084
2020-01-01,Atlanta,avocados,hass,last 04 wks,1,2020-01-26,3428614.16,3447096.06,0.005390486999999999,3206436.78,3142189.97,-0.020036823999999998,0.9351990720000001,0.91154697,-0.02529098
2020-01-01,Baltimore/Washington,avocados,hass,last 04 wks,1,2020-01-26,4115736.28,4389451.01,0.066504438,5237048.52,5290264.81,0.010161504,1.2724451140000002,1.205222429,-0.052829535999999996
2020-01-01,Boise,avocados,hass,last 04 wks,1,2020-01-26,466896.93,550799.39,0.179702317,551569.68,569747.19,0.032955963,1.181352124,1.0344005459999999,-0.12439269800000001
2020-01-01,Boston,avocados,hass,last 04 wks,1,2020-01-26,3176630.66,3138398.82,-0.012035343,4257055.35,3872170.06,-0.090411155,1.3401165590000002,1.233804332,-0.079330582
2020-01-01,Buffalo/Rochester,avocados,hass,last 04 wks,1,2020-01-26,856463.71,899936.91,0.050758952,993071.55,932382.03,-0.061112938,1.159502193,1.036052661,-0.106467701
2020-01-01,Charlotte,avocados,hass,last 04 wks,1,2020-01-26,1413539.62,1461905.22,0.034215949,1482895.03,1568391.78,0.057655295,1.049065063,1.072840947,0.022663878999999998
2020-01-01,Chicago,avocados,hass,last 04 wks,1,2020-01-26,3365060.32,3370124.36,0.0015048879999999998,4155927.94,4113182.48,-0.010285419,1.235023312,1.220483887,-0.011772591
2020-01-01,Cincinnati/Dayton,avocados,hass,last 04 wks,1,2020-01-26,1567537.28,1560837.19,-0.004274278,1282009.29,1268244.27,-0.010737067,0.817849315,0.812541038,-0.006490531999999999
2020-01-01,Columbus,avocados,hass,last 04 wks,1,2020-01-26,1077613.79,1114633.43,0.034353347,967698.51,882243.96,-0.08830699800000001,0.898001231,0.7915104070000001,-0.118586501
2020-01-01,Dallas/FtWorth,avocados,hass,last 04 wks,1,2020-01-26,7054710.03,6825167.17,-0.032537533,5078948.43,4772731.45,-0.060291414,0.719937235,0.699284183,-0.028687294
2020-01-01,Denver,avocados,hass,last 04 wks,1,2020-01-26,4179216.45,4535284.46,0.085199705,4569331.84,4343241.91,-0.049479867000000004,1.0933465390000001,0.957655898,-0.124105795
2020-01-01,Detroit,avocados,hass,last 04 wks,1,2020-01-26,2310452.43,2488574.36,0.077093961,2274526.02,2154206.08,-0.052898907,0.984450487,0.8656386220000001,-0.12068851300000001
2020-01-01,GrandRapids,avocados,hass,last 04 wks,1,2020-01-26,996671.45,910248.33,-0.08671174400000001,1204270.04,1066657.7,-0.114270334,1.2082919,1.171831537,-0.030175128
2020-01-01,Harrisburg/Scranton,avocados,hass,last 04 wks,1,2020-01-26,1557108.32,1651008.68,0.060304320999999994,1616401.3,1615289.08,-0.0006880839999999999,1.038078905,0.978364984,-0.05752349
2020-01-01,Hartford/Springfield,avocados,hass,last 04 wks,1,2020-01-26,1585921.58,1512510.72,-0.04628908599999999,2204301.85,2131146.07,-0.033187732000000005,1.3899185669999998,1.4090122090000001,0.013737237
2020-01-01,Houston,avocados,hass,last 04 wks,1,2020-01-26,6973982.7,5845656.07,-0.16179085599999998,4941271.31,4115862.02,-0.167043912,0.708529333,0.70408898,-0.0062669990000000005
2020-01-01,Indianapolis,avocados,hass,last 04 wks,1,2020-01-26,1142665.79,1253051.16,0.096603373,1015041.11,1007169.29,-0.007755174,0.8883097040000001,0.8037734790000001,-0.09516526199999999
2020-01-01,Jacksonville,avocados,hass,last 04 wks,1,2020-01-26,1068626.17,1224599.18,0.14595657,1102133.01,1110396.73,0.007497933000000001,1.031355062,0.906742997,-0.12082363300000001
2020-01-01,LasVegas,avocados,hass,last 04 wks,1,2020-01-26,1549970.36,1665969.33,0.074839476,1592310.85,1509844.1,-0.05179061,1.027316968,0.906285652,-0.11781302099999999
2020-01-01,LosAngeles,avocados,hass,last 04 wks,1,2020-01-26,14107883.64,13175548.48,-0.066086111,13471133.0,14203309.83,0.05435154,0.954865616,1.078005204,0.128960124
2020-01-01,Louisville,avocados,hass,last 04 wks,1,2020-01-26,579846.12,614038.51,0.058968041,585373.22,541063.26,-0.075695229,1.009532012,0.881155255,-0.127164622
2020-01-01,Miami/FTLauderdale,avocados,hass,last 04 wks,1,2020-01-26,4263645.87,5087971.24,0.193338142,4371303.45,4634723.1,0.060261122,1.025250122,0.9109177079999999,-0.11151660599999999
2020-01-01,Nashville,avocados,hass,last 04 wks,1,2020-01-26,1268485.39,1298599.84,0.023740478,1215126.49,1076145.63,-0.11437563199999999,0.9579349509999999,0.828696876,-0.134913206
2020-01-01,NewOrleans/Mobile,avocados,hass,last 04 wks,1,2020-01-26,1433115.36,1530332.29,0.06783608099999999,1462951.48,1295901.5,-0.114186959,1.020819064,0.846810532,-0.17045972
2020-01-01,NewYork,avocados,hass,last 04 wks,1,2020-01-26,8371742.33,8393223.32,0.002565892,10789717.82,11462097.88,0.062316742,1.288825838,1.3656371859999998,0.059597928
2020-01-01,NorthernNewEngland,avocados,hass,last 04 wks,1,2020-01-26,2587904.8,2916509.49,0.126977117,3057187.05,2905154.03,-0.049729708,1.181336752,0.99610649,-0.15679717199999998
2020-01-01,Orlando,avocados,hass,last 04 wks,1,2020-01-26,2452364.47,2876751.6,0.173052226,2451877.93,2546799.88,0.038713979,0.9998016040000001,0.885304063,-0.114520261
2020-01-01,Philadelphia,avocados,hass,last 04 wks,1,2020-01-26,2614648.79,2667331.29,0.020148978,2943265.86,3039568.91,0.032719793,1.125683064,1.1395543259999998,0.012322528999999999
2020-01-01,Phoenix/Tucson,avocados,hass,last 04 wks,1,2020-01-26,6216465.53,5864311.63,-0.056648573,4492269.24,4383709.73,-0.024165851000000002,0.722640417,0.747523325,0.03443332
2020-01-01,Pittsburgh,avocados,hass,last 04 wks,1,2020-01-26,614094.81,622354.57,0.013450301000000001,700392.88,673239.97,-0.038768113,1.1405289029999999,1.0817627159999998,-0.051525382
2020-01-01,Portland,avocados,hass,last 04 wks,1,2020-01-26,2995111.04,3425620.07,0.14373725199999998,3382631.33,3561322.09,0.052825964,1.129384282,1.039613856,-0.079486165
2020-01-01,Raleigh/Greensboro,avocados,hass,last 04 wks,1,2020-01-26,1833628.55,1813440.47,-0.011009907,1916897.21,1914452.16,-0.001275525,1.045411957,1.055701685,0.00984275
2020-01-01,Richmond/Norfolk,avocados,hass,last 04 wks,1,2020-01-26,1532256.08,1530212.6,-0.001333641,1439612.84,1384072.69,-0.038579921,0.9395380179999999,0.90449699,-0.037296019
2020-01-01,Roanoke,avocados,hass,last 04 wks,1,2020-01-26,951970.98,932146.48,-0.020824689,889537.83,803071.54,-0.097203612,0.9344169609999999,0.861529338,-0.078003317
2020-01-01,Sacramento,avocados,hass,last 04 wks,1,2020-01-26,2281890.07,2207941.31,-0.032406802,2662135.8,2707449.98,0.017021738999999998,1.166636305,1.2262327659999999,0.05108401
2020-01-01,SanDiego,avocados,hass,last 04 wks,1,2020-01-26,2548147.3,2544208.46,-0.001545766,2521798.23,2654103.49,0.052464649,0.989659519,1.043194193,0.054094032
2020-01-01,SanFrancisco,avocados,hass,last 04 wks,1,2020-01-26,4039188.11,3939543.52,-0.02466946,5516757.09,5555359.57,0.006997314,1.36580841,1.410153116,0.032467735
2020-01-01,Seattle,avocados,hass,last 04 wks,1,2020-01-26,2786932.92,3070954.03,0.101911714,3836627.75,3892045.55,0.014444404,1.376648761,1.267373432,-0.079377784
2020-01-01,SouthCarolina,avocados,hass,last 04 wks,1,2020-01-26,2266224.98,2238223.51,-0.012355996999999999,2316906.27,2184387.63,-0.057196375,1.02236375,0.9759470490000001,-0.045401357
2020-01-01,Spokane,avocados,hass,last 04 wks,1,2020-01-26,450220.57,486195.05,0.079904123,548475.03,519774.09,-0.052328617,1.218236275,1.069064957,-0.12244859300000001
2020-01-01,StLouis,avocados,hass,last 04 wks,1,2020-01-26,913357.15,877415.03,-0.03935166,1070474.37,1004425.77,-0.06170031,1.172021668,1.144755601,-0.023264132000000003
2020-01-01,Syracuse,avocados,hass,last 04 wks,1,2020-01-26,415503.68,440614.7,0.060435132999999995,471838.24,454676.66,-0.036371745,1.135581374,1.031914414,-0.09128976800000001
2020-01-01,Tampa,avocados,hass,last 04 wks,1,2020-01-26,2659930.99,3129819.36,0.17665434600000002,2702749.24,2751773.45,0.018138645,1.016097504,0.879211588,-0.134717304
2020-01-01,WestTex/NewMexico,avocados,hass,last 04 wks,1,2020-01-26,3943681.77,3995125.26,0.013044533999999998,3421342.59,3424547.05,0.0009366089999999999,0.8675503729999999,0.8571813970000001,-0.011952016000000001
2020-02-01,California,avocados,hass,last 04 wks,2,2020-02-23,32495863.75,33613163.66,0.034382835,29965157.93,35149134.31,0.173000135,0.9221222170000001,1.04569551,0.134009669
2020-02-01,GreatLakes,avocados,hass,last 04 wks,2,2020-02-23,19859615.6,20935384.39,0.05416866099999999,18535544.39,19061604.68,0.028381162,0.933328457,0.9104969999999999,-0.024462402999999997
2020-02-01,Midsouth,avocados,hass,last 04 wks,2,2020-02-23,18296574.26,19179079.56,0.048233363,18137141.03,19293572.14,0.063760386,0.99128617,1.00596966,0.014812563999999999
2020-02-01,Northeast,avocados,hass,last 04 wks,2,2020-02-23,25846958.65,25558749.9,-0.011150587,29960983.14,31246514.49,0.042906848,1.15916861,1.222536885,0.054667004000000005
2020-02-01,Plains,avocados,hass,last 04 wks,2,2020-02-23,10733104.87,10665680.62,-0.0062818959999999995,9914636.03,9875952.63,-0.003901646,0.9237435159999999,0.9259561559999999,0.0023952970000000002
2020-02-01,SouthCentral,avocados,hass,last 04 wks,2,2020-02-23,34041502.14,34147104.88,0.003102176,25049702.02,25020083.45,-0.001182392,0.7358577159999999,0.732714634,-0.004271318
2020-02-01,Southeast,avocados,hass,last 04 wks,2,2020-02-23,26142234.12,25872955.99,-0.010300502,24181972.01,24578227.16,0.016386387,0.9250155090000001,0.949958218,0.026964638
2020-02-01,TotalUS,avocados,hass,last 04 wks,2,2020-02-23,201786525.2,206247688.1,0.022108329,188091210.8,199173119.2,0.058917736,0.932129688,0.965698675,0.036013215
2020-02-01,West,avocados,hass,last 04 wks,2,2020-02-23,34370671.36,36275569.38,0.055422194,32346074.07,34948030.29,0.080441175,0.941095207,0.963404045,0.023705188
2020-02-01,Albany,avocados,hass,last 04 wks,2,2020-02-23,591660.96,599869.07,0.013872996,630650.25,668848.57,0.060569737,1.065898027,1.114990926,0.046057782
2020-02-01,Atlanta,avocados,hass,last 04 wks,2,2020-02-23,3389383.55,3490592.57,0.029860598,3002135.22,3234698.29,0.077465888,0.885746678,0.9266903040000001,0.046224984000000004
2020-02-01,Baltimore/Washington,avocados,hass,last 04 wks,2,2020-02-23,4219776.22,4607296.66,0.091834358,5005780.89,5513228.86,0.10137238900000001,1.186266908,1.196629882,0.008735786
2020-02-01,Boise,avocados,hass,last 04 wks,2,2020-02-23,489350.03,573724.62,0.172421753,535384.63,576768.87,0.077298147,1.094072948,1.005306117,-0.081134289
2020-02-01,Boston,avocados,hass,last 04 wks,2,2020-02-23,3412752.9,3203741.62,-0.061244188,3939714.01,4098493.82,0.04030237,1.154409395,1.279283509,0.108171429
2020-02-01,Buffalo/Rochester,avocados,hass,last 04 wks,2,2020-02-23,828978.24,851577.07,0.027261065,951410.67,911708.92,-0.041729351,1.147690764,1.07061234,-0.067159575
2020-02-01,Charlotte,avocados,hass,last 04 wks,2,2020-02-23,1391758.81,1551640.19,0.114877218,1430623.61,1573060.41,0.099562735,1.0279249529999999,1.013804889,-0.013736473999999999
2020-02-01,Chicago,avocados,hass,last 04 wks,2,2020-02-23,3924021.8,4070164.95,0.037243205,3834258.67,4090589.02,0.066852649,0.9771247120000001,1.0050179959999999,0.028546289
2020-02-01,Cincinnati/Dayton,avocados,hass,last 04 wks,2,2020-02-23,1409956.39,1565099.46,0.110033949,1159318.99,1390726.74,0.19960662399999998,0.8222374809999999,0.888586812,0.080693635
2020-02-01,Columbus,avocados,hass,last 04 wks,2,2020-02-23,1037495.25,1147746.71,0.106266954,917297.15,943893.28,0.028994017999999996,0.8841458790000001,0.822388138,-0.069850171
2020-02-01,Dallas/FtWorth,avocados,hass,last 04 wks,2,2020-02-23,7173485.6,7508718.8,0.046732261,4978355.82,5252033.61,0.05497352900000001,0.69399398,0.6994580229999999,0.00787333
2020-02-01,Denver,avocados,hass,last 04 wks,2,2020-02-23,4228190.18,4691391.12,0.10955064,4311230.78,4828447.05,0.119969516,1.01963975,1.0292143470000001,0.009390176
2020-02-01,Detroit,avocados,hass,last 04 wks,2,2020-02-23,2328835.22,2661036.0,0.142646752,2218855.99,2238597.15,0.008896999000000001,0.952775006,0.841250231,-0.11705258199999999
2020-02-01,GrandRapids,avocados,hass,last 04 wks,2,2020-02-23,1115014.66,973052.01,-0.127319088,1198422.47,1099417.77,-0.08261252,1.074804227,1.129865371,0.051228998
2020-02-01,Harrisburg/Scranton,avocados,hass,last 04 wks,2,2020-02-23,1608591.23,1708552.72,0.062142257,1656280.99,1746088.6,0.054222448,1.02964691,1.021969401,-0.007456449
2020-02-01,Hartford/Springfield,avocados,hass,last 04 wks,2,2020-02-23,1713760.34,1664772.33,-0.0285851,2122700.58,2294826.05,0.081087965,1.238621603,1.3784623930000002,0.11290033199999999
2020-02-01,Houston,avocados,hass,last 04 wks,2,2020-02-23,7119319.3,6356200.14,-0.107189905,4822842.07,4242484.8,-0.120335118,0.6774302240000001,0.6674561379999999,-0.014723413999999999
2020-02-01,Indianapolis,avocados,hass,last 04 wks,2,2020-02-23,1085387.26,1240608.45,0.143009961,947438.16,1005027.17,0.060783925,0.8729033359999999,0.8101082740000001,-0.071938162
2020-02-01,Jacksonville,avocados,hass,last 04 wks,2,2020-02-23,1188310.0,1135681.16,-0.044288814,1121921.1,1101392.84,-0.018297419,0.944131666,0.969808146,0.027195867999999998
2020-02-01,LasVegas,avocados,hass,last 04 wks,2,2020-02-23,1725227.07,1738081.69,0.0074509730000000005,1529955.73,1614977.54,0.055571418,0.886814122,0.9291724029999999,0.047764553
2020-02-01,LosAngeles,avocados,hass,last 04 wks,2,2020-02-23,16000743.64,15935310.16,-0.004089402,13174925.68,15592558.86,0.183502605,0.8233945859999999,0.9784910809999999,0.188362296
2020-02-01,Louisville,avocados,hass,last 04 wks,2,2020-02-23,637581.86,596513.03,-0.064413423,552066.78,543854.71,-0.014875138999999999,0.865875921,0.9117231020000001,0.052948904000000005
2020-02-01,Miami/FTLauderdale,avocados,hass,last 04 wks,2,2020-02-23,4814684.65,4728222.0,-0.017958113,4549639.41,4694386.27,0.031815018,0.9449506540000001,0.992843879,0.050683307000000004
2020-02-01,Nashville,avocados,hass,last 04 wks,2,2020-02-23,1252778.6,1320661.52,0.054185887,1120633.25,1122053.13,0.001267034,0.894518193,0.8496144640000001,-0.050198788
2020-02-01,NewOrleans/Mobile,avocados,hass,last 04 wks,2,2020-02-23,1640525.23,1608656.65,-0.01942584,1323934.2,1260455.23,-0.047947224000000004,0.807018494,0.7835452209999999,-0.029086413
2020-02-01,NewYork,avocados,hass,last 04 wks,2,2020-02-23,9057843.4,8931072.9,-0.01399566,11195794.23,11796856.79,0.05368646,1.236033097,1.3208778970000001,0.068642822
2020-02-01,NorthernNewEngland,avocados,hass,last 04 wks,2,2020-02-23,2738128.89,2668450.18,-0.025447564,2948398.87,2933572.48,-0.005028624000000001,1.07679331,1.099354413,0.02095212
2020-02-01,Orlando,avocados,hass,last 04 wks,2,2020-02-23,2664460.94,2657381.12,-0.00265713,2491358.05,2547841.84,0.022671887999999998,0.9350326790000001,0.9587792359999999,0.0253965
2020-02-01,Philadelphia,avocados,hass,last 04 wks,2,2020-02-23,2622053.23,2699048.53,0.029364507,2952195.34,3090435.06,0.046826075,1.125909767,1.145009075,0.016963445
2020-02-01,Phoenix/Tucson,avocados,hass,last 04 wks,2,2020-02-23,6367358.72,6439887.49,0.011390715,4291530.28,4695656.37,0.094168295,0.673989085,0.729151927,0.081845303
2020-02-01,Pittsburgh,avocados,hass,last 04 wks,2,2020-02-23,659431.75,594165.67,-0.098973214,692319.33,685503.88,-0.009844373,1.0498726059999999,1.153725155,0.09891919099999999
2020-02-01,Portland,avocados,hass,last 04 wks,2,2020-02-23,3215536.19,3493960.34,0.086587161,3526748.58,3689460.65,0.046136566,1.09678398,1.055953786,-0.037227197000000004
2020-02-01,Raleigh/Greensboro,avocados,hass,last 04 wks,2,2020-02-23,1821953.99,1996116.61,0.095591119,1796430.23,1981499.2,0.103020405,0.985990996,0.992677076,0.006781076
2020-02-01,Richmond/Norfolk,avocados,hass,last 04 wks,2,2020-02-23,1544221.06,1659903.68,0.074913251,1319786.33,1445589.85,0.09532112699999999,0.854661528,0.870887792,0.018985602
2020-02-01,Roanoke,avocados,hass,last 04 wks,2,2020-02-23,1031934.84,989671.96,-0.040954989,859407.35,858213.13,-0.0013895860000000002,0.832811643,0.867169289,0.041255002
2020-02-01,Sacramento,avocados,hass,last 04 wks,2,2020-02-23,2350805.44,2433669.49,0.035249217,2480836.18,2860232.05,0.152930642,1.055313272,1.175275468,0.113674489
2020-02-01,SanDiego,avocados,hass,last 04 wks,2,2020-02-23,2914337.29,3156532.33,0.08310467,2514700.56,3042348.72,0.209825443,0.862872176,0.96382625,0.116997716
2020-02-01,SanFrancisco,avocados,hass,last 04 wks,2,2020-02-23,4267344.98,4668833.49,0.09408391199999999,4975545.18,5639334.23,0.133410315,1.1659580379999999,1.2078679270000001,0.035944595
2020-02-01,Seattle,avocados,hass,last 04 wks,2,2020-02-23,3015062.95,3082318.83,0.022306625,3754801.17,4015883.57,0.06953294900000001,1.245347521,1.3028774090000002,0.04619585
2020-02-01,SouthCarolina,avocados,hass,last 04 wks,2,2020-02-23,2343565.38,2334315.23,-0.003947042,2265298.09,2265198.72,-4.3905,0.966603326,0.970391098,0.003918642
2020-02-01,Spokane,avocados,hass,last 04 wks,2,2020-02-23,480182.53,503555.11,0.048674366,542228.29,571008.47,0.053077607,1.129212864,1.1339542759999999,0.004198864
2020-02-01,StLouis,avocados,hass,last 04 wks,2,2020-02-23,930887.41,916271.91,-0.01570061,972327.9,989709.0,0.01787576,1.044517188,1.080147704,0.034111947999999996
2020-02-01,Syracuse,avocados,hass,last 04 wks,2,2020-02-23,412062.3,422557.18,0.025469158,455166.4,460464.52,0.011639963,1.104605784,1.0897093740000001,-0.013485725
2020-02-01,Tampa,avocados,hass,last 04 wks,2,2020-02-23,2943022.21,2878899.18,-0.021788157000000002,2749727.35,2678733.13,-0.02581864,0.934320965,0.930471323,-0.004120256
2020-02-01,WestTex/NewMexico,avocados,hass,last 04 wks,2,2020-02-23,4392784.51,4455687.15,0.014319537,3335448.58,3654488.01,0.095651131,0.759301662,0.820185055,0.080183405
2020-03-01,California,avocados,hass,last 04 wks,3,2020-03-22,29352843.84,27843513.67,-0.051420235999999994,31791940.92,37576534.15,0.18195156,1.083095767,1.349561503,0.246022322
2020-03-01,GreatLakes,avocados,hass,last 04 wks,3,2020-03-22,19224011.2,19903841.7,0.035363612999999995,18800706.62,23280339.01,0.238269363,0.9779804240000001,1.169640483,0.19597535300000002
2020-03-01,Midsouth,avocados,hass,last 04 wks,3,2020-03-22,17871418.98,19427902.11,0.08709342699999999,18538685.65,22149612.38,0.194777925,1.037337084,1.140092855,0.099057262
2020-03-01,Northeast,avocados,hass,last 04 wks,3,2020-03-22,25625510.34,25078028.26,-0.021364729,31016141.68,35207970.58,0.135149915,1.210361912,1.403936953,0.15993153699999998
2020-03-01,Plains,avocados,hass,last 04 wks,3,2020-03-22,10532568.89,10171517.4,-0.034279528,10048629.19,11651513.44,0.15951272800000002,0.954053023,1.145503958,0.200671168
2020-03-01,SouthCentral,avocados,hass,last 04 wks,3,2020-03-22,33247745.71,34158856.75,0.027403694,24182321.17,30663119.13,0.267997349,0.7273371670000001,0.8976623359999999,0.234176358
2020-03-01,Southeast,avocados,hass,last 04 wks,3,2020-03-22,24566800.47,25360059.54,0.032289881,24188216.21,27652876.55,0.14323753,0.984589598,1.090410553,0.107477222
2020-03-01,TotalUS,avocados,hass,last 04 wks,3,2020-03-22,193263186.5,196253852.4,0.015474576,190977732.8,226841237.0,0.18778893100000002,0.988174397,1.155856225,0.169688497
2020-03-01,West,avocados,hass,last 04 wks,3,2020-03-22,32842287.08,34310132.87,0.044693775,32411091.46,38659271.66,0.192779074,0.986870719,1.1267596020000001,0.141749958
2020-03-01,Albany,avocados,hass,last 04 wks,3,2020-03-22,579170.1,624824.96,0.078828068,649429.14,752630.89,0.158911486,1.1213098540000002,1.204546774,0.07423186400000001
2020-03-01,Atlanta,avocados,hass,last 04 wks,3,2020-03-22,3214050.8,3610417.33,0.123323045,3059212.25,3810480.88,0.245575844,0.9518244859999999,1.05541286,0.10883138199999999
2020-03-01,Baltimore/Washington,avocados,hass,last 04 wks,3,2020-03-22,4057280.91,4641479.9,0.143987809,5119384.65,6465503.27,0.262945395,1.261777226,1.392983145,0.10398501199999999
2020-03-01,Boise,avocados,hass,last 04 wks,3,2020-03-22,467678.14,556230.07,0.18934374399999998,541806.93,676028.27,0.24772909399999998,1.158503859,1.215375267,0.049090392000000004
2020-03-01,Boston,avocados,hass,last 04 wks,3,2020-03-22,3305052.36,3300013.38,-0.001524629,4194329.88,4812275.12,0.147328717,1.269066091,1.458259275,0.14908063900000001
2020-03-01,Buffalo/Rochester,avocados,hass,last 04 wks,3,2020-03-22,876811.85,926068.99,0.056177548,979585.69,1127074.64,0.150562581,1.117213106,1.217052565,0.089364741
2020-03-01,Charlotte,avocados,hass,last 04 wks,3,2020-03-22,1438087.81,1562084.24,0.08622312800000001,1471184.61,1808684.51,0.2294069,1.02301445,1.157866179,0.13181801
2020-03-01,Chicago,avocados,hass,last 04 wks,3,2020-03-22,3150584.99,3266596.12,0.036822092,3632601.27,4731648.2,0.30255094,1.152992629,1.4484950159999999,0.256291654
2020-03-01,Cincinnati/Dayton,avocados,hass,last 04 wks,3,2020-03-22,1844527.04,1585424.83,-0.140470811,1380876.15,1752597.31,0.26919225199999997,0.748634268,1.105443334,0.476613323
2020-03-01,Columbus,avocados,hass,last 04 wks,3,2020-03-22,1083497.04,1213108.69,0.119623446,965784.11,1247740.47,0.291945536,0.8913583279999999,1.028547961,0.153910755
2020-03-01,Dallas/FtWorth,avocados,hass,last 04 wks,3,2020-03-22,7179709.12,7551611.76,0.051799124,4852117.08,6646102.2,0.369732447,0.675809702,0.880090557,0.302275707
2020-03-01,Denver,avocados,hass,last 04 wks,3,2020-03-22,4365311.11,4911423.59,0.125102763,4266615.83,5330843.23,0.24943126899999998,0.9773910090000001,1.085396756,0.110504134
2020-03-01,Detroit,avocados,hass,last 04 wks,3,2020-03-22,2409198.53,2480655.64,0.029660117000000003,2325406.64,2829019.93,0.216569989,0.965220014,1.1404323459999999,0.18152579600000002
2020-03-01,GrandRapids,avocados,hass,last 04 wks,3,2020-03-22,926316.35,862061.88,-0.06936557900000001,1121462.36,1246846.08,0.11180377,1.210668861,1.446353341,0.194672951
2020-03-01,Harrisburg/Scranton,avocados,hass,last 04 wks,3,2020-03-22,1582439.97,1643261.65,0.038435379,1669022.79,1871370.98,0.121237524,1.054714758,1.1388149779999999,0.079737407
2020-03-01,Hartford/Springfield,avocados,hass,last 04 wks,3,2020-03-22,1675610.75,1656088.47,-0.011650843999999999,2226387.96,2490227.85,0.118505802,1.328702361,1.503680446,0.131690957
2020-03-01,Houston,avocados,hass,last 04 wks,3,2020-03-22,6956049.62,6554893.77,-0.057670067,4410260.28,5326111.83,0.207663832,0.634017944,0.812539763,0.281572186
2020-03-01,Indianapolis,avocados,hass,last 04 wks,3,2020-03-22,1131028.01,1255189.92,0.109777927,986207.81,1353347.05,0.37227371,0.8719570170000001,1.078201018,0.23653000899999999
2020-03-01,Jacksonville,avocados,hass,last 04 wks,3,2020-03-22,1091814.78,1054594.83,-0.034089985,1104164.59,1221751.15,0.106493689,1.011311268,1.158502882,0.14554531199999998
2020-03-01,LasVegas,avocados,hass,last 04 wks,3,2020-03-22,1704941.52,1593312.85,-0.06547360599999999,1639217.29,1690113.99,0.031049392000000002,0.961450742,1.060754635,0.10328547099999999
2020-03-01,LosAngeles,avocados,hass,last 04 wks,3,2020-03-22,14061164.15,12653074.88,-0.100140305,13995957.77,16261656.81,0.161882386,0.9953626609999999,1.285194071,0.291181717
2020-03-01,Louisville,avocados,hass,last 04 wks,3,2020-03-22,552064.63,598261.17,0.083679587,551624.57,624874.1,0.132788737,0.9992028829999999,1.0444838,0.045317039
2020-03-01,Miami/FTLauderdale,avocados,hass,last 04 wks,3,2020-03-22,4637569.88,4582344.19,-0.011908325,4658991.91,5307955.09,0.139292618,1.004619236,1.158349279,0.153023193
2020-03-01,Nashville,avocados,hass,last 04 wks,3,2020-03-22,1222123.59,1385846.06,0.133965559,1078773.77,1342926.12,0.244863527,0.8827043179999999,0.9690297929999999,0.097796593
2020-03-01,NewOrleans/Mobile,avocados,hass,last 04 wks,3,2020-03-22,1460714.64,1514747.64,0.036990798,1373822.24,1485994.06,0.081649443,0.940513775,0.981017577,0.043065612999999996
2020-03-01,NewYork,avocados,hass,last 04 wks,3,2020-03-22,9140470.71,8351888.04,-0.08627374800000001,11584200.74,12993132.91,0.121625324,1.267352755,1.555712055,0.227528838
2020-03-01,NorthernNewEngland,avocados,hass,last 04 wks,3,2020-03-22,2521258.06,2636025.91,0.045520073,2858026.09,3395135.14,0.187930072,1.133571424,1.287974874,0.136209723
2020-03-01,Orlando,avocados,hass,last 04 wks,3,2020-03-22,2488685.42,2569356.17,0.032415005,2469094.54,2792523.33,0.130990849,0.992128021,1.08685723,0.09548083199999999
2020-03-01,Philadelphia,avocados,hass,last 04 wks,3,2020-03-22,2632646.14,2604653.67,-0.010632827,3133160.24,3471743.09,0.108064326,1.1901182590000001,1.332900082,0.119972803
2020-03-01,Phoenix/Tucson,avocados,hass,last 04 wks,3,2020-03-22,5859479.32,5765571.68,-0.016026619,4356463.99,5037167.19,0.156251309,0.7434899509999999,0.8736630940000001,0.17508393100000003
2020-03-01,Pittsburgh,avocados,hass,last 04 wks,3,2020-03-22,641375.04,674184.33,0.05115461,700604.7,833473.98,0.18964942699999998,1.092347934,1.2362701759999999,0.131754944
2020-03-01,Portland,avocados,hass,last 04 wks,3,2020-03-22,3273662.21,3316729.06,0.013155557,3570643.0,4291581.46,0.20190718,1.090718214,1.2939198170000001,0.186300733
2020-03-01,Raleigh/Greensboro,avocados,hass,last 04 wks,3,2020-03-22,1874705.5,1955261.61,0.042970008,1865967.21,2211056.12,0.184938357,0.9953388470000001,1.130823675,0.136119302
2020-03-01,Richmond/Norfolk,avocados,hass,last 04 wks,3,2020-03-22,1491889.0,1679881.56,0.12600975,1375517.25,1627114.44,0.18291096699999998,0.921997045,0.968588786,0.050533503
2020-03-01,Roanoke,avocados,hass,last 04 wks,3,2020-03-22,927430.29,981705.98,0.058522662999999996,857348.8,958735.86,0.11825649,0.9244347629999999,0.9766018329999999,0.056431317
2020-03-01,Sacramento,avocados,hass,last 04 wks,3,2020-03-22,2154768.13,2130318.07,-0.011346956000000002,2625032.11,3110731.61,0.18502611800000002,1.218243426,1.460219323,0.198626885
2020-03-01,SanDiego,avocados,hass,last 04 wks,3,2020-03-22,2540815.06,2520559.71,-0.007971989,2655707.73,3263251.72,0.228769146,1.045218824,1.294653607,0.2386436
2020-03-01,SanFrancisco,avocados,hass,last 04 wks,3,2020-03-22,4048784.85,4237038.92,0.046496437,5255776.4,6536787.99,0.243734035,1.29811205,1.542772704,0.188474218
2020-03-01,Seattle,avocados,hass,last 04 wks,3,2020-03-22,2780226.45,2890314.86,0.039596922,3636308.33,4834601.61,0.329535664,1.30791804,1.672690293,0.278895345
2020-03-01,SouthCarolina,avocados,hass,last 04 wks,3,2020-03-22,2187411.72,2366781.04,0.082000713,2232592.79,2607999.85,0.168148469,1.020655037,1.101918515,0.079618946
2020-03-01,Spokane,avocados,hass,last 04 wks,3,2020-03-22,463473.88,475613.54,0.02619276,550379.84,665785.08,0.209682898,1.1875099409999998,1.399844672,0.17880669800000001
2020-03-01,StLouis,avocados,hass,last 04 wks,3,2020-03-22,912826.22,996361.54,0.09151284,1003150.39,1231560.84,0.227693128,1.098950017,1.236058188,0.12476288199999999
2020-03-01,Syracuse,avocados,hass,last 04 wks,3,2020-03-22,417632.83,431305.74,0.032739068999999996,466722.2,533398.49,0.142860764,1.117541933,1.236706217,0.106630705
2020-03-01,Tampa,avocados,hass,last 04 wks,3,2020-03-22,2721005.85,2773290.79,0.019215298999999998,2689651.34,2987260.47,0.110649706,0.988476868,1.077153712,0.08971059199999999
2020-03-01,WestTex/NewMexico,avocados,hass,last 04 wks,3,2020-03-22,4073778.07,4246038.43,0.042285160999999995,3358389.54,4124163.71,0.228018269,0.824391875,0.97129684,0.178197978
2020-04-01,California,avocados,hass,last 04 wks,4,2020-04-19,30114271.94,29776385.49,-0.011220143,33416403.48,40213746.97,0.203413377,1.109653375,1.3505247969999998,0.217069067
2020-04-01,GreatLakes,avocados,hass,last 04 wks,4,2020-04-19,19713485.35,20576357.66,0.043770662,21365533.71,24381096.9,0.14114148699999998,1.083802957,1.184908296,0.093287566
2020-04-01,Midsouth,avocados,hass,last 04 wks,4,2020-04-19,17816190.37,20671786.26,0.160280948,19863932.36,24109639.57,0.213739512,1.114937141,1.166306543,0.04607381
2020-04-01,Northeast,avocados,hass,last 04 wks,4,2020-04-19,23693883.08,26410501.67,0.114654849,30440544.62,37606872.48,0.235420488,1.284742755,1.423936317,0.10834352800000001
2020-04-01,Plains,avocados,hass,last 04 wks,4,2020-04-19,10169771.66,10395366.3,0.022182862,10541508.56,12268060.55,0.163786044,1.036553122,1.180147019,0.138530187
2020-04-01,SouthCentral,avocados,hass,last 04 wks,4,2020-04-19,32057920.86,35737192.46,0.114769502,28123295.28,32755625.78,0.16471506800000002,0.877265104,0.9165696440000001,0.044803492
2020-04-01,Southeast,avocados,hass,last 04 wks,4,2020-04-19,23029323.6,25959755.07,0.127247831,25482757.44,30460672.76,0.195344453,1.106535211,1.173380592,0.060409628
2020-04-01,TotalUS,avocados,hass,last 04 wks,4,2020-04-19,189287407.3,203200031.2,0.073499997,203068351.5,241378120.0,0.18865455,1.072804337,1.187884266,0.107270194
2020-04-01,West,avocados,hass,last 04 wks,4,2020-04-19,32692560.18,33672685.87,0.029980084,33834376.13,39582404.91,0.16988724,1.034925865,1.175504831,0.135834817
2020-04-01,Albany,avocados,hass,last 04 wks,4,2020-04-19,512028.8,607100.69,0.185676841,618572.37,743272.47,0.201593388,1.208081206,1.22429851,0.013424018000000001
2020-04-01,Atlanta,avocados,hass,last 04 wks,4,2020-04-19,3100760.27,3878561.05,0.250841959,3222540.3,4250699.77,0.319052479,1.039274249,1.095947625,0.054531685
2020-04-01,Baltimore/Washington,avocados,hass,last 04 wks,4,2020-04-19,4159809.89,5232972.68,0.25798361399999997,5395372.84,7029104.43,0.302802353,1.297023898,1.343233542,0.035627442
2020-04-01,Boise,avocados,hass,last 04 wks,4,2020-04-19,471606.63,537567.59,0.139864361,620480.31,737221.31,0.18814618,1.315673425,1.371402078,0.042357512
2020-04-01,Boston,avocados,hass,last 04 wks,4,2020-04-19,3282948.19,3708061.01,0.129491175,4208318.87,5599659.57,0.330616748,1.28187185,1.510131455,0.17806741399999998
2020-04-01,Buffalo/Rochester,avocados,hass,last 04 wks,4,2020-04-19,834742.32,964330.29,0.155243081,1049481.82,1156158.19,0.10164670599999999,1.257252442,1.198923441,-0.046394024000000006
2020-04-01,Charlotte,avocados,hass,last 04 wks,4,2020-04-19,1373661.5,1608287.03,0.170803018,1565688.95,2055781.73,0.313020527,1.139792409,1.278243057,0.12147005699999999
2020-04-01,Chicago,avocados,hass,last 04 wks,4,2020-04-19,3451596.98,3767303.05,0.09146666699999999,4863370.35,6019624.68,0.23774753899999998,1.40902034,1.597860485,0.134022299
2020-04-01,Cincinnati/Dayton,avocados,hass,last 04 wks,4,2020-04-19,1537908.82,1617664.32,0.051859706,1378818.1,1634290.96,0.185283947,0.8965538670000001,1.010278177,0.126846042
2020-04-01,Columbus,avocados,hass,last 04 wks,4,2020-04-19,1190581.51,1208717.08,0.015232531,1084673.68,1258639.85,0.160385721,0.9110452920000001,1.0413022790000002,0.142975314
2020-04-01,Dallas/FtWorth,avocados,hass,last 04 wks,4,2020-04-19,7043787.04,7428407.82,0.05460426,5672744.08,6658093.9,0.173698973,0.8053542859999999,0.896301612,0.112928344
2020-04-01,Denver,avocados,hass,last 04 wks,4,2020-04-19,4309895.02,4562943.0,0.058713258,4442437.63,5345368.85,0.203251299,1.030753095,1.171473948,0.136522368
2020-04-01,Detroit,avocados,hass,last 04 wks,4,2020-04-19,2596213.26,2434325.27,-0.062355428,2548431.45,2712332.22,0.064314373,0.9815955759999999,1.114202877,0.135093622
2020-04-01,GrandRapids,avocados,hass,last 04 wks,4,2020-04-19,886890.89,880656.07,-0.0070299740000000005,1173387.22,1244031.36,0.060205309000000005,1.323034472,1.412618844,0.067711292
2020-04-01,Harrisburg/Scranton,avocados,hass,last 04 wks,4,2020-04-19,1455598.03,1668187.28,0.14604942099999998,1751346.55,1946982.7,0.11170613300000001,1.203180077,1.167124773,-0.029966673
2020-04-01,Hartford/Springfield,avocados,hass,last 04 wks,4,2020-04-19,1622263.37,1720564.98,0.060595345999999994,2126195.39,2632866.45,0.238299388,1.310635147,1.5302336619999999,0.167551218
2020-04-01,Houston,avocados,hass,last 04 wks,4,2020-04-19,6568464.59,7311380.06,0.11310336800000001,5307030.11,6313913.49,0.18972633600000002,0.8079559590000001,0.8635734209999999,0.068837244
2020-04-01,Indianapolis,avocados,hass,last 04 wks,4,2020-04-19,1155757.18,1252890.68,0.084043172,1082628.24,1277899.28,0.180367584,0.9367263809999999,1.01996072,0.088856619
2020-04-01,Jacksonville,avocados,hass,last 04 wks,4,2020-04-19,1020557.88,1072746.31,0.051137157999999995,1186039.44,1370506.52,0.155531995,1.162148138,1.2775681509999999,0.09931609400000001
2020-04-01,LasVegas,avocados,hass,last 04 wks,4,2020-04-19,1852309.33,1726926.73,-0.067689882,1714116.42,1844294.41,0.075944661,0.925394259,1.067963323,0.154063053
2020-04-01,LosAngeles,avocados,hass,last 04 wks,4,2020-04-19,14456383.36,13807006.92,-0.044919703,14981552.71,18154167.83,0.211768111,1.036327852,1.314851795,0.268760453
2020-04-01,Louisville,avocados,hass,last 04 wks,4,2020-04-19,607071.87,643439.92,0.059907322,627702.51,624901.33,-0.0044625920000000005,1.033983851,0.971188312,-0.060731644
2020-04-01,Miami/FTLauderdale,avocados,hass,last 04 wks,4,2020-04-19,4218587.14,4629768.03,0.097468863,4881511.1,5954456.0,0.219797697,1.157143598,1.286124048,0.111464515
2020-04-01,Nashville,avocados,hass,last 04 wks,4,2020-04-19,1318426.99,1389980.49,0.054271871,1204102.72,1402783.8,0.165003431,0.9132873709999999,1.009211144,0.105031314
2020-04-01,NewOrleans/Mobile,avocados,hass,last 04 wks,4,2020-04-19,1467641.37,1472608.65,0.003384533,1440826.45,1462653.18,0.015148756999999999,0.981729242,0.993239568,0.011724543
2020-04-01,NewYork,avocados,hass,last 04 wks,4,2020-04-19,8146540.2,8727364.62,0.071297067,10908114.47,13783166.04,0.263569985,1.338987374,1.57930448,0.17947675300000002
2020-04-01,NorthernNewEngland,avocados,hass,last 04 wks,4,2020-04-19,2426178.45,2776529.8,0.14440460900000002,2895844.16,3531318.38,0.219443515,1.193582508,1.271846022,0.06557025799999999
2020-04-01,Orlando,avocados,hass,last 04 wks,4,2020-04-19,2282496.74,2631982.24,0.15311544300000002,2537077.42,3124227.63,0.23142778600000002,1.111536054,1.187024586,0.06791370599999999
2020-04-01,Philadelphia,avocados,hass,last 04 wks,4,2020-04-19,2288980.76,2697386.39,0.17842248300000002,3085187.6,3703679.84,0.20047151800000002,1.347843396,1.3730624040000001,0.018710637
2020-04-01,Phoenix/Tucson,avocados,hass,last 04 wks,4,2020-04-19,5885079.2,5519976.69,-0.062038674,4797372.85,5156979.65,0.07495911,0.81517558,0.934239389,0.146059097
2020-04-01,Pittsburgh,avocados,hass,last 04 wks,4,2020-04-19,700542.93,747058.71,0.06639961400000001,742663.3,832810.85,0.121384145,1.060125323,1.1147863470000001,0.051560907
2020-04-01,Portland,avocados,hass,last 04 wks,4,2020-04-19,2881004.49,3427824.82,0.189801971,3536966.68,4660351.43,0.317612477,1.227685237,1.3595652269999998,0.107421663
2020-04-01,Raleigh/Greensboro,avocados,hass,last 04 wks,4,2020-04-19,1807251.11,2066467.34,0.143431219,1988511.97,2441328.71,0.22771637600000003,1.100296444,1.18140203,0.073712485
2020-04-01,Richmond/Norfolk,avocados,hass,last 04 wks,4,2020-04-19,1446958.42,1710530.28,0.18215579399999998,1514259.29,1790640.09,0.182518808,1.046511959,1.046833319,0.000307078
2020-04-01,Roanoke,avocados,hass,last 04 wks,4,2020-04-19,922293.52,980091.45,0.062667609,944087.71,1001159.26,0.060451534,1.023630427,1.021495759,-0.002085389
2020-04-01,Sacramento,avocados,hass,last 04 wks,4,2020-04-19,2149386.72,2217139.9,0.031522099,2693244.25,3189773.31,0.184360947,1.253029166,1.438688334,0.14816827300000002
2020-04-01,SanDiego,avocados,hass,last 04 wks,4,2020-04-19,2713165.56,2691726.84,-0.007901736999999999,2793364.14,3583733.54,0.282945352,1.029559044,1.33138827,0.29316359
2020-04-01,SanFrancisco,avocados,hass,last 04 wks,4,2020-04-19,4110443.18,4340185.04,0.055892236,5429233.91,6338292.76,0.16743777599999998,1.320839061,1.460373855,0.105641027
2020-04-01,Seattle,avocados,hass,last 04 wks,4,2020-04-19,2748648.23,3028157.51,0.10168972400000001,3716498.08,5100911.43,0.372504794,1.352118485,1.68449343,0.245817914
2020-04-01,SouthCarolina,avocados,hass,last 04 wks,4,2020-04-19,2132962.83,2529596.03,0.185954108,2462636.32,2987325.31,0.213059876,1.1545612920000001,1.180949557,0.022855663999999998
2020-04-01,Spokane,avocados,hass,last 04 wks,4,2020-04-19,446910.66,497058.52,0.112210033,570664.44,717326.06,0.257001505,1.276909439,1.443142067,0.130183569
2020-04-01,StLouis,avocados,hass,last 04 wks,4,2020-04-19,890003.92,1050726.59,0.180586474,1030272.84,1325663.08,0.286710693,1.157604834,1.2616632079999999,0.08989110199999999
2020-04-01,Syracuse,avocados,hass,last 04 wks,4,2020-04-19,380622.91,430557.46,0.131191656,474909.41,530428.09,0.116903727,1.247716303,1.231956566,-0.012630865
2020-04-01,Tampa,avocados,hass,last 04 wks,4,2020-04-19,2467429.54,2666732.17,0.080773382,2800045.09,3191190.27,0.13969245800000002,1.1348024509999999,1.196666957,0.05451566099999999
2020-04-01,WestTex/NewMexico,avocados,hass,last 04 wks,4,2020-04-19,4218545.14,4562894.84,0.081627596,3924868.99,4269917.95,0.087913497,0.930384495,0.935791444,0.005811521
2020-05-01,California,avocados,hass,last 04 wks,5,2020-05-17,25525382.18,34571049.11,0.354379295,36804136.79,43276323.25,0.17585486399999997,1.44186428,1.251808214,-0.13181272900000002
2020-05-01,GreatLakes,avocados,hass,last 04 wks,5,2020-05-17,17655220.17,24769132.73,0.40293536399999996,23385707.54,28527650.96,0.219875469,1.324577508,1.15174202,-0.130483484
2020-05-01,Midsouth,avocados,hass,last 04 wks,5,2020-05-17,17927030.49,23877246.65,0.33191309399999996,22296355.95,26290263.32,0.17912825699999999,1.243728344,1.101059251,-0.114710816
2020-05-01,Northeast,avocados,hass,last 04 wks,5,2020-05-17,22641905.8,31345516.0,0.384402721,33565987.13,42375429.39,0.262451458,1.482471813,1.3518816980000001,-0.08808944199999999
2020-05-01,Plains,avocados,hass,last 04 wks,5,2020-05-17,9239733.65,12937867.24,0.400242445,11950282.89,13400746.52,0.121374836,1.293357941,1.0357770929999999,-0.19915666
2020-05-01,SouthCentral,avocados,hass,last 04 wks,5,2020-05-17,29355350.57,38137649.63,0.299172004,30042832.16,34534252.74,0.149500572,1.023419294,0.905516021,-0.11520524800000001
2020-05-01,Southeast,avocados,hass,last 04 wks,5,2020-05-17,21816810.06,27542032.38,0.262422522,28194241.74,30473022.16,0.08082432,1.292317331,1.1064187909999998,-0.143848988
2020-05-01,TotalUS,avocados,hass,last 04 wks,5,2020-05-17,173059496.9,233301563.7,0.348100323,223017138.8,261813253.4,0.17396023800000002,1.288673218,1.122209595,-0.129174425
2020-05-01,West,avocados,hass,last 04 wks,5,2020-05-17,28898063.75,40121069.41,0.388365316,36777594.53,42935565.0,0.167438098,1.272666392,1.0701500640000001,-0.15912758400000002
2020-05-01,Albany,avocados,hass,last 04 wks,5,2020-05-17,548510.05,762134.71,0.389463529,693560.92,928733.79,0.33908033600000004,1.264445237,1.218595319,-0.036260896
2020-05-01,Atlanta,avocados,hass,last 04 wks,5,2020-05-17,3012640.55,4232636.48,0.40495900799999995,3647797.91,4472942.94,0.226203603,1.2108307809999999,1.056774651,-0.127231759
2020-05-01,Baltimore/Washington,avocados,hass,last 04 wks,5,2020-05-17,4355601.72,5897431.96,0.353987885,6033393.92,7487000.96,0.240926924,1.38520331,1.269535793,-0.083502195
2020-05-01,Boise,avocados,hass,last 04 wks,5,2020-05-17,452208.11,610242.07,0.349471751,669405.37,792276.01,0.18355191899999998,1.48030377,1.29829792,-0.12295169
2020-05-01,Boston,avocados,hass,last 04 wks,5,2020-05-17,3002979.56,4047789.34,0.34792437299999995,4631191.0,5969880.55,0.289059456,1.5421986419999998,1.474849615,-0.043670785999999996
2020-05-01,Buffalo/Rochester,avocados,hass,last 04 wks,5,2020-05-17,810943.27,1083464.2,0.33605424700000003,1130756.8,1250168.39,0.105603247,1.39437226,1.1538622040000002,-0.17248626
2020-05-01,Charlotte,avocados,hass,last 04 wks,5,2020-05-17,1443429.39,1927594.42,0.335426889,1833697.89,2174714.27,0.185971954,1.2703758859999998,1.128201165,-0.111915475
2020-05-01,Chicago,avocados,hass,last 04 wks,5,2020-05-17,3158418.89,5412743.29,0.7137509240000001,5216842.63,6913615.3,0.32524896600000003,1.65172601,1.277284905,-0.226696863
2020-05-01,Cincinnati/Dayton,avocados,hass,last 04 wks,5,2020-05-17,1359515.26,1824658.9,0.34213933,1699724.73,2099655.05,0.235291229,1.250243215,1.15071099,-0.07961029
2020-05-01,Columbus,avocados,hass,last 04 wks,5,2020-05-17,1068185.56,1381170.56,0.293006208,1225027.86,1467291.18,0.19776147800000002,1.146830575,1.062353356,-0.07366146400000001
2020-05-01,Dallas/FtWorth,avocados,hass,last 04 wks,5,2020-05-17,6424360.55,7905320.38,0.230522527,6178695.28,6885929.03,0.114463284,0.961760354,0.871049964,-0.09431704099999999
2020-05-01,Denver,avocados,hass,last 04 wks,5,2020-05-17,3881716.9,5272045.15,0.358173531,4707696.05,5937676.78,0.261270209,1.212787066,1.126256815,-0.071348263
2020-05-01,Detroit,avocados,hass,last 04 wks,5,2020-05-17,2121227.03,2739453.65,0.291447644,2714576.24,3078151.97,0.133934617,1.279719804,1.1236371790000002,-0.12196625
2020-05-01,GrandRapids,avocados,hass,last 04 wks,5,2020-05-17,789926.32,1023438.21,0.295612241,1243391.37,1474408.15,0.185795708,1.574059933,1.4406420780000002,-0.084760339
2020-05-01,Harrisburg/Scranton,avocados,hass,last 04 wks,5,2020-05-17,1383452.3,1997208.97,0.443641367,1926667.4,2332912.7,0.210853882,1.392651846,1.168086432,-0.161250218
2020-05-01,Hartford/Springfield,avocados,hass,last 04 wks,5,2020-05-17,1571804.51,1990968.43,0.266676878,2367319.73,2936941.94,0.24061904399999998,1.5061158780000001,1.4751323509999998,-0.020571809
2020-05-01,Houston,avocados,hass,last 04 wks,5,2020-05-17,5982490.12,7489242.71,0.251860439,5466150.0,6603323.74,0.20803924899999998,0.913691438,0.881707804,-0.035004852999999995
2020-05-01,Indianapolis,avocados,hass,last 04 wks,5,2020-05-17,1047175.23,1408774.7,0.345309419,1243670.39,1537186.11,0.236007645,1.187643056,1.0911511329999999,-0.08124656799999999
2020-05-01,Jacksonville,avocados,hass,last 04 wks,5,2020-05-17,968299.36,1130810.37,0.16783137199999998,1352107.05,1326116.85,-0.019221999,1.3963729669999998,1.172713733,-0.16017155800000002
2020-05-01,LasVegas,avocados,hass,last 04 wks,5,2020-05-17,1461750.06,2071389.89,0.417061608,1851811.64,2078184.25,0.12224386400000001,1.266845606,1.003280097,-0.208048642
2020-05-01,LosAngeles,avocados,hass,last 04 wks,5,2020-05-17,11771481.76,16059299.54,0.364254719,16029399.08,19397576.17,0.21012497600000002,1.3617146430000002,1.20787187,-0.112977248
2020-05-01,Louisville,avocados,hass,last 04 wks,5,2020-05-17,527971.4,706837.42,0.33877975200000005,688331.67,728842.77,0.058854040999999996,1.303729085,1.031132124,-0.20909018899999998
2020-05-01,Miami/FTLauderdale,avocados,hass,last 04 wks,5,2020-05-17,3921164.83,4777099.08,0.21828571,5495900.0,5684461.38,0.034309463,1.40159882,1.189940021,-0.15101239800000002
2020-05-01,Nashville,avocados,hass,last 04 wks,5,2020-05-17,1253380.7,1570952.32,0.253372036,1392309.57,1571635.58,0.128797513,1.110843314,1.000434934,-0.099391497
2020-05-01,NewOrleans/Mobile,avocados,hass,last 04 wks,5,2020-05-17,1447606.99,1809255.15,0.249824823,1622374.15,1754849.83,0.081655443,1.12072832,0.969929438,-0.13455436099999998
2020-05-01,NewYork,avocados,hass,last 04 wks,5,2020-05-17,7519286.18,10633451.97,0.414157104,11859672.11,15516152.8,0.308312123,1.5772337730000001,1.4591830430000001,-0.074846692
2020-05-01,NorthernNewEngland,avocados,hass,last 04 wks,5,2020-05-17,2533209.57,3237464.62,0.278008996,3315398.18,4054106.81,0.222811436,1.308773747,1.2522474479999999,-0.043190275
2020-05-01,Orlando,avocados,hass,last 04 wks,5,2020-05-17,2100846.29,2703307.78,0.286770857,2790394.62,3000933.31,0.075451224,1.328224075,1.110096798,-0.164224758
2020-05-01,Philadelphia,avocados,hass,last 04 wks,5,2020-05-17,2195472.55,3311432.52,0.50830058,3439873.3,4203980.35,0.222132324,1.566803147,1.269535261,-0.18972893
2020-05-01,Phoenix/Tucson,avocados,hass,last 04 wks,5,2020-05-17,4985149.3,6886783.16,0.381459761,5144533.2,5525164.34,0.073987498,1.031971741,0.80228522,-0.222570553
2020-05-01,Pittsburgh,avocados,hass,last 04 wks,5,2020-05-17,765217.45,854380.19,0.116519481,884952.46,883817.48,-0.001282532,1.156471876,1.034454556,-0.105508247
2020-05-01,Portland,avocados,hass,last 04 wks,5,2020-05-17,2647687.56,3898650.54,0.47247379100000003,4060539.32,4784649.97,0.178328688,1.533617252,1.227257976,-0.199762539
2020-05-01,Raleigh/Greensboro,avocados,hass,last 04 wks,5,2020-05-17,1881238.32,2361578.83,0.255332089,2261306.57,2501154.34,0.10606601199999999,1.202030889,1.059102626,-0.118905649
2020-05-01,Richmond/Norfolk,avocados,hass,last 04 wks,5,2020-05-17,1465658.46,2041980.52,0.393217162,1698935.58,2011077.48,0.18372792,1.159161992,0.984866144,-0.150363668
2020-05-01,Roanoke,avocados,hass,last 04 wks,5,2020-05-17,942280.72,1165862.68,0.237277443,1020513.7,1140065.53,0.11714867699999999,1.0830251309999999,0.977872909,-0.097091212
2020-05-01,Sacramento,avocados,hass,last 04 wks,5,2020-05-17,2075284.24,2714342.64,0.30793777,3122471.7,3457592.91,0.10732562,1.504599534,1.273823304,-0.153380501
2020-05-01,SanDiego,avocados,hass,last 04 wks,5,2020-05-17,2065895.5,3190805.37,0.54451441,3055868.48,3756734.4,0.22935081300000001,1.479197994,1.1773624409999999,-0.204053517
2020-05-01,SanFrancisco,avocados,hass,last 04 wks,5,2020-05-17,3827503.59,4816924.89,0.258503036,6233750.06,6897548.99,0.10648468800000001,1.6286725569999998,1.4319403240000002,-0.120792993
2020-05-01,Seattle,avocados,hass,last 04 wks,5,2020-05-17,2493007.89,3527333.37,0.414890576,4260342.94,5250668.43,0.232452059,1.70891675,1.488565973,-0.128941785
2020-05-01,SouthCarolina,avocados,hass,last 04 wks,5,2020-05-17,2125473.69,2894845.1,0.361976445,2788614.41,3273757.91,0.17397295899999998,1.311996673,1.130892257,-0.138037252
2020-05-01,Spokane,avocados,hass,last 04 wks,5,2020-05-17,418444.61,604975.55,0.445772118,652252.29,783295.62,0.20090896100000002,1.5587541919999999,1.294755829,-0.16936497399999997
2020-05-01,StLouis,avocados,hass,last 04 wks,5,2020-05-17,1026405.72,1260944.4,0.228504845,1231320.82,1360022.19,0.10452301900000001,1.199643373,1.0785742729999999,-0.100920909
2020-05-01,Syracuse,avocados,hass,last 04 wks,5,2020-05-17,378252.48,505961.56,0.33762919399999997,518947.48,608169.91,0.171929595,1.371960549,1.2020081329999999,-0.123875585
2020-05-01,Tampa,avocados,hass,last 04 wks,5,2020-05-17,2322791.21,2711082.98,0.167166024,2993539.32,2983088.73,-0.003491048,1.288768145,1.1003310309999998,-0.146214907
2020-05-01,WestTex/NewMexico,avocados,hass,last 04 wks,5,2020-05-17,3692989.27,5289901.83,0.43241733,4186901.26,4695357.4,0.121439726,1.133743142,0.8876076629999999,-0.217099862
2020-06-01,California,avocados,hass,last 04 wks,6,2020-06-14,26096012.32,34733354.31,0.33098321199999997,38436873.55,43739126.13,0.137947031,1.472902184,1.2592831009999998,-0.14503277
2020-06-01,GreatLakes,avocados,hass,last 04 wks,6,2020-06-14,18831719.03,24459059.31,0.298822443,23850748.92,27374121.65,0.147725874,1.266520007,1.119181294,-0.116333506
2020-06-01,Midsouth,avocados,hass,last 04 wks,6,2020-06-14,17043332.16,23059400.94,0.352986653,21847474.86,25799184.8,0.180877194,1.281878136,1.118814182,-0.127207064
2020-06-01,Northeast,avocados,hass,last 04 wks,6,2020-06-14,22939128.13,34122942.21,0.48754311899999997,33652779.77,43849260.41,0.30299074,1.4670470290000002,1.285037502,-0.12406523
2020-06-01,Plains,avocados,hass,last 04 wks,6,2020-06-14,9125311.59,12174102.14,0.33410262399999996,11697250.08,13153122.31,0.124462777,1.281846649,1.080418265,-0.157139221
2020-06-01,SouthCentral,avocados,hass,last 04 wks,6,2020-06-14,28348128.23,39477678.9,0.392602664,29553981.83,32801208.19,0.10987441099999999,1.042537327,0.830879857,-0.20302147899999998
2020-06-01,Southeast,avocados,hass,last 04 wks,6,2020-06-14,21160529.97,26003878.29,0.228885965,26205627.57,28279423.5,0.079135519,1.238420191,1.0875079159999999,-0.1218587
2020-06-01,TotalUS,avocados,hass,last 04 wks,6,2020-06-14,173695995.4,232808265.5,0.34032028200000003,222100376.6,255714945.5,0.151348545,1.2786729829999999,1.098392898,-0.140989985
2020-06-01,West,avocados,hass,last 04 wks,6,2020-06-14,30151833.51,38777848.92,0.286085933,36855640.09,40719498.23,0.104837635,1.2223349559999999,1.050071094,-0.140930161
2020-06-01,Albany,avocados,hass,last 04 wks,6,2020-06-14,577947.05,792867.82,0.371869309,708196.26,1000327.08,0.412499806,1.2253652990000001,1.261656804,0.029616886000000002
2020-06-01,Atlanta,avocados,hass,last 04 wks,6,2020-06-14,3118871.4,4085471.55,0.309919848,3486892.58,4113886.2,0.179814435,1.11799819,1.006955048,-0.099323186
2020-06-01,Baltimore/Washington,avocados,hass,last 04 wks,6,2020-06-14,3906395.87,5416086.88,0.38646646700000004,5861373.78,7132036.81,0.21678587300000002,1.5004556569999998,1.316824668,-0.12238348199999999
2020-06-01,Boise,avocados,hass,last 04 wks,6,2020-06-14,453701.18,614464.02,0.354336394,642527.77,777035.02,0.209340757,1.416191534,1.264573669,-0.10706028199999999
2020-06-01,Boston,avocados,hass,last 04 wks,6,2020-06-14,3078014.16,4422865.76,0.43692183700000004,4609753.3,6107243.53,0.324852575,1.4976387569999998,1.380834025,-0.077992594
2020-06-01,Buffalo/Rochester,avocados,hass,last 04 wks,6,2020-06-14,789924.76,1168735.33,0.47955272299999996,1040939.22,1242562.62,0.19369373,1.317770087,1.063168528,-0.193206358
2020-06-01,Charlotte,avocados,hass,last 04 wks,6,2020-06-14,1272479.59,1780538.92,0.399267174,1760018.69,2173321.47,0.234828631,1.383140998,1.220597565,-0.11751761599999999
2020-06-01,Chicago,avocados,hass,last 04 wks,6,2020-06-14,3673829.86,5210270.93,0.418212364,5685773.7,6643399.93,0.16842496399999998,1.547642084,1.2750584409999999,-0.176128347
2020-06-01,Cincinnati/Dayton,avocados,hass,last 04 wks,6,2020-06-14,1471607.19,1774729.6,0.205980517,1707396.82,1952795.89,0.143727028,1.16022593,1.1003343209999998,-0.051620643
2020-06-01,Columbus,avocados,hass,last 04 wks,6,2020-06-14,1112300.82,1348696.41,0.212528469,1204586.55,1326751.59,0.10141657300000001,1.08296832,0.983728866,-0.091636525
2020-06-01,Dallas/FtWorth,avocados,hass,last 04 wks,6,2020-06-14,6172999.87,8409936.12,0.36237425799999995,6058188.54,6628432.88,0.094127863,0.9814010479999999,0.788166852,-0.19689626
2020-06-01,Denver,avocados,hass,last 04 wks,6,2020-06-14,4102010.37,5006795.38,0.22057111699999998,4564503.65,5387842.58,0.180378633,1.112747955,1.0761060059999998,-0.032929243999999996
2020-06-01,Detroit,avocados,hass,last 04 wks,6,2020-06-14,2395080.98,2695415.99,0.125396599,2781967.2,2916300.73,0.04828724400000001,1.16153367,1.081948293,-0.068517494
2020-06-01,GrandRapids,avocados,hass,last 04 wks,6,2020-06-14,751275.2,1074512.1,0.43025099200000005,1179824.75,1491918.56,0.264525566,1.570429518,1.388461386,-0.11587156800000001
2020-06-01,Harrisburg/Scranton,avocados,hass,last 04 wks,6,2020-06-14,1449069.23,2207727.34,0.523548561,1821003.02,2408621.43,0.32268942100000003,1.256670822,1.090995879,-0.131836389
2020-06-01,Hartford/Springfield,avocados,hass,last 04 wks,6,2020-06-14,1607128.55,2096651.64,0.304594856,2427934.01,3041915.3,0.252882198,1.510727944,1.4508444040000001,-0.039638863999999996
2020-06-01,Houston,avocados,hass,last 04 wks,6,2020-06-14,5404482.14,7650526.51,0.41558919299999997,5487429.29,6365429.05,0.160002018,1.015347844,0.832024965,-0.18055179899999999
2020-06-01,Indianapolis,avocados,hass,last 04 wks,6,2020-06-14,1113814.6,1392511.21,0.250218133,1267538.53,1459215.67,0.151219971,1.138015725,1.047902279,-0.07918471099999999
2020-06-01,Jacksonville,avocados,hass,last 04 wks,6,2020-06-14,854112.28,1035884.23,0.212819736,1187421.9,1182637.68,-0.004029082,1.3902409880000002,1.14166974,-0.178797237
2020-06-01,LasVegas,avocados,hass,last 04 wks,6,2020-06-14,1658588.88,1906536.64,0.149493201,1911316.37,1904534.25,-0.003548403,1.152375006,0.998949724,-0.133138328
2020-06-01,LosAngeles,avocados,hass,last 04 wks,6,2020-06-14,12621816.62,16314665.42,0.292576648,16823639.21,19138395.86,0.137589532,1.332901572,1.173079274,-0.119905552
2020-06-01,Louisville,avocados,hass,last 04 wks,6,2020-06-14,591006.39,772764.8,0.30754051600000004,662568.87,708954.37,0.07000857099999999,1.121085797,0.917425807,-0.181663162
2020-06-01,Miami/FTLauderdale,avocados,hass,last 04 wks,6,2020-06-14,3765183.96,4379451.84,0.163144188,5095693.74,5071191.12,-0.004808495,1.3533717859999999,1.15795111,-0.144395411
2020-06-01,Nashville,avocados,hass,last 04 wks,6,2020-06-14,1238018.31,1601839.2,0.29387359399999996,1384739.55,1518269.1,0.09642936099999999,1.1185129809999999,0.9478286579999999,-0.15259932199999998
2020-06-01,NewOrleans/Mobile,avocados,hass,last 04 wks,6,2020-06-14,1476920.52,1824954.24,0.23564823899999998,1536938.47,1696484.54,0.103807715,1.0406372240000001,0.9296038790000001,-0.106697457
2020-06-01,NewYork,avocados,hass,last 04 wks,6,2020-06-14,7431706.27,11911604.65,0.602808859,12157620.3,16304943.9,0.341129555,1.635912381,1.368828498,-0.163262951
2020-06-01,NorthernNewEngland,avocados,hass,last 04 wks,6,2020-06-14,2648646.83,3431578.87,0.295596994,3525410.7,4110909.23,0.166079524,1.331023321,1.197964373,-0.099967405
2020-06-01,Orlando,avocados,hass,last 04 wks,6,2020-06-14,1974259.0,2515497.68,0.274147759,2506607.01,2744220.33,0.09479480400000001,1.269644464,1.090925407,-0.14076307400000002
2020-06-01,Philadelphia,avocados,hass,last 04 wks,6,2020-06-14,2230839.63,3615981.11,0.620905896,3218279.32,4242532.21,0.31826103,1.44263141,1.17327278,-0.18671341
2020-06-01,Phoenix/Tucson,avocados,hass,last 04 wks,6,2020-06-14,4759241.25,6364146.58,0.33721873799999996,5023450.82,5133347.59,0.021876747999999998,1.055515061,0.806604236,-0.23581930199999998
2020-06-01,Pittsburgh,avocados,hass,last 04 wks,6,2020-06-14,616068.27,779987.3,0.266072833,785759.8,923036.29,0.174705413,1.275442736,1.183399127,-0.072166007
2020-06-01,Portland,avocados,hass,last 04 wks,6,2020-06-14,3044989.98,4027885.51,0.322791056,4013169.86,4603785.98,0.14716948,1.317958314,1.142978361,-0.132765923
2020-06-01,Raleigh/Greensboro,avocados,hass,last 04 wks,6,2020-06-14,1710363.23,2272840.5,0.32886422,2189828.08,2616757.0,0.19496001699999999,1.280329255,1.151315721,-0.100765903
2020-06-01,Richmond/Norfolk,avocados,hass,last 04 wks,6,2020-06-14,1405434.84,1976990.0,0.40667496200000003,1664070.2,1994485.71,0.19855863699999998,1.184025152,1.00884967,-0.147949122
2020-06-01,Roanoke,avocados,hass,last 04 wks,6,2020-06-14,911733.76,1153550.38,0.26522723,1032878.52,1110530.76,0.075180419,1.132872956,0.96270677,-0.150207652
2020-06-01,Sacramento,avocados,hass,last 04 wks,6,2020-06-14,1956962.64,2536735.26,0.29626146600000003,3279907.21,3521189.87,0.073563868,1.676019329,1.388079365,-0.171799906
2020-06-01,SanDiego,avocados,hass,last 04 wks,6,2020-06-14,2284392.96,3205479.27,0.403208347,3132696.46,3710259.46,0.184366091,1.37134745,1.1574741709999998,-0.155958491
2020-06-01,SanFrancisco,avocados,hass,last 04 wks,6,2020-06-14,3560788.07,4844853.27,0.360612644,6434050.86,7217003.59,0.121688925,1.806917664,1.489622737,-0.17560010199999998
2020-06-01,Seattle,avocados,hass,last 04 wks,6,2020-06-14,2815699.56,3433339.15,0.219355644,4484437.39,4932083.55,0.099822145,1.592654789,1.436526756,-0.098030053
2020-06-01,SouthCarolina,avocados,hass,last 04 wks,6,2020-06-14,1943184.3,2815050.68,0.448679201,2553530.12,3245358.1,0.270930025,1.314095693,1.1528595640000001,-0.12269740300000001
2020-06-01,Spokane,avocados,hass,last 04 wks,6,2020-06-14,438425.13,573954.87,0.309128585,633464.82,746394.27,0.178272647,1.4448643030000001,1.300440695,-0.09995652099999999
2020-06-01,StLouis,avocados,hass,last 04 wks,6,2020-06-14,924454.77,1248286.24,0.35029455299999995,1155117.84,1271646.08,0.100879959,1.249512553,1.018713528,-0.184711249
2020-06-01,Syracuse,avocados,hass,last 04 wks,6,2020-06-14,386222.04,522922.33,0.35394223,491871.22,618449.39,0.257340061,1.273545187,1.182679252,-0.071348811
2020-06-01,Tampa,avocados,hass,last 04 wks,6,2020-06-14,2266364.68,2559932.7,0.12953256,2749971.72,2779390.81,0.010697961,1.2133844759999999,1.085728078,-0.105206883
2020-06-01,WestTex/NewMexico,avocados,hass,last 04 wks,6,2020-06-14,3649425.6,5340739.55,0.463446617,4138468.73,4488770.69,0.084645308,1.134005508,0.840477362,-0.258841904
2020-07-01,California,avocados,hass,last 04 wks,7,2020-07-12,24855107.56,33932484.62,0.365211739,40705986.75,41854926.46,0.028225325,1.637731265,1.2334766209999999,-0.24683820399999998
2020-07-01,GreatLakes,avocados,hass,last 04 wks,7,2020-07-12,15774270.63,23815854.15,0.5097911470000001,24040215.01,25006631.38,0.040199989,1.524014363,1.04999935,-0.31103054199999997
2020-07-01,Midsouth,avocados,hass,last 04 wks,7,2020-07-12,15315673.15,21253656.98,0.38770635600000003,22122836.63,23918968.8,0.08118905400000001,1.4444573490000001,1.125404857,-0.22088052100000002
2020-07-01,Northeast,avocados,hass,last 04 wks,7,2020-07-12,21708774.2,29747227.69,0.37028592299999996,31781815.7,38604455.74,0.214671185,1.464007843,1.297749698,-0.113563699
2020-07-01,Plains,avocados,hass,last 04 wks,7,2020-07-12,8830253.25,12230409.98,0.385057669,11722216.99,12044547.98,0.027497442999999996,1.327506319,0.984803289,-0.25815547899999997
2020-07-01,SouthCentral,avocados,hass,last 04 wks,7,2020-07-12,26494893.97,36123880.41,0.36342800399999997,30158304.31,30119237.6,-0.001295388,1.138268541,0.833776362,-0.267504695
2020-07-01,Southeast,avocados,hass,last 04 wks,7,2020-07-12,18914037.89,25347729.03,0.340154291,26656211.78,26470601.8,-0.006963104,1.409334799,1.044298752,-0.25901300899999996
2020-07-01,TotalUS,avocados,hass,last 04 wks,7,2020-07-12,157613545.0,219199520.0,0.39074037100000003,225214794.7,236620091.0,0.050641860999999996,1.4289050769999998,1.079473582,-0.244544932
2020-07-01,West,avocados,hass,last 04 wks,7,2020-07-12,25720533.89,36748276.86,0.428752491,38027207.52,38600721.1,0.015081664,1.478476601,1.05040901,-0.289532882
2020-07-01,Albany,avocados,hass,last 04 wks,7,2020-07-12,506725.87,647082.17,0.276986648,676364.47,854421.79,0.263256466,1.334773908,1.320422397,-0.010752016999999999
2020-07-01,Atlanta,avocados,hass,last 04 wks,7,2020-07-12,2851032.67,3827739.95,0.34258017799999996,3713553.11,3628863.64,-0.022805508999999998,1.302529132,0.9480434109999999,-0.272151856
2020-07-01,Baltimore/Washington,avocados,hass,last 04 wks,7,2020-07-12,3793374.75,4957896.52,0.306988327,5763044.39,6618076.88,0.148364724,1.519239403,1.3348557909999998,-0.121365738
2020-07-01,Boise,avocados,hass,last 04 wks,7,2020-07-12,400956.48,613407.49,0.529860523,673229.53,722455.65,0.073119371,1.679058859,1.1777744190000001,-0.298550845
2020-07-01,Boston,avocados,hass,last 04 wks,7,2020-07-12,2888391.37,3656148.4,0.265807826,4368823.56,5306748.31,0.214685884,1.512545566,1.451458674,-0.040386811
2020-07-01,Buffalo/Rochester,avocados,hass,last 04 wks,7,2020-07-12,740890.08,1048540.37,0.415244175,1005080.62,1133815.78,0.12808441199999998,1.356585339,1.081327732,-0.202904748
2020-07-01,Charlotte,avocados,hass,last 04 wks,7,2020-07-12,1155560.66,1629765.82,0.410368037,1821486.15,2010926.54,0.10400320099999999,1.5762791280000001,1.233874533,-0.21722332600000002
2020-07-01,Chicago,avocados,hass,last 04 wks,7,2020-07-12,3026722.68,5176516.05,0.710271008,5535672.73,6095667.67,0.101161136,1.8289329140000001,1.177561822,-0.35614816
2020-07-01,Cincinnati/Dayton,avocados,hass,last 04 wks,7,2020-07-12,1193609.46,1737989.64,0.456078976,1876810.77,1708556.65,-0.089648953,1.57238262,0.9830649220000001,-0.374792808
2020-07-01,Columbus,avocados,hass,last 04 wks,7,2020-07-12,880805.29,1319241.78,0.497767776,1252725.07,1212080.99,-0.032444533,1.422249712,0.918770925,-0.35400168
2020-07-01,Dallas/FtWorth,avocados,hass,last 04 wks,7,2020-07-12,5815649.9,7975731.88,0.371425725,6521132.74,6122646.37,-0.061106925,1.121307653,0.767659503,-0.315389045
2020-07-01,Denver,avocados,hass,last 04 wks,7,2020-07-12,3656764.08,4646952.87,0.270782793,5211953.78,4847013.17,-0.070019924,1.425291232,1.043051932,-0.268183295
2020-07-01,Detroit,avocados,hass,last 04 wks,7,2020-07-12,1968347.69,2689443.48,0.366345739,2756972.38,2685735.5,-0.025838807999999998,1.400653144,0.998621284,-0.287031705
2020-07-01,GrandRapids,avocados,hass,last 04 wks,7,2020-07-12,754093.46,964242.94,0.278678295,1211773.77,1317344.6,0.087120907,1.6069278340000002,1.366195743,-0.1498089
2020-07-01,Harrisburg/Scranton,avocados,hass,last 04 wks,7,2020-07-12,1534290.6,1908421.34,0.243846075,1779787.24,2108394.97,0.184633153,1.160006612,1.104784843,-0.047604702
2020-07-01,Hartford/Springfield,avocados,hass,last 04 wks,7,2020-07-12,1446393.53,1866221.24,0.29025828800000003,2258739.65,2725032.23,0.206439277,1.561635615,1.460187127,-0.064962971
2020-07-01,Houston,avocados,hass,last 04 wks,7,2020-07-12,5002347.99,7000667.67,0.39947634299999996,5256336.98,5708264.23,0.08597760199999999,1.050773955,0.815388546,-0.22401146100000002
2020-07-01,Indianapolis,avocados,hass,last 04 wks,7,2020-07-12,870020.81,1371882.46,0.576838674,1234223.36,1296861.77,0.050751276,1.418613608,0.9453155120000001,-0.333634256
2020-07-01,Jacksonville,avocados,hass,last 04 wks,7,2020-07-12,792500.76,971382.89,0.22571856,1187957.19,1116078.52,-0.060506110999999994,1.498998171,1.1489583890000001,-0.233515817
2020-07-01,LasVegas,avocados,hass,last 04 wks,7,2020-07-12,1459051.21,1882467.37,0.290199657,1941455.6,1855724.46,-0.044158177,1.330628827,0.985793693,-0.25915200899999996
2020-07-01,LosAngeles,avocados,hass,last 04 wks,7,2020-07-12,11474016.63,16091295.2,0.40241170299999995,18145433.52,18446197.1,0.016575166000000002,1.58143692,1.146346324,-0.27512358600000003
2020-07-01,Louisville,avocados,hass,last 04 wks,7,2020-07-12,467030.88,680207.23,0.45645022399999996,682064.4,663045.87,-0.027883775,1.4604267709999998,0.974770395,-0.332544148
2020-07-01,Miami/FTLauderdale,avocados,hass,last 04 wks,7,2020-07-12,3183713.15,4473590.59,0.40514876200000005,4921724.18,4926188.41,0.0009070460000000001,1.545906917,1.101171042,-0.287686063
2020-07-01,Nashville,avocados,hass,last 04 wks,7,2020-07-12,1047684.2,1479785.98,0.41243514,1397657.32,1348121.07,-0.035442343,1.3340444759999999,0.911024356,-0.317095965
2020-07-01,NewOrleans/Mobile,avocados,hass,last 04 wks,7,2020-07-12,1281446.16,1739848.91,0.357722989,1580520.04,1583754.06,0.002046175,1.233387784,0.9102825259999999,-0.261965671
2020-07-01,NewYork,avocados,hass,last 04 wks,7,2020-07-12,6857984.42,10263723.99,0.49660940600000003,10986662.89,13869024.66,0.262350979,1.6020250580000002,1.351266331,-0.156526095
2020-07-01,NorthernNewEngland,avocados,hass,last 04 wks,7,2020-07-12,2288837.86,2959773.24,0.293133643,3312150.98,3838927.92,0.159043758,1.447088515,1.297034471,-0.103693756
2020-07-01,Orlando,avocados,hass,last 04 wks,7,2020-07-12,1842136.55,2601805.3,0.41238460299999996,2579008.43,2698504.56,0.046334137000000004,1.40000937,1.037166217,-0.25917194600000004
2020-07-01,Philadelphia,avocados,hass,last 04 wks,7,2020-07-12,2230199.26,3186354.1,0.428730678,3013204.63,3681713.29,0.221859695,1.3510921130000002,1.155462693,-0.144793547
2020-07-01,Phoenix/Tucson,avocados,hass,last 04 wks,7,2020-07-12,4145535.88,5946324.55,0.43439225299999995,4988372.41,5052642.79,0.012884038,1.2033118409999999,0.8497085459999999,-0.293858402
2020-07-01,Pittsburgh,avocados,hass,last 04 wks,7,2020-07-12,609685.46,777656.88,0.275505045,863456.73,842646.47,-0.024101103,1.4162331019999999,1.083571035,-0.23489217
2020-07-01,Portland,avocados,hass,last 04 wks,7,2020-07-12,2230750.6,3754624.77,0.683121712,3910204.3,4266947.44,0.09123388800000001,1.7528648430000002,1.1364510970000001,-0.351660739
2020-07-01,Raleigh/Greensboro,avocados,hass,last 04 wks,7,2020-07-12,1527558.25,2162587.3,0.41571511299999997,2220836.39,2512060.39,0.131132577,1.4538472690000002,1.161599529,-0.20101681
2020-07-01,Richmond/Norfolk,avocados,hass,last 04 wks,7,2020-07-12,1265010.62,1773024.05,0.401588273,1716265.69,1821695.61,0.061429835999999995,1.356720381,1.027451156,-0.24269497899999998
2020-07-01,Roanoke,avocados,hass,last 04 wks,7,2020-07-12,778054.85,1068561.51,0.37337555299999997,1050152.04,1009811.73,-0.038413781,1.349714663,0.9450197490000001,-0.299837384
2020-07-01,Sacramento,avocados,hass,last 04 wks,7,2020-07-12,1969268.31,2539379.72,0.289504181,3447548.71,3317326.87,-0.037772299,1.750674955,1.306353218,-0.253800247
2020-07-01,SanDiego,avocados,hass,last 04 wks,7,2020-07-12,2008886.29,3104218.82,0.545243668,3433036.15,3603224.25,0.049573640999999995,1.708925073,1.1607507259999998,-0.32077143399999997
2020-07-01,SanFrancisco,avocados,hass,last 04 wks,7,2020-07-12,3758690.8,4726048.69,0.257365647,6528416.3,6817491.56,0.044279538,1.7368857,1.442535193,-0.16947028
2020-07-01,Seattle,avocados,hass,last 04 wks,7,2020-07-12,2173490.27,3300623.85,0.518582299,4361895.83,4650257.34,0.066109215,2.006862368,1.408902544,-0.297957565
2020-07-01,SouthCarolina,avocados,hass,last 04 wks,7,2020-07-12,1796492.25,2601781.33,0.448256362,2642366.97,2924263.51,0.10668334199999999,1.470847965,1.123946688,-0.235851213
2020-07-01,Spokane,avocados,hass,last 04 wks,7,2020-07-12,359441.63,572202.17,0.591919584,649104.58,729181.36,0.12336499,1.805869231,1.274342179,-0.29433308
2020-07-01,StLouis,avocados,hass,last 04 wks,7,2020-07-12,851871.38,1200241.9,0.408947323,1306471.32,1170544.13,-0.104041465,1.5336485659999999,0.975256846,-0.36409366
2020-07-01,Syracuse,avocados,hass,last 04 wks,7,2020-07-12,355922.37,451174.96,0.267621813,487499.64,535534.1,0.098532298,1.369679686,1.1869765559999998,-0.133391137
2020-07-01,Tampa,avocados,hass,last 04 wks,7,2020-07-12,2038119.56,2623420.05,0.28717672,2775768.56,2713244.05,-0.022525116,1.361926265,1.034239275,-0.24060553
2020-07-01,WestTex/NewMexico,avocados,hass,last 04 wks,7,2020-07-12,3382402.22,4709713.08,0.392416624,4018657.24,4166753.17,0.036852092999999995,1.1881074390000002,0.884714865,-0.255357861
2020-08-01,California,avocados,hass,last 04 wks,8,2020-08-09,22976666.03,32754026.76,0.425534354,38407791.77,40907200.5,0.065075564,1.6715998619999999,1.248921264,-0.252858718
2020-08-01,GreatLakes,avocados,hass,last 04 wks,8,2020-08-09,14508522.21,22881738.4,0.577123987,23052128.96,22820617.46,-0.010042955,1.5888681580000001,0.997328833,-0.372302335
2020-08-01,Midsouth,avocados,hass,last 04 wks,8,2020-08-09,14635044.71,21028897.02,0.436886421,21168171.24,21521495.72,0.016691308999999998,1.4464029090000001,1.023424847,-0.292434466
2020-08-01,Northeast,avocados,hass,last 04 wks,8,2020-08-09,19756942.81,29050495.85,0.470394288,30417164.24,34081096.42,0.12045607400000001,1.53956837,1.17316746,-0.237989373
2020-08-01,Plains,avocados,hass,last 04 wks,8,2020-08-09,7707454.6,10831660.78,0.40534863200000004,11169174.8,10515114.03,-0.058559453,1.4491392269999999,0.970775788,-0.33010178
2020-08-01,SouthCentral,avocados,hass,last 04 wks,8,2020-08-09,24638772.8,34642209.93,0.406003871,28407751.08,27904172.95,-0.017726786,1.1529694,0.80549633,-0.301372326
2020-08-01,Southeast,avocados,hass,last 04 wks,8,2020-08-09,18390832.06,23847820.97,0.296723329,24329385.6,22798261.23,-0.062933129,1.3229083670000001,0.9559892809999999,-0.27735789899999996
2020-08-01,TotalUS,avocados,hass,last 04 wks,8,2020-08-09,147339767.6,212184255.9,0.440101742,213342705.6,217993802.7,0.02180106,1.447964179,1.027379726,-0.29046606199999997
2020-08-01,West,avocados,hass,last 04 wks,8,2020-08-09,24725532.25,37147405.74,0.50239054,36391137.97,37445844.11,0.028982499999999998,1.4718040280000002,1.008033895,-0.315103182
2020-08-01,Albany,avocados,hass,last 04 wks,8,2020-08-09,419226.44,631266.24,0.505788232,633041.55,749400.81,0.18380983,1.51002296,1.1871390590000002,-0.213827147
2020-08-01,Atlanta,avocados,hass,last 04 wks,8,2020-08-09,2686693.54,4012599.52,0.49350845600000004,3627348.24,3564590.67,-0.017301226,1.3501161130000001,0.888349473,-0.342019946
2020-08-01,Baltimore/Washington,avocados,hass,last 04 wks,8,2020-08-09,3791079.72,4916410.79,0.29683656199999997,5571236.2,5889609.23,0.05714585,1.4695645069999999,1.197948968,-0.18482723199999998
2020-08-01,Boise,avocados,hass,last 04 wks,8,2020-08-09,378452.68,618275.57,0.6336932,661715.04,708095.08,0.070090654,1.748474974,1.1452742340000002,-0.344986774
2020-08-01,Boston,avocados,hass,last 04 wks,8,2020-08-09,2558559.38,3237189.02,0.26523896399999997,4071086.87,4527745.77,0.112171249,1.591163724,1.3986658619999999,-0.120979293
2020-08-01,Buffalo/Rochester,avocados,hass,last 04 wks,8,2020-08-09,700669.74,970402.49,0.384964177,974415.3,1019974.52,0.04675544400000001,1.3906912830000002,1.051083989,-0.24420034699999998
2020-08-01,Charlotte,avocados,hass,last 04 wks,8,2020-08-09,1102513.63,1722158.33,0.562029061,1734252.39,1806937.07,0.041911247,1.572998594,1.0492281909999999,-0.33297576
2020-08-01,Chicago,avocados,hass,last 04 wks,8,2020-08-09,2766394.83,4594903.24,0.6609715970000001,5184158.56,5683331.11,0.096288056,1.873976377,1.236877212,-0.33997182299999995
2020-08-01,Cincinnati/Dayton,avocados,hass,last 04 wks,8,2020-08-09,1126141.04,1679525.22,0.491398644,1814619.87,1581649.12,-0.128385429,1.611361104,0.9417239470000001,-0.415572372
2020-08-01,Columbus,avocados,hass,last 04 wks,8,2020-08-09,826135.92,1274872.84,0.5431756560000001,1232892.84,1111666.98,-0.09832635599999999,1.4923607730000001,0.8719826359999999,-0.415702522
2020-08-01,Dallas/FtWorth,avocados,hass,last 04 wks,8,2020-08-09,5451593.65,7712080.08,0.414646904,6110262.34,5816616.6,-0.04805779599999999,1.120821311,0.754221499,-0.327081407
2020-08-01,Denver,avocados,hass,last 04 wks,8,2020-08-09,3204684.07,4547782.95,0.419104926,4868009.38,4740373.7,-0.026219276,1.519029419,1.0423482720000001,-0.313806396
2020-08-01,Detroit,avocados,hass,last 04 wks,8,2020-08-09,1735597.45,2767437.16,0.594515572,2722669.32,2556963.01,-0.06086171,1.5687216640000001,0.9239461859999999,-0.411019681
2020-08-01,GrandRapids,avocados,hass,last 04 wks,8,2020-08-09,724132.93,1142183.13,0.577311406,1203185.46,1208092.93,0.0040787309999999995,1.6615533009999999,1.057705107,-0.36342390799999996
2020-08-01,Harrisburg/Scranton,avocados,hass,last 04 wks,8,2020-08-09,1320924.84,1763955.22,0.33539408600000004,1576976.32,1824521.79,0.156974754,1.193842581,1.034335662,-0.133607999
2020-08-01,Hartford/Springfield,avocados,hass,last 04 wks,8,2020-08-09,1267173.02,1802134.21,0.42216901799999995,2015536.35,2441903.02,0.211540055,1.590577071,1.355006196,-0.14810403
2020-08-01,Houston,avocados,hass,last 04 wks,8,2020-08-09,4483043.68,6430556.05,0.43441744200000004,4806691.38,5373759.89,0.117974812,1.072193742,0.8356602209999999,-0.22060707100000002
2020-08-01,Indianapolis,avocados,hass,last 04 wks,8,2020-08-09,820273.31,1316758.42,0.605267908,1195243.75,1159383.9,-0.030002123,1.457128661,0.880483377,-0.395740815
2020-08-01,Jacksonville,avocados,hass,last 04 wks,8,2020-08-09,762488.68,927363.84,0.21623292800000002,1042758.9,960773.04,-0.078623985,1.367572959,1.03602599,-0.242434575
2020-08-01,LasVegas,avocados,hass,last 04 wks,8,2020-08-09,1330108.08,1865707.06,0.40267327700000005,1806733.87,1781761.08,-0.013822063,1.358336136,0.9550058090000001,-0.29692969
2020-08-01,LosAngeles,avocados,hass,last 04 wks,8,2020-08-09,10518753.48,15163752.31,0.44159213700000005,16835018.43,18106635.78,0.075534063,1.600476564,1.194073565,-0.25392624199999997
2020-08-01,Louisville,avocados,hass,last 04 wks,8,2020-08-09,431676.99,664459.33,0.539251212,652913.88,609020.38,-0.06722709,1.512505635,0.9165653220000001,-0.394008656
2020-08-01,Miami/FTLauderdale,avocados,hass,last 04 wks,8,2020-08-09,3176673.05,3795796.4,0.19489678,4284084.73,3968355.53,-0.07369816900000001,1.348607383,1.045460586,-0.22478506399999998
2020-08-01,Nashville,avocados,hass,last 04 wks,8,2020-08-09,1009105.7,1443078.25,0.43005658399999996,1377782.28,1228323.86,-0.108477531,1.365349814,0.851183129,-0.37658238200000005
2020-08-01,NewOrleans/Mobile,avocados,hass,last 04 wks,8,2020-08-09,1307765.64,1763122.93,0.34819487200000004,1469560.52,1499875.18,0.020628385,1.123718559,0.850692345,-0.24296672100000002
2020-08-01,NewYork,avocados,hass,last 04 wks,8,2020-08-09,6563777.52,10565592.07,0.609681626,10610356.05,12396906.01,0.16837794600000003,1.616501476,1.1733280940000002,-0.274155878
2020-08-01,NorthernNewEngland,avocados,hass,last 04 wks,8,2020-08-09,2106433.11,2923514.74,0.387898209,3582871.01,3353594.47,-0.063992407,1.7009184830000001,1.147110505,-0.325593486
2020-08-01,Orlando,avocados,hass,last 04 wks,8,2020-08-09,1815178.34,2333025.1,0.285286987,2299260.75,2236842.37,-0.027147152,1.266685867,0.958773384,-0.24308511800000002
2020-08-01,Philadelphia,avocados,hass,last 04 wks,8,2020-08-09,2085070.72,3125616.66,0.499045874,2944917.17,3264722.87,0.108595822,1.4123823919999998,1.044505205,-0.260465713
2020-08-01,Phoenix/Tucson,avocados,hass,last 04 wks,8,2020-08-09,4273957.5,6069408.98,0.420091094,5132476.42,4789493.92,-0.06682592799999999,1.200872124,0.789120314,-0.342877315
2020-08-01,Pittsburgh,avocados,hass,last 04 wks,8,2020-08-09,536330.51,773167.03,0.441586886,844384.92,757157.91,-0.103302425,1.5743742040000002,0.9792940990000001,-0.377978821
2020-08-01,Portland,avocados,hass,last 04 wks,8,2020-08-09,2352368.91,3992632.42,0.69728158,3629586.14,4280059.67,0.179214242,1.542949375,1.071989409,-0.30523358300000003
2020-08-01,Raleigh/Greensboro,avocados,hass,last 04 wks,8,2020-08-09,1497131.37,2208188.33,0.47494627,2191311.65,2255910.81,0.029479677000000003,1.463673592,1.021611599,-0.302022251
2020-08-01,Richmond/Norfolk,avocados,hass,last 04 wks,8,2020-08-09,1214353.34,1727359.08,0.422451788,1672526.41,1658713.05,-0.008258979,1.3772979859999999,0.960259548,-0.302794633
2020-08-01,Roanoke,avocados,hass,last 04 wks,8,2020-08-09,718855.44,1026205.88,0.427555281,989971.42,931459.72,-0.059104434000000004,1.377149514,0.907673341,-0.34090428700000003
2020-08-01,Sacramento,avocados,hass,last 04 wks,8,2020-08-09,1905939.99,2420489.83,0.26997169,3274843.45,3249701.15,-0.007677405,1.718230095,1.342579964,-0.21862620800000002
2020-08-01,SanDiego,avocados,hass,last 04 wks,8,2020-08-09,1840944.1,3058246.03,0.6612378560000001,3288344.39,3574520.53,0.087027424,1.7862271809999999,1.16881392,-0.345652148
2020-08-01,SanFrancisco,avocados,hass,last 04 wks,8,2020-08-09,3429348.6,4664170.22,0.36007468600000003,6275331.63,6565310.22,0.046209285,1.8298902680000002,1.407605192,-0.23077071
2020-08-01,Seattle,avocados,hass,last 04 wks,8,2020-08-09,2140141.46,3236608.81,0.512334054,4202429.55,4508015.93,0.072716598,1.963622325,1.3928207559999999,-0.29068806199999997
2020-08-01,SouthCarolina,avocados,hass,last 04 wks,8,2020-08-09,1703777.73,2693443.57,0.58086558,2457494.5,2578734.35,0.049334739,1.442379752,0.9574116859999999,-0.33622772700000003
2020-08-01,Spokane,avocados,hass,last 04 wks,8,2020-08-09,347874.13,573939.58,0.649848409,587847.23,701573.8,0.19346279800000002,1.689827381,1.2223826770000001,-0.27662275399999997
2020-08-01,StLouis,avocados,hass,last 04 wks,8,2020-08-09,857473.57,1122951.51,0.309604808,1238075.37,1064133.3,-0.140493926,1.443864176,0.9476217720000001,-0.343690502
2020-08-01,Syracuse,avocados,hass,last 04 wks,8,2020-08-09,311900.13,430316.56,0.37966136799999994,453537.83,474337.69,0.045861356,1.454112347,1.10229941,-0.241943436
2020-08-01,Tampa,avocados,hass,last 04 wks,8,2020-08-09,2025940.28,2312145.62,0.141270373,2468116.96,2161730.57,-0.124137711,1.21825751,0.934945685,-0.23255495899999998
2020-08-01,WestTex/NewMexico,avocados,hass,last 04 wks,8,2020-08-09,3224537.66,4669501.31,0.448114987,4181141.94,3782766.99,-0.09527898300000001,1.296664012,0.810100852,-0.37524228
2020-09-01,California,avocados,hass,last 04 wks,9,2020-09-06,24956899.23,33950926.0,0.36038238100000003,36952674.18,39076519.88,0.05747475,1.48065967,1.150970665,-0.222663595
2020-09-01,GreatLakes,avocados,hass,last 04 wks,9,2020-09-06,17488878.27,21752467.24,0.24378859,21579613.01,20627812.07,-0.044106488,1.233904924,0.948297581,-0.231466248
2020-09-01,Midsouth,avocados,hass,last 04 wks,9,2020-09-06,16137804.98,20017253.68,0.24039506600000002,20673839.35,20257262.27,-0.020149962,1.281081248,1.011990086,-0.21005003600000002
2020-09-01,Northeast,avocados,hass,last 04 wks,9,2020-09-06,21180704.21,28639919.94,0.35217033700000006,30585898.29,32336721.55,0.057242826,1.444045391,1.1290786290000001,-0.21811417
2020-09-01,Plains,avocados,hass,last 04 wks,9,2020-09-06,7639617.45,10853386.36,0.420671445,10683197.9,10200393.1,-0.04519291,1.398394353,0.9398350670000001,-0.327918433
2020-09-01,SouthCentral,avocados,hass,last 04 wks,9,2020-09-06,29184782.27,35756720.77,0.22518374300000002,28706050.23,27450384.11,-0.043742210999999996,0.9835965179999999,0.76769859,-0.219498468
2020-09-01,Southeast,avocados,hass,last 04 wks,9,2020-09-06,20012695.0,24705598.28,0.23449631699999998,22450753.85,22427255.13,-0.001046678,1.121825614,0.907780288,-0.19080089
2020-09-01,TotalUS,avocados,hass,last 04 wks,9,2020-09-06,162566247.6,211703950.4,0.30226263800000003,206606680.0,208579447.7,0.009548421,1.270907603,0.985241169,-0.224773566
2020-09-01,West,avocados,hass,last 04 wks,9,2020-09-06,25964865.94,36027677.92,0.38755493700000004,34974652.96,36203099.68,0.035123914,1.3469991730000002,1.004869083,-0.25399428399999996
2020-09-01,Albany,avocados,hass,last 04 wks,9,2020-09-06,451180.07,616598.95,0.36663605299999996,604398.52,662186.89,0.095613024,1.3395948979999999,1.073934508,-0.198313976
2020-09-01,Atlanta,avocados,hass,last 04 wks,9,2020-09-06,3043003.05,3931793.19,0.292076651,3529022.27,3291415.13,-0.067329453,1.159716968,0.8371282440000001,-0.278161597
2020-09-01,Baltimore/Washington,avocados,hass,last 04 wks,9,2020-09-06,4102721.05,4481203.66,0.092251607,5772472.49,5272578.92,-0.086599559,1.406986344,1.176598816,-0.16374539
2020-09-01,Boise,avocados,hass,last 04 wks,9,2020-09-06,416091.5,573237.51,0.377671762,649105.99,663735.29,0.022537613999999997,1.560007811,1.157871351,-0.257778491
2020-09-01,Boston,avocados,hass,last 04 wks,9,2020-09-06,2644501.16,3567245.1,0.348929301,3964734.12,4580133.96,0.155218439,1.499237051,1.2839414820000001,-0.143603421
2020-09-01,Buffalo/Rochester,avocados,hass,last 04 wks,9,2020-09-06,694680.91,910480.85,0.310646135,925619.9,932717.94,0.007668418000000001,1.332438947,1.024423457,-0.231166681
2020-09-01,Charlotte,avocados,hass,last 04 wks,9,2020-09-06,1234425.75,1572330.7,0.27373452800000003,1695595.49,1803780.35,0.06380346099999999,1.373590506,1.147201635,-0.164815401
2020-09-01,Chicago,avocados,hass,last 04 wks,9,2020-09-06,3320143.53,4273340.05,0.287094974,4937132.78,5256383.22,0.064663126,1.4870239,1.230040942,-0.172816965
2020-09-01,Cincinnati/Dayton,avocados,hass,last 04 wks,9,2020-09-06,1474167.78,1653470.77,0.121629975,1691490.19,1443172.19,-0.14680428,1.147420404,0.872813851,-0.239325144
2020-09-01,Columbus,avocados,hass,last 04 wks,9,2020-09-06,1072647.89,1234078.96,0.150497728,1139395.67,1021548.29,-0.103429724,1.062227112,0.827781952,-0.220710955
2020-09-01,Dallas/FtWorth,avocados,hass,last 04 wks,9,2020-09-06,6447126.45,8033633.56,0.24607972600000003,6106817.12,5901395.52,-0.03363808,0.947215347,0.734586097,-0.224478257
2020-09-01,Denver,avocados,hass,last 04 wks,9,2020-09-06,3488392.8,4458513.96,0.278099748,4841281.42,4750060.32,-0.018842346,1.387825769,1.065390927,-0.232330923
2020-09-01,Detroit,avocados,hass,last 04 wks,9,2020-09-06,2252376.59,2717787.01,0.206630819,2523091.61,2189956.72,-0.132034401,1.120190834,0.805786735,-0.280670123
2020-09-01,GrandRapids,avocados,hass,last 04 wks,9,2020-09-06,667828.99,882707.35,0.32175656199999997,1023924.85,1003552.67,-0.019896167,1.533214139,1.13690304,-0.258483853
2020-09-01,Harrisburg/Scranton,avocados,hass,last 04 wks,9,2020-09-06,1355191.28,1778108.93,0.312072293,1657586.29,1797497.14,0.084406375,1.22313825,1.010903837,-0.17351629100000002
2020-09-01,Hartford/Springfield,avocados,hass,last 04 wks,9,2020-09-06,1352683.69,1809075.11,0.33739700100000003,2018415.83,2410114.96,0.194062653,1.4921565509999999,1.332235984,-0.107174121
2020-09-01,Houston,avocados,hass,last 04 wks,9,2020-09-06,5964057.69,6995797.39,0.17299291100000003,5333350.53,5371571.93,0.007166489,0.894248649,0.767828402,-0.141370353
2020-09-01,Indianapolis,avocados,hass,last 04 wks,9,2020-09-06,1088010.25,1392881.15,0.280209584,1197117.14,1051385.27,-0.121735681,1.100281123,0.7548276970000001,-0.31396833
2020-09-01,Jacksonville,avocados,hass,last 04 wks,9,2020-09-06,895398.09,993030.18,0.109037635,985216.54,965496.95,-0.020015488,1.100311192,0.972273521,-0.116364963
2020-09-01,LasVegas,avocados,hass,last 04 wks,9,2020-09-06,1278332.96,1961660.54,0.534545851,1696465.96,1879872.85,0.10811115199999999,1.327092403,0.95830691,-0.277889838
2020-09-01,LosAngeles,avocados,hass,last 04 wks,9,2020-09-06,11849587.88,16054371.44,0.35484639700000004,16129937.32,17482437.81,0.083850325,1.3612234859999999,1.088951871,-0.200019775
2020-09-01,Louisville,avocados,hass,last 04 wks,9,2020-09-06,484777.24,655569.97,0.352311775,619622.17,571396.85,-0.077830204,1.278158541,0.871603149,-0.318079002
2020-09-01,Miami/FTLauderdale,avocados,hass,last 04 wks,9,2020-09-06,3424871.94,4028374.76,0.176211791,3843240.45,3859986.15,0.004357182,1.122155957,0.9581993679999999,-0.146108558
2020-09-01,Nashville,avocados,hass,last 04 wks,9,2020-09-06,1151845.96,1371426.01,0.19063317300000002,1326832.03,1187670.86,-0.104882281,1.151917944,0.86601162,-0.24820025199999998
2020-09-01,NewOrleans/Mobile,avocados,hass,last 04 wks,9,2020-09-06,1306563.81,1722652.6,0.31846036699999997,1353251.77,1433918.36,0.059609447,1.035733394,0.8323897459999999,-0.19632817600000002
2020-09-01,NewYork,avocados,hass,last 04 wks,9,2020-09-06,7576981.04,10249473.12,0.35271199299999995,11629518.81,11642645.99,0.0011287810000000001,1.534848609,1.1359262909999999,-0.25990988
2020-09-01,NorthernNewEngland,avocados,hass,last 04 wks,9,2020-09-06,2162696.29,2864030.32,0.324286879,3040223.48,2978820.49,-0.020196867,1.40575609,1.040079942,-0.260127735
2020-09-01,Orlando,avocados,hass,last 04 wks,9,2020-09-06,1962626.23,2508193.24,0.277978049,2113232.98,2259911.09,0.069409342,1.076737357,0.9010115540000001,-0.163202105
2020-09-01,Philadelphia,avocados,hass,last 04 wks,9,2020-09-06,2334303.58,3031810.19,0.29880715399999996,3191523.71,3092846.68,-0.03091847,1.367227355,1.020132029,-0.253868038
2020-09-01,Phoenix/Tucson,avocados,hass,last 04 wks,9,2020-09-06,5072698.0,6200778.82,0.222382807,5123685.32,4962809.4,-0.031398478,1.010051322,0.8003525920000001,-0.207611955
2020-09-01,Pittsburgh,avocados,hass,last 04 wks,9,2020-09-06,558719.39,696791.42,0.24712231699999998,707674.05,765304.08,0.08143583900000001,1.266600126,1.098325924,-0.132855034
2020-09-01,Portland,avocados,hass,last 04 wks,9,2020-09-06,2298091.23,3538089.23,0.53957736,3567786.29,3858719.04,0.081544332,1.55249985,1.090622307,-0.297505692
2020-09-01,Raleigh/Greensboro,avocados,hass,last 04 wks,9,2020-09-06,1680117.83,2121282.64,0.262579685,2160870.75,2196284.24,0.016388528,1.286142383,1.035356722,-0.19499059
2020-09-01,Richmond/Norfolk,avocados,hass,last 04 wks,9,2020-09-06,1310844.25,1665000.42,0.270174103,1581812.72,1553284.12,-0.018035383999999998,1.206712941,0.93290314,-0.226905498
2020-09-01,Roanoke,avocados,hass,last 04 wks,9,2020-09-06,832956.7,1068060.38,0.282251983,979749.81,933364.07,-0.047344475,1.176231382,0.8738869890000001,-0.257044997
2020-09-01,Sacramento,avocados,hass,last 04 wks,9,2020-09-06,1890007.31,2600249.62,0.37578812899999997,3085160.04,3105873.05,0.006713755,1.632353496,1.194451881,-0.268263961
2020-09-01,SanDiego,avocados,hass,last 04 wks,9,2020-09-06,2056574.55,3140620.64,0.52711247,3158648.25,3440927.65,0.089367153,1.5358783130000002,1.095620275,-0.286649036
2020-09-01,SanFrancisco,avocados,hass,last 04 wks,9,2020-09-06,3692064.83,4701300.46,0.27335263,6259202.53,6259587.71,6.1505,1.695312195,1.331458766,-0.21462325899999998
2020-09-01,Seattle,avocados,hass,last 04 wks,9,2020-09-06,2189231.07,3096507.78,0.41442711200000004,4102483.57,4190649.52,0.021490872,1.873938127,1.3533470019999998,-0.27780593
2020-09-01,SouthCarolina,avocados,hass,last 04 wks,9,2020-09-06,1793424.22,2485344.9,0.385809823,2236384.42,2465265.62,0.102344301,1.246991311,0.991920928,-0.204548645
2020-09-01,Spokane,avocados,hass,last 04 wks,9,2020-09-06,351836.38,538579.48,0.5307668870000001,566237.94,631711.42,0.115628917,1.6093785980000002,1.172921441,-0.271196074
2020-09-01,StLouis,avocados,hass,last 04 wks,9,2020-09-06,847987.07,1084121.37,0.278464505,1110354.67,1025346.34,-0.07655961900000001,1.309400472,0.9457855629999999,-0.277695722
2020-09-01,Syracuse,avocados,hass,last 04 wks,9,2020-09-06,318909.46,416775.5,0.306877193,432835.08,441290.38,0.019534692,1.357234997,1.058820348,-0.21986955100000002
2020-09-01,Tampa,avocados,hass,last 04 wks,9,2020-09-06,2142073.96,2538142.16,0.184899405,2226453.5,2210341.55,-0.007236598,1.039391516,0.870850177,-0.162153852
2020-09-01,WestTex/NewMexico,avocados,hass,last 04 wks,9,2020-09-06,3268452.46,4800684.01,0.468794198,3717653.37,3766062.83,0.01302151,1.137435351,0.7844846320000001,-0.310303982
